trial_id,condition_pct,spike_time_ms
0,6.0,54.5
0,6.0,777.5
1,6.0,612.5
1,6.0,750.5
2,6.0,607.5
2,6.0,642.5
2,6.0,664.5
3,6.0,299.5
4,6.0,193.5
4,6.0,221.5
5,6.0,743.5
6,6.0,468.5
6,6.0,488.5
8,6.0,89.5
8,6.0,376.5
8,6.0,562.5
9,6.0,138.5
9,6.0,497.5
9,6.0,590.5
10,6.0,571.5
10,6.0,646.5
10,6.0,701.5
11,6.0,96.5
11,6.0,429.5
12,6.0,122.5
12,6.0,557.5
13,6.0,343.5
14,6.0,157.5
14,6.0,225.5
15,6.0,287.5
15,6.0,296.5
16,6.0,26.5
16,6.0,640.5
17,6.0,132.5
17,6.0,575.5
17,6.0,732.5
18,6.0,577.5
18,6.0,604.5
18,6.0,695.5
18,6.0,749.5
18,6.0,752.5
19,6.0,89.5
19,6.0,349.5
19,6.0,621.5
19,6.0,658.5
19,6.0,665.5
20,6.0,661.5
21,6.0,607.5
22,6.0,89.5
22,6.0,135.5
22,6.0,348.5
22,6.0,567.5
22,6.0,645.5
23,6.0,717.5
25,6.0,32.5
25,6.0,209.5
25,6.0,266.5
25,6.0,469.5
25,6.0,562.5
26,6.0,117.5
26,6.0,610.5
27,6.0,672.5
27,6.0,723.5
27,6.0,730.5
27,6.0,747.5
28,6.0,84.5
28,6.0,401.5
29,6.0,503.5
30,6.0,119.5
30,6.0,197.5
30,6.0,653.5
31,6.0,571.5
32,6.0,106.5
32,6.0,428.5
32,6.0,487.5
32,6.0,683.5
33,6.0,371.5
34,6.0,161.5
36,6.0,75.5
36,6.0,564.5
37,6.0,438.5
38,6.0,543.5
38,6.0,736.5
39,6.0,20.5
39,6.0,711.5
40,6.0,29.5
40,6.0,330.5
40,6.0,379.5
40,6.0,714.5
41,6.0,57.5
41,6.0,572.5
41,6.0,758.5
42,6.0,45.5
42,6.0,476.5
43,6.0,70.5
43,6.0,226.5
45,6.0,225.5
45,6.0,468.5
46,6.0,534.5
47,6.0,3.5
47,6.0,351.5
47,6.0,625.5
48,6.0,380.5
49,6.0,517.5
49,6.0,641.5
50,6.0,434.5
51,6.0,59.5
51,6.0,493.5
51,6.0,549.5
52,6.0,567.5
52,6.0,685.5
53,6.0,188.5
53,6.0,551.5
54,6.0,189.5
54,6.0,250.5
54,6.0,465.5
54,6.0,541.5
55,6.0,217.5
55,6.0,606.5
55,6.0,715.5
56,6.0,183.5
56,6.0,267.5
56,6.0,384.5
56,6.0,523.5
57,6.0,273.5
57,6.0,420.5
57,6.0,444.5
57,6.0,450.5
57,6.0,497.5
57,6.0,661.5
57,6.0,773.5
58,6.0,192.5
58,6.0,646.5
59,6.0,210.5
59,6.0,448.5
59,6.0,487.5
59,6.0,796.5
61,6.0,86.5
61,6.0,205.5
61,6.0,465.5
62,6.0,158.5
62,6.0,262.5
62,6.0,340.5
62,6.0,458.5
62,6.0,473.5
62,6.0,608.5
63,6.0,418.5
63,6.0,506.5
64,6.0,175.5
64,6.0,276.5
65,6.0,579.5
66,6.0,104.5
66,6.0,260.5
66,6.0,427.5
66,6.0,693.5
67,6.0,37.5
67,6.0,205.5
67,6.0,272.5
67,6.0,429.5
67,6.0,717.5
68,6.0,427.5
68,6.0,650.5
69,6.0,186.5
69,6.0,188.5
69,6.0,240.5
69,6.0,342.5
69,6.0,553.5
70,6.0,54.5
70,6.0,492.5
70,6.0,506.5
70,6.0,659.5
70,6.0,703.5
71,6.0,117.5
71,6.0,138.5
71,6.0,407.5
71,6.0,649.5
71,6.0,782.5
72,6.0,204.5
72,6.0,230.5
72,6.0,235.5
72,6.0,278.5
72,6.0,770.5
73,6.0,635.5
74,6.0,106.5
74,6.0,500.5
75,6.0,697.5
75,6.0,777.5
76,6.0,395.5
76,6.0,614.5
76,6.0,757.5
76,6.0,763.5
77,6.0,68.5
77,6.0,553.5
77,6.0,732.5
78,6.0,9.5
78,6.0,289.5
78,6.0,329.5
78,6.0,348.5
78,6.0,504.5
79,6.0,209.5
80,6.0,28.5
80,6.0,157.5
80,6.0,334.5
80,6.0,699.5
82,6.0,156.5
83,6.0,252.5
83,6.0,306.5
83,6.0,534.5
83,6.0,639.5
84,6.0,75.5
84,6.0,252.5
84,6.0,730.5
85,6.0,54.5
85,6.0,123.5
85,6.0,137.5
85,6.0,193.5
85,6.0,489.5
86,6.0,369.5
86,6.0,547.5
86,6.0,583.5
86,6.0,795.5
87,6.0,577.5
88,6.0,158.5
89,6.0,646.5
90,6.0,317.5
90,6.0,515.5
90,6.0,655.5
91,6.0,85.5
91,6.0,579.5
91,6.0,612.5
92,6.0,566.5
93,6.0,550.5
93,6.0,573.5
94,6.0,708.5
95,6.0,475.5
95,6.0,628.5
96,6.0,394.5
97,6.0,430.5
98,6.0,606.5
98,6.0,649.5
99,6.0,473.5
100,6.0,48.5
100,6.0,194.5
100,6.0,694.5
101,6.0,370.5
103,6.0,581.5
104,6.0,180.5
104,6.0,721.5
104,6.0,786.5
105,6.0,165.5
105,6.0,348.5
107,6.0,666.5
107,6.0,707.5
108,6.0,41.5
108,6.0,227.5
109,6.0,617.5
109,6.0,725.5
110,6.0,57.5
110,6.0,451.5
113,6.0,690.5
114,6.0,16.5
115,6.0,15.5
116,6.0,221.5
116,6.0,452.5
117,6.0,324.5
117,6.0,598.5
117,6.0,791.5
118,6.0,398.5
118,6.0,712.5
119,6.0,313.5
119,6.0,642.5
121,6.0,15.5
121,6.0,364.5
122,6.0,290.5
122,6.0,337.5
122,6.0,349.5
122,6.0,472.5
123,6.0,304.5
123,6.0,499.5
123,6.0,583.5
124,6.0,89.5
124,6.0,94.5
124,6.0,679.5
125,6.0,55.5
125,6.0,329.5
126,6.0,422.5
126,6.0,610.5
126,6.0,691.5
128,6.0,92.5
128,6.0,330.5
128,6.0,489.5
129,6.0,623.5
129,6.0,739.5
129,6.0,749.5
130,6.0,144.5
130,6.0,244.5
130,6.0,294.5
130,6.0,332.5
130,6.0,492.5
130,6.0,577.5
130,6.0,601.5
131,6.0,156.5
131,6.0,757.5
132,6.0,129.5
132,6.0,401.5
132,6.0,443.5
132,6.0,489.5
132,6.0,624.5
133,6.0,758.5
134,6.0,547.5
135,6.0,439.5
135,6.0,688.5
136,6.0,169.5
136,6.0,460.5
136,6.0,616.5
137,6.0,227.5
137,6.0,752.5
138,6.0,91.5
138,6.0,793.5
139,6.0,127.5
140,6.0,404.5
140,6.0,629.5
140,6.0,701.5
140,6.0,786.5
142,6.0,63.5
142,6.0,496.5
142,6.0,700.5
142,6.0,796.5
143,6.0,356.5
143,6.0,384.5
143,6.0,391.5
143,6.0,515.5
143,6.0,588.5
143,6.0,681.5
144,6.0,228.5
144,6.0,378.5
144,6.0,485.5
144,6.0,508.5
144,6.0,587.5
145,6.0,209.5
145,6.0,698.5
146,6.0,244.5
146,6.0,544.5
146,6.0,670.5
146,6.0,683.5
146,6.0,760.5
147,6.0,334.5
147,6.0,715.5
149,6.0,630.5
150,6.0,81.5
150,6.0,340.5
151,6.0,167.5
151,6.0,235.5
152,6.0,492.5
152,6.0,562.5
153,6.0,158.5
153,6.0,582.5
154,6.0,154.5
154,6.0,427.5
155,6.0,182.5
155,6.0,417.5
155,6.0,520.5
157,6.0,293.5
157,6.0,394.5
158,6.0,74.5
159,6.0,207.5
160,6.0,600.5
160,6.0,610.5
162,6.0,325.5
162,6.0,645.5
162,6.0,657.5
163,6.0,22.5
165,6.0,328.5
168,6.0,21.5
168,6.0,113.5
168,6.0,601.5
169,6.0,276.5
169,6.0,537.5
169,6.0,608.5
170,6.0,597.5
170,6.0,794.5
172,6.0,205.5
172,6.0,607.5
174,6.0,447.5
174,6.0,449.5
175,6.0,544.5
177,6.0,171.5
178,6.0,95.5
178,6.0,592.5
178,6.0,640.5
178,6.0,798.5
179,6.0,16.5
179,6.0,132.5
179,6.0,248.5
179,6.0,519.5
179,6.0,730.5
180,6.0,68.5
180,6.0,663.5
181,6.0,237.5
183,6.0,455.5
184,6.0,167.5
184,6.0,599.5
185,6.0,505.5
185,6.0,566.5
185,6.0,712.5
186,6.0,232.5
186,6.0,374.5
186,6.0,404.5
186,6.0,555.5
186,6.0,755.5
186,6.0,757.5
187,6.0,533.5
188,6.0,271.5
188,6.0,437.5
188,6.0,688.5
189,6.0,317.5
189,6.0,347.5
190,6.0,323.5
191,6.0,55.5
191,6.0,664.5
192,6.0,261.5
192,6.0,286.5
192,6.0,338.5
192,6.0,663.5
193,6.0,155.5
194,6.0,273.5
194,6.0,677.5
195,6.0,232.5
195,6.0,322.5
195,6.0,459.5
196,6.0,3.5
196,6.0,79.5
196,6.0,691.5
197,6.0,11.5
197,6.0,69.5
197,6.0,106.5
197,6.0,382.5
197,6.0,449.5
198,6.0,484.5
199,6.0,519.5
199,6.0,554.5
201,6.0,290.5
201,6.0,332.5
201,6.0,779.5
202,6.0,68.5
202,6.0,552.5
202,6.0,557.5
203,6.0,141.5
203,6.0,501.5
204,6.0,354.5
205,6.0,0.5
205,6.0,471.5
205,6.0,731.5
205,6.0,757.5
206,6.0,373.5
206,6.0,761.5
206,6.0,780.5
207,6.0,124.5
207,6.0,493.5
208,6.0,256.5
208,6.0,475.5
209,6.0,27.5
209,6.0,603.5
210,6.0,464.5
211,6.0,51.5
211,6.0,100.5
211,6.0,550.5
212,6.0,75.5
212,6.0,505.5
213,6.0,83.5
213,6.0,356.5
213,6.0,666.5
214,6.0,1.5
214,6.0,323.5
214,6.0,538.5
214,6.0,630.5
215,6.0,126.5
215,6.0,224.5
215,6.0,256.5
215,6.0,441.5
216,6.0,768.5
218,6.0,101.5
218,6.0,273.5
218,6.0,543.5
218,6.0,774.5
219,6.0,12.5
219,6.0,267.5
219,6.0,379.5
219,6.0,401.5
219,6.0,555.5
219,6.0,630.5
220,6.0,54.5
221,6.0,28.5
221,6.0,100.5
221,6.0,377.5
221,6.0,437.5
221,6.0,674.5
221,6.0,758.5
224,6.0,94.5
224,6.0,247.5
224,6.0,315.5
224,6.0,770.5
225,6.0,28.5
225,6.0,73.5
225,6.0,91.5
225,6.0,564.5
226,6.0,207.5
226,6.0,619.5
227,6.0,117.5
227,6.0,394.5
227,6.0,541.5
228,6.0,2.5
228,6.0,452.5
229,6.0,521.5
229,6.0,662.5
229,6.0,690.5
229,6.0,761.5
231,6.0,301.5
232,6.0,254.5
232,6.0,274.5
232,6.0,438.5
232,6.0,605.5
233,6.0,162.5
233,6.0,339.5
233,6.0,447.5
234,6.0,151.5
234,6.0,252.5
234,6.0,339.5
235,6.0,567.5
235,6.0,724.5
235,6.0,753.5
236,6.0,717.5
238,6.0,213.5
239,6.0,231.5
239,6.0,246.5
240,6.0,177.5
240,6.0,537.5
241,6.0,78.5
241,6.0,100.5
241,6.0,274.5
242,6.0,20.5
242,6.0,81.5
242,6.0,522.5
242,6.0,614.5
243,6.0,97.5
243,6.0,136.5
243,6.0,220.5
243,6.0,315.5
243,6.0,326.5
243,6.0,416.5
244,6.0,730.5
245,6.0,186.5
245,6.0,479.5
245,6.0,515.5
245,6.0,567.5
246,6.0,305.5
247,6.0,107.5
247,6.0,252.5
248,6.0,306.5
249,6.0,6.5
249,6.0,180.5
249,6.0,440.5
249,6.0,613.5
249,6.0,779.5
250,12.0,32.5
250,12.0,48.5
250,12.0,129.5
250,12.0,165.5
250,12.0,167.5
250,12.0,361.5
250,12.0,424.5
251,12.0,32.5
251,12.0,313.5
251,12.0,357.5
252,12.0,242.5
252,12.0,552.5
252,12.0,746.5
252,12.0,759.5
253,12.0,69.5
253,12.0,127.5
253,12.0,316.5
253,12.0,455.5
253,12.0,477.5
253,12.0,705.5
254,12.0,193.5
254,12.0,278.5
254,12.0,404.5
254,12.0,434.5
254,12.0,513.5
254,12.0,629.5
254,12.0,650.5
255,12.0,103.5
255,12.0,131.5
255,12.0,197.5
255,12.0,383.5
255,12.0,410.5
255,12.0,431.5
255,12.0,577.5
255,12.0,708.5
256,12.0,132.5
256,12.0,214.5
256,12.0,329.5
256,12.0,359.5
256,12.0,434.5
256,12.0,600.5
256,12.0,653.5
257,12.0,91.5
257,12.0,248.5
257,12.0,318.5
257,12.0,346.5
257,12.0,639.5
258,12.0,123.5
258,12.0,510.5
258,12.0,582.5
258,12.0,610.5
258,12.0,615.5
258,12.0,687.5
259,12.0,170.5
259,12.0,507.5
260,12.0,8.5
260,12.0,13.5
260,12.0,74.5
260,12.0,257.5
260,12.0,272.5
260,12.0,644.5
261,12.0,269.5
261,12.0,303.5
261,12.0,670.5
262,12.0,24.5
262,12.0,155.5
262,12.0,243.5
262,12.0,285.5
262,12.0,417.5
262,12.0,424.5
262,12.0,733.5
263,12.0,32.5
263,12.0,58.5
263,12.0,719.5
263,12.0,729.5
263,12.0,799.5
264,12.0,87.5
264,12.0,266.5
265,12.0,77.5
265,12.0,83.5
265,12.0,100.5
265,12.0,133.5
265,12.0,169.5
265,12.0,542.5
265,12.0,728.5
265,12.0,733.5
266,12.0,80.5
266,12.0,292.5
267,12.0,99.5
267,12.0,294.5
267,12.0,746.5
268,12.0,25.5
268,12.0,193.5
268,12.0,200.5
268,12.0,272.5
268,12.0,383.5
268,12.0,531.5
268,12.0,566.5
268,12.0,715.5
269,12.0,114.5
269,12.0,134.5
269,12.0,140.5
269,12.0,428.5
269,12.0,578.5
269,12.0,656.5
270,12.0,6.5
270,12.0,274.5
270,12.0,415.5
270,12.0,594.5
270,12.0,600.5
271,12.0,37.5
271,12.0,44.5
271,12.0,47.5
271,12.0,53.5
271,12.0,518.5
271,12.0,646.5
271,12.0,698.5
272,12.0,191.5
272,12.0,218.5
272,12.0,352.5
272,12.0,380.5
272,12.0,412.5
272,12.0,425.5
272,12.0,469.5
272,12.0,538.5
272,12.0,639.5
273,12.0,27.5
273,12.0,118.5
273,12.0,153.5
273,12.0,205.5
273,12.0,317.5
273,12.0,418.5
273,12.0,421.5
273,12.0,492.5
273,12.0,593.5
273,12.0,640.5
274,12.0,44.5
274,12.0,56.5
274,12.0,65.5
274,12.0,184.5
274,12.0,194.5
274,12.0,372.5
274,12.0,538.5
274,12.0,558.5
274,12.0,761.5
275,12.0,6.5
275,12.0,155.5
275,12.0,316.5
275,12.0,386.5
275,12.0,492.5
276,12.0,115.5
276,12.0,156.5
276,12.0,635.5
277,12.0,58.5
277,12.0,86.5
277,12.0,144.5
277,12.0,361.5
277,12.0,378.5
277,12.0,424.5
277,12.0,739.5
278,12.0,524.5
279,12.0,274.5
279,12.0,275.5
279,12.0,752.5
280,12.0,395.5
280,12.0,526.5
280,12.0,591.5
281,12.0,43.5
281,12.0,52.5
281,12.0,264.5
281,12.0,285.5
281,12.0,352.5
281,12.0,468.5
281,12.0,782.5
282,12.0,244.5
282,12.0,312.5
282,12.0,494.5
282,12.0,525.5
282,12.0,566.5
282,12.0,779.5
283,12.0,229.5
283,12.0,239.5
283,12.0,281.5
283,12.0,325.5
283,12.0,375.5
284,12.0,144.5
284,12.0,260.5
284,12.0,261.5
284,12.0,364.5
284,12.0,526.5
284,12.0,637.5
284,12.0,761.5
285,12.0,145.5
285,12.0,221.5
285,12.0,279.5
285,12.0,439.5
285,12.0,593.5
286,12.0,409.5
286,12.0,432.5
287,12.0,105.5
287,12.0,139.5
287,12.0,159.5
287,12.0,342.5
287,12.0,376.5
287,12.0,407.5
287,12.0,447.5
287,12.0,650.5
288,12.0,135.5
288,12.0,229.5
288,12.0,329.5
288,12.0,530.5
288,12.0,749.5
289,12.0,103.5
289,12.0,270.5
289,12.0,365.5
289,12.0,394.5
289,12.0,412.5
289,12.0,674.5
289,12.0,743.5
290,12.0,299.5
290,12.0,351.5
290,12.0,620.5
290,12.0,657.5
290,12.0,725.5
291,12.0,2.5
291,12.0,44.5
291,12.0,48.5
291,12.0,173.5
291,12.0,256.5
291,12.0,419.5
291,12.0,434.5
291,12.0,456.5
291,12.0,528.5
291,12.0,723.5
292,12.0,187.5
292,12.0,595.5
292,12.0,749.5
292,12.0,758.5
293,12.0,82.5
293,12.0,207.5
293,12.0,276.5
293,12.0,293.5
293,12.0,313.5
293,12.0,321.5
293,12.0,376.5
294,12.0,2.5
294,12.0,279.5
294,12.0,300.5
294,12.0,305.5
294,12.0,658.5
294,12.0,777.5
295,12.0,25.5
295,12.0,131.5
295,12.0,179.5
295,12.0,308.5
295,12.0,432.5
295,12.0,770.5
296,12.0,261.5
296,12.0,299.5
296,12.0,397.5
296,12.0,421.5
296,12.0,437.5
296,12.0,572.5
296,12.0,715.5
297,12.0,63.5
297,12.0,122.5
297,12.0,345.5
297,12.0,657.5
297,12.0,670.5
297,12.0,705.5
297,12.0,706.5
298,12.0,252.5
298,12.0,401.5
298,12.0,437.5
298,12.0,491.5
298,12.0,570.5
298,12.0,584.5
298,12.0,639.5
298,12.0,715.5
298,12.0,741.5
299,12.0,293.5
299,12.0,670.5
299,12.0,679.5
299,12.0,748.5
300,12.0,174.5
300,12.0,320.5
300,12.0,698.5
300,12.0,715.5
301,12.0,577.5
302,12.0,52.5
302,12.0,204.5
302,12.0,467.5
302,12.0,571.5
302,12.0,590.5
302,12.0,742.5
303,12.0,116.5
303,12.0,365.5
304,12.0,166.5
304,12.0,500.5
304,12.0,570.5
305,12.0,423.5
305,12.0,523.5
305,12.0,653.5
306,12.0,163.5
306,12.0,208.5
306,12.0,624.5
307,12.0,99.5
307,12.0,145.5
307,12.0,192.5
307,12.0,524.5
308,12.0,423.5
308,12.0,707.5
309,12.0,53.5
309,12.0,271.5
309,12.0,334.5
309,12.0,437.5
309,12.0,476.5
309,12.0,691.5
309,12.0,753.5
309,12.0,767.5
310,12.0,72.5
310,12.0,300.5
310,12.0,309.5
310,12.0,377.5
310,12.0,515.5
310,12.0,680.5
310,12.0,781.5
311,12.0,152.5
311,12.0,401.5
311,12.0,411.5
311,12.0,413.5
311,12.0,543.5
311,12.0,792.5
312,12.0,176.5
312,12.0,221.5
312,12.0,235.5
312,12.0,425.5
312,12.0,429.5
312,12.0,748.5
313,12.0,62.5
313,12.0,241.5
313,12.0,361.5
313,12.0,379.5
313,12.0,423.5
313,12.0,799.5
314,12.0,54.5
314,12.0,294.5
314,12.0,480.5
314,12.0,501.5
314,12.0,750.5
315,12.0,153.5
315,12.0,361.5
315,12.0,421.5
316,12.0,56.5
316,12.0,74.5
316,12.0,178.5
316,12.0,180.5
316,12.0,428.5
316,12.0,498.5
316,12.0,531.5
316,12.0,544.5
317,12.0,254.5
317,12.0,471.5
317,12.0,575.5
317,12.0,602.5
318,12.0,18.5
318,12.0,21.5
318,12.0,136.5
318,12.0,237.5
318,12.0,338.5
318,12.0,446.5
318,12.0,521.5
318,12.0,692.5
319,12.0,28.5
319,12.0,29.5
319,12.0,41.5
319,12.0,91.5
319,12.0,237.5
319,12.0,342.5
319,12.0,393.5
319,12.0,471.5
319,12.0,533.5
319,12.0,576.5
319,12.0,614.5
319,12.0,639.5
319,12.0,719.5
319,12.0,726.5
320,12.0,389.5
320,12.0,449.5
321,12.0,270.5
321,12.0,626.5
321,12.0,723.5
322,12.0,378.5
322,12.0,515.5
322,12.0,612.5
322,12.0,677.5
322,12.0,684.5
322,12.0,740.5
323,12.0,167.5
323,12.0,256.5
323,12.0,543.5
323,12.0,557.5
323,12.0,604.5
323,12.0,641.5
324,12.0,33.5
324,12.0,377.5
324,12.0,573.5
324,12.0,586.5
324,12.0,628.5
324,12.0,657.5
324,12.0,658.5
324,12.0,752.5
325,12.0,163.5
325,12.0,228.5
325,12.0,263.5
325,12.0,513.5
325,12.0,594.5
325,12.0,603.5
325,12.0,745.5
325,12.0,761.5
326,12.0,32.5
326,12.0,114.5
326,12.0,246.5
326,12.0,403.5
326,12.0,443.5
326,12.0,470.5
326,12.0,543.5
326,12.0,633.5
326,12.0,726.5
327,12.0,29.5
327,12.0,142.5
327,12.0,555.5
327,12.0,748.5
328,12.0,55.5
328,12.0,113.5
328,12.0,447.5
328,12.0,664.5
329,12.0,459.5
329,12.0,502.5
329,12.0,664.5
330,12.0,31.5
330,12.0,365.5
330,12.0,555.5
330,12.0,637.5
330,12.0,687.5
330,12.0,720.5
331,12.0,55.5
331,12.0,73.5
331,12.0,177.5
331,12.0,181.5
331,12.0,216.5
331,12.0,463.5
331,12.0,485.5
331,12.0,555.5
331,12.0,632.5
332,12.0,35.5
332,12.0,447.5
332,12.0,627.5
332,12.0,692.5
332,12.0,732.5
333,12.0,94.5
333,12.0,104.5
333,12.0,120.5
333,12.0,554.5
333,12.0,620.5
333,12.0,681.5
334,12.0,130.5
334,12.0,334.5
334,12.0,344.5
334,12.0,475.5
334,12.0,497.5
334,12.0,613.5
334,12.0,627.5
334,12.0,727.5
335,12.0,159.5
335,12.0,495.5
335,12.0,705.5
336,12.0,107.5
336,12.0,117.5
336,12.0,185.5
336,12.0,212.5
336,12.0,289.5
336,12.0,617.5
336,12.0,651.5
336,12.0,680.5
336,12.0,694.5
336,12.0,708.5
336,12.0,713.5
336,12.0,769.5
336,12.0,780.5
337,12.0,327.5
338,12.0,37.5
338,12.0,123.5
338,12.0,228.5
338,12.0,317.5
338,12.0,385.5
338,12.0,466.5
338,12.0,499.5
339,12.0,262.5
339,12.0,319.5
339,12.0,646.5
339,12.0,673.5
339,12.0,796.5
340,12.0,7.5
340,12.0,34.5
340,12.0,235.5
340,12.0,459.5
340,12.0,464.5
340,12.0,527.5
341,12.0,63.5
342,12.0,313.5
342,12.0,446.5
343,12.0,78.5
343,12.0,177.5
343,12.0,450.5
343,12.0,687.5
343,12.0,709.5
343,12.0,729.5
344,12.0,108.5
344,12.0,137.5
344,12.0,345.5
344,12.0,378.5
344,12.0,434.5
344,12.0,630.5
344,12.0,675.5
345,12.0,36.5
345,12.0,366.5
345,12.0,632.5
346,12.0,164.5
346,12.0,302.5
346,12.0,374.5
346,12.0,376.5
346,12.0,519.5
346,12.0,548.5
346,12.0,550.5
346,12.0,730.5
347,12.0,209.5
347,12.0,556.5
347,12.0,676.5
347,12.0,794.5
348,12.0,198.5
348,12.0,270.5
348,12.0,363.5
348,12.0,475.5
350,12.0,15.5
350,12.0,100.5
350,12.0,103.5
350,12.0,243.5
350,12.0,418.5
350,12.0,512.5
351,12.0,107.5
351,12.0,418.5
351,12.0,792.5
352,12.0,648.5
353,12.0,16.5
353,12.0,192.5
353,12.0,351.5
353,12.0,520.5
353,12.0,535.5
353,12.0,699.5
353,12.0,720.5
354,12.0,448.5
354,12.0,463.5
354,12.0,526.5
354,12.0,538.5
354,12.0,687.5
355,12.0,42.5
355,12.0,160.5
355,12.0,270.5
355,12.0,474.5
355,12.0,520.5
355,12.0,715.5
356,12.0,250.5
356,12.0,335.5
356,12.0,472.5
356,12.0,525.5
356,12.0,764.5
357,12.0,189.5
357,12.0,308.5
357,12.0,693.5
357,12.0,726.5
357,12.0,779.5
358,12.0,83.5
358,12.0,265.5
358,12.0,289.5
358,12.0,560.5
358,12.0,739.5
359,12.0,38.5
359,12.0,177.5
359,12.0,542.5
359,12.0,631.5
360,12.0,49.5
360,12.0,132.5
360,12.0,233.5
360,12.0,241.5
360,12.0,373.5
360,12.0,484.5
360,12.0,626.5
360,12.0,627.5
360,12.0,728.5
361,12.0,427.5
361,12.0,468.5
361,12.0,553.5
361,12.0,684.5
361,12.0,749.5
361,12.0,765.5
362,12.0,484.5
362,12.0,574.5
363,12.0,737.5
364,12.0,25.5
364,12.0,26.5
364,12.0,74.5
364,12.0,108.5
364,12.0,186.5
364,12.0,276.5
364,12.0,389.5
364,12.0,438.5
364,12.0,490.5
364,12.0,577.5
364,12.0,798.5
365,12.0,7.5
365,12.0,125.5
365,12.0,138.5
365,12.0,418.5
365,12.0,512.5
365,12.0,605.5
365,12.0,669.5
366,12.0,43.5
366,12.0,137.5
366,12.0,249.5
366,12.0,711.5
367,12.0,14.5
367,12.0,89.5
367,12.0,362.5
367,12.0,426.5
367,12.0,445.5
367,12.0,502.5
367,12.0,604.5
367,12.0,749.5
368,12.0,402.5
368,12.0,541.5
369,12.0,93.5
369,12.0,100.5
369,12.0,103.5
369,12.0,116.5
369,12.0,157.5
369,12.0,160.5
369,12.0,366.5
369,12.0,482.5
369,12.0,566.5
369,12.0,656.5
369,12.0,682.5
369,12.0,779.5
370,12.0,9.5
370,12.0,280.5
370,12.0,493.5
370,12.0,768.5
371,12.0,23.5
371,12.0,124.5
371,12.0,142.5
371,12.0,283.5
371,12.0,484.5
371,12.0,571.5
372,12.0,181.5
372,12.0,436.5
372,12.0,613.5
372,12.0,633.5
372,12.0,693.5
373,12.0,121.5
373,12.0,333.5
373,12.0,477.5
373,12.0,558.5
374,12.0,97.5
374,12.0,353.5
374,12.0,383.5
374,12.0,656.5
374,12.0,668.5
374,12.0,684.5
375,12.0,29.5
375,12.0,177.5
375,12.0,313.5
375,12.0,667.5
376,12.0,39.5
376,12.0,184.5
376,12.0,295.5
376,12.0,311.5
376,12.0,369.5
376,12.0,473.5
376,12.0,476.5
376,12.0,524.5
377,12.0,41.5
377,12.0,54.5
377,12.0,81.5
377,12.0,100.5
377,12.0,112.5
377,12.0,130.5
377,12.0,150.5
377,12.0,328.5
377,12.0,401.5
377,12.0,456.5
377,12.0,533.5
378,12.0,268.5
378,12.0,697.5
378,12.0,718.5
378,12.0,786.5
378,12.0,794.5
379,12.0,37.5
379,12.0,145.5
379,12.0,401.5
379,12.0,708.5
379,12.0,754.5
380,12.0,18.5
380,12.0,104.5
380,12.0,124.5
380,12.0,401.5
380,12.0,548.5
380,12.0,620.5
381,12.0,15.5
381,12.0,88.5
381,12.0,211.5
381,12.0,283.5
381,12.0,301.5
381,12.0,427.5
381,12.0,473.5
381,12.0,482.5
381,12.0,738.5
382,12.0,262.5
382,12.0,271.5
382,12.0,317.5
382,12.0,344.5
382,12.0,437.5
382,12.0,472.5
382,12.0,619.5
382,12.0,728.5
383,12.0,48.5
383,12.0,183.5
383,12.0,232.5
383,12.0,365.5
383,12.0,452.5
383,12.0,534.5
383,12.0,628.5
383,12.0,630.5
383,12.0,745.5
384,12.0,77.5
384,12.0,520.5
384,12.0,612.5
385,12.0,140.5
385,12.0,141.5
385,12.0,143.5
385,12.0,242.5
385,12.0,738.5
385,12.0,769.5
386,12.0,19.5
386,12.0,140.5
386,12.0,442.5
386,12.0,561.5
386,12.0,741.5
387,12.0,81.5
387,12.0,101.5
387,12.0,163.5
387,12.0,281.5
388,12.0,154.5
388,12.0,196.5
388,12.0,470.5
388,12.0,620.5
389,12.0,0.5
389,12.0,108.5
389,12.0,110.5
389,12.0,330.5
389,12.0,403.5
389,12.0,459.5
389,12.0,525.5
389,12.0,704.5
390,12.0,106.5
390,12.0,143.5
390,12.0,181.5
390,12.0,190.5
390,12.0,201.5
390,12.0,204.5
390,12.0,293.5
390,12.0,373.5
390,12.0,479.5
390,12.0,537.5
390,12.0,757.5
391,12.0,79.5
391,12.0,518.5
391,12.0,647.5
391,12.0,712.5
392,12.0,57.5
392,12.0,194.5
393,12.0,100.5
393,12.0,145.5
393,12.0,332.5
393,12.0,716.5
393,12.0,786.5
394,12.0,73.5
395,12.0,465.5
395,12.0,511.5
395,12.0,648.5
395,12.0,685.5
395,12.0,765.5
396,12.0,42.5
396,12.0,264.5
396,12.0,375.5
396,12.0,508.5
396,12.0,687.5
396,12.0,691.5
397,12.0,19.5
397,12.0,81.5
397,12.0,189.5
397,12.0,248.5
397,12.0,593.5
397,12.0,794.5
398,12.0,16.5
398,12.0,29.5
398,12.0,244.5
398,12.0,590.5
398,12.0,660.5
398,12.0,764.5
399,12.0,238.5
399,12.0,359.5
399,12.0,435.5
399,12.0,442.5
399,12.0,548.5
399,12.0,566.5
399,12.0,655.5
400,12.0,348.5
400,12.0,534.5
400,12.0,600.5
400,12.0,721.5
401,12.0,209.5
401,12.0,313.5
401,12.0,470.5
402,12.0,112.5
402,12.0,114.5
402,12.0,238.5
402,12.0,262.5
402,12.0,527.5
402,12.0,554.5
402,12.0,652.5
402,12.0,687.5
402,12.0,754.5
403,12.0,179.5
403,12.0,495.5
403,12.0,606.5
403,12.0,653.5
403,12.0,703.5
403,12.0,745.5
404,12.0,8.5
404,12.0,274.5
404,12.0,277.5
404,12.0,278.5
404,12.0,343.5
404,12.0,479.5
404,12.0,622.5
404,12.0,683.5
404,12.0,756.5
405,12.0,53.5
405,12.0,202.5
405,12.0,281.5
405,12.0,537.5
405,12.0,567.5
406,12.0,195.5
406,12.0,277.5
406,12.0,393.5
407,12.0,16.5
407,12.0,144.5
407,12.0,188.5
407,12.0,246.5
407,12.0,288.5
407,12.0,385.5
407,12.0,407.5
407,12.0,482.5
407,12.0,645.5
407,12.0,788.5
408,12.0,136.5
408,12.0,602.5
408,12.0,606.5
408,12.0,622.5
408,12.0,663.5
408,12.0,792.5
409,12.0,461.5
409,12.0,575.5
409,12.0,669.5
409,12.0,768.5
410,12.0,19.5
410,12.0,384.5
410,12.0,389.5
410,12.0,405.5
410,12.0,489.5
410,12.0,562.5
410,12.0,631.5
410,12.0,715.5
411,12.0,83.5
411,12.0,210.5
412,12.0,138.5
413,12.0,8.5
413,12.0,88.5
413,12.0,227.5
413,12.0,326.5
413,12.0,463.5
413,12.0,785.5
414,12.0,200.5
414,12.0,590.5
414,12.0,631.5
414,12.0,638.5
415,12.0,12.5
415,12.0,185.5
415,12.0,303.5
415,12.0,396.5
415,12.0,461.5
415,12.0,605.5
416,12.0,198.5
416,12.0,306.5
416,12.0,409.5
416,12.0,464.5
416,12.0,708.5
417,12.0,149.5
417,12.0,169.5
417,12.0,552.5
418,12.0,24.5
418,12.0,160.5
418,12.0,230.5
418,12.0,284.5
418,12.0,551.5
418,12.0,790.5
419,12.0,103.5
419,12.0,270.5
419,12.0,551.5
419,12.0,690.5
419,12.0,709.5
419,12.0,759.5
420,12.0,363.5
420,12.0,584.5
421,12.0,26.5
421,12.0,151.5
421,12.0,264.5
421,12.0,341.5
422,12.0,309.5
422,12.0,350.5
422,12.0,508.5
422,12.0,510.5
422,12.0,540.5
422,12.0,587.5
423,12.0,72.5
423,12.0,148.5
423,12.0,192.5
423,12.0,543.5
423,12.0,719.5
423,12.0,780.5
424,12.0,3.5
424,12.0,216.5
424,12.0,489.5
424,12.0,517.5
424,12.0,530.5
424,12.0,710.5
424,12.0,743.5
425,12.0,71.5
425,12.0,523.5
425,12.0,660.5
425,12.0,678.5
425,12.0,703.5
425,12.0,716.5
426,12.0,112.5
426,12.0,118.5
426,12.0,404.5
426,12.0,509.5
426,12.0,579.5
426,12.0,721.5
426,12.0,753.5
427,12.0,31.5
427,12.0,123.5
427,12.0,472.5
427,12.0,482.5
428,12.0,15.5
428,12.0,596.5
428,12.0,754.5
429,12.0,61.5
429,12.0,147.5
429,12.0,281.5
429,12.0,347.5
429,12.0,376.5
429,12.0,487.5
429,12.0,594.5
429,12.0,707.5
429,12.0,799.5
430,12.0,127.5
430,12.0,156.5
430,12.0,228.5
430,12.0,272.5
430,12.0,709.5
431,12.0,106.5
431,12.0,145.5
431,12.0,342.5
431,12.0,395.5
431,12.0,444.5
431,12.0,529.5
431,12.0,536.5
431,12.0,694.5
431,12.0,718.5
432,12.0,50.5
432,12.0,51.5
432,12.0,65.5
432,12.0,166.5
432,12.0,211.5
432,12.0,283.5
432,12.0,398.5
432,12.0,768.5
433,12.0,63.5
433,12.0,275.5
433,12.0,327.5
433,12.0,396.5
433,12.0,463.5
433,12.0,619.5
433,12.0,772.5
434,12.0,121.5
434,12.0,150.5
434,12.0,462.5
434,12.0,730.5
434,12.0,785.5
435,12.0,52.5
435,12.0,205.5
435,12.0,284.5
435,12.0,434.5
435,12.0,684.5
435,12.0,735.5
435,12.0,778.5
436,12.0,43.5
436,12.0,419.5
436,12.0,584.5
436,12.0,620.5
436,12.0,622.5
436,12.0,651.5
437,12.0,139.5
437,12.0,337.5
437,12.0,655.5
438,12.0,153.5
438,12.0,161.5
438,12.0,178.5
438,12.0,237.5
438,12.0,411.5
438,12.0,538.5
438,12.0,731.5
439,12.0,443.5
439,12.0,539.5
440,12.0,22.5
440,12.0,43.5
440,12.0,50.5
440,12.0,259.5
440,12.0,391.5
440,12.0,448.5
440,12.0,487.5
440,12.0,553.5
440,12.0,726.5
441,12.0,163.5
441,12.0,171.5
441,12.0,404.5
441,12.0,483.5
441,12.0,534.5
442,12.0,216.5
442,12.0,385.5
442,12.0,390.5
442,12.0,639.5
443,12.0,38.5
443,12.0,66.5
443,12.0,75.5
443,12.0,247.5
443,12.0,268.5
443,12.0,296.5
443,12.0,318.5
444,12.0,15.5
444,12.0,31.5
444,12.0,43.5
444,12.0,122.5
444,12.0,140.5
444,12.0,389.5
444,12.0,759.5
444,12.0,772.5
444,12.0,798.5
445,12.0,38.5
445,12.0,209.5
445,12.0,425.5
445,12.0,602.5
445,12.0,768.5
446,12.0,58.5
446,12.0,180.5
446,12.0,189.5
446,12.0,203.5
446,12.0,209.5
447,12.0,27.5
447,12.0,220.5
447,12.0,386.5
447,12.0,411.5
447,12.0,771.5
448,12.0,45.5
448,12.0,104.5
448,12.0,168.5
448,12.0,184.5
448,12.0,321.5
448,12.0,353.5
448,12.0,457.5
448,12.0,555.5
450,12.0,99.5
450,12.0,123.5
450,12.0,356.5
451,12.0,13.5
451,12.0,110.5
451,12.0,241.5
451,12.0,444.5
452,12.0,67.5
452,12.0,171.5
452,12.0,548.5
452,12.0,586.5
453,12.0,4.5
453,12.0,71.5
453,12.0,108.5
453,12.0,155.5
453,12.0,186.5
453,12.0,259.5
453,12.0,262.5
453,12.0,330.5
453,12.0,734.5
453,12.0,770.5
454,12.0,448.5
454,12.0,563.5
455,12.0,245.5
455,12.0,292.5
455,12.0,334.5
455,12.0,434.5
455,12.0,472.5
455,12.0,508.5
455,12.0,638.5
455,12.0,713.5
456,12.0,53.5
456,12.0,117.5
456,12.0,142.5
456,12.0,293.5
456,12.0,351.5
456,12.0,355.5
456,12.0,468.5
456,12.0,495.5
456,12.0,649.5
457,12.0,2.5
457,12.0,85.5
457,12.0,99.5
457,12.0,130.5
457,12.0,171.5
457,12.0,172.5
457,12.0,222.5
457,12.0,570.5
457,12.0,705.5
457,12.0,793.5
458,12.0,139.5
458,12.0,438.5
458,12.0,464.5
458,12.0,496.5
458,12.0,507.5
458,12.0,518.5
458,12.0,543.5
458,12.0,583.5
458,12.0,702.5
458,12.0,723.5
459,12.0,151.5
459,12.0,214.5
459,12.0,415.5
459,12.0,451.5
459,12.0,606.5
459,12.0,714.5
460,12.0,219.5
460,12.0,350.5
460,12.0,437.5
460,12.0,718.5
460,12.0,785.5
461,12.0,27.5
461,12.0,285.5
461,12.0,320.5
461,12.0,364.5
461,12.0,526.5
461,12.0,543.5
462,12.0,103.5
462,12.0,536.5
462,12.0,577.5
462,12.0,595.5
462,12.0,753.5
464,12.0,388.5
464,12.0,456.5
464,12.0,766.5
465,12.0,77.5
465,12.0,100.5
465,12.0,114.5
465,12.0,134.5
465,12.0,346.5
465,12.0,355.5
465,12.0,391.5
465,12.0,525.5
466,12.0,8.5
466,12.0,387.5
466,12.0,455.5
466,12.0,478.5
466,12.0,489.5
467,12.0,4.5
467,12.0,326.5
467,12.0,387.5
467,12.0,437.5
467,12.0,449.5
467,12.0,678.5
468,12.0,44.5
468,12.0,239.5
468,12.0,399.5
468,12.0,537.5
468,12.0,631.5
468,12.0,675.5
469,12.0,190.5
469,12.0,419.5
469,12.0,610.5
470,12.0,108.5
470,12.0,130.5
470,12.0,157.5
470,12.0,359.5
470,12.0,393.5
470,12.0,396.5
470,12.0,436.5
470,12.0,509.5
471,12.0,109.5
471,12.0,110.5
471,12.0,143.5
471,12.0,674.5
471,12.0,715.5
472,12.0,170.5
472,12.0,206.5
472,12.0,420.5
472,12.0,515.5
472,12.0,578.5
473,12.0,9.5
473,12.0,142.5
473,12.0,408.5
473,12.0,459.5
473,12.0,565.5
473,12.0,639.5
473,12.0,682.5
473,12.0,688.5
473,12.0,708.5
473,12.0,792.5
474,12.0,175.5
474,12.0,317.5
474,12.0,336.5
474,12.0,584.5
474,12.0,640.5
474,12.0,670.5
475,12.0,106.5
475,12.0,317.5
475,12.0,405.5
475,12.0,441.5
475,12.0,460.5
475,12.0,464.5
475,12.0,504.5
475,12.0,510.5
475,12.0,749.5
476,12.0,108.5
476,12.0,394.5
476,12.0,545.5
477,12.0,541.5
477,12.0,654.5
477,12.0,732.5
478,12.0,244.5
478,12.0,250.5
478,12.0,627.5
479,12.0,119.5
479,12.0,145.5
479,12.0,193.5
479,12.0,613.5
480,12.0,97.5
480,12.0,485.5
480,12.0,651.5
480,12.0,716.5
481,12.0,50.5
481,12.0,92.5
481,12.0,159.5
481,12.0,469.5
481,12.0,605.5
481,12.0,607.5
481,12.0,660.5
481,12.0,683.5
482,12.0,30.5
482,12.0,356.5
482,12.0,368.5
482,12.0,424.5
482,12.0,704.5
483,12.0,358.5
483,12.0,453.5
483,12.0,654.5
483,12.0,738.5
483,12.0,773.5
484,12.0,269.5
484,12.0,303.5
484,12.0,379.5
484,12.0,423.5
484,12.0,534.5
484,12.0,753.5
485,12.0,110.5
485,12.0,187.5
485,12.0,260.5
485,12.0,295.5
485,12.0,368.5
485,12.0,429.5
485,12.0,488.5
485,12.0,792.5
486,12.0,348.5
486,12.0,378.5
486,12.0,431.5
486,12.0,519.5
486,12.0,549.5
486,12.0,592.5
486,12.0,624.5
486,12.0,795.5
487,12.0,57.5
487,12.0,750.5
487,12.0,764.5
488,12.0,151.5
488,12.0,479.5
488,12.0,502.5
489,12.0,76.5
489,12.0,218.5
489,12.0,287.5
489,12.0,297.5
489,12.0,353.5
489,12.0,607.5
489,12.0,715.5
490,12.0,67.5
490,12.0,120.5
490,12.0,173.5
490,12.0,226.5
490,12.0,227.5
490,12.0,339.5
490,12.0,630.5
491,12.0,88.5
491,12.0,346.5
491,12.0,450.5
491,12.0,489.5
491,12.0,645.5
491,12.0,668.5
491,12.0,674.5
491,12.0,728.5
491,12.0,764.5
491,12.0,772.5
492,12.0,24.5
492,12.0,86.5
492,12.0,132.5
492,12.0,173.5
492,12.0,193.5
492,12.0,250.5
492,12.0,277.5
492,12.0,311.5
492,12.0,391.5
492,12.0,481.5
492,12.0,637.5
493,12.0,220.5
493,12.0,287.5
493,12.0,343.5
493,12.0,529.5
495,12.0,91.5
495,12.0,99.5
495,12.0,270.5
495,12.0,303.5
495,12.0,307.5
495,12.0,388.5
495,12.0,608.5
496,12.0,45.5
496,12.0,117.5
496,12.0,303.5
496,12.0,459.5
496,12.0,520.5
496,12.0,648.5
496,12.0,670.5
496,12.0,695.5
497,12.0,40.5
497,12.0,84.5
497,12.0,172.5
497,12.0,268.5
497,12.0,298.5
497,12.0,353.5
497,12.0,372.5
497,12.0,401.5
497,12.0,501.5
497,12.0,564.5
497,12.0,723.5
497,12.0,747.5
498,12.0,195.5
498,12.0,424.5
498,12.0,430.5
498,12.0,435.5
498,12.0,622.5
499,12.0,46.5
499,12.0,160.5
499,12.0,276.5
499,12.0,356.5
499,12.0,514.5
499,12.0,539.5
499,12.0,654.5
499,12.0,669.5
500,25.0,121.5
500,25.0,180.5
500,25.0,245.5
500,25.0,254.5
500,25.0,331.5
500,25.0,352.5
500,25.0,360.5
500,25.0,409.5
500,25.0,453.5
500,25.0,465.5
500,25.0,493.5
500,25.0,571.5
500,25.0,614.5
500,25.0,687.5
500,25.0,763.5
501,25.0,42.5
501,25.0,63.5
501,25.0,120.5
501,25.0,207.5
501,25.0,215.5
501,25.0,284.5
501,25.0,340.5
501,25.0,343.5
501,25.0,380.5
501,25.0,410.5
501,25.0,478.5
501,25.0,567.5
501,25.0,587.5
501,25.0,599.5
501,25.0,601.5
501,25.0,628.5
501,25.0,661.5
501,25.0,690.5
501,25.0,749.5
501,25.0,782.5
502,25.0,37.5
502,25.0,82.5
502,25.0,115.5
502,25.0,173.5
502,25.0,195.5
502,25.0,233.5
502,25.0,237.5
502,25.0,265.5
502,25.0,310.5
502,25.0,324.5
502,25.0,337.5
502,25.0,378.5
502,25.0,438.5
502,25.0,551.5
502,25.0,575.5
502,25.0,588.5
502,25.0,606.5
502,25.0,607.5
502,25.0,636.5
502,25.0,715.5
502,25.0,721.5
502,25.0,733.5
503,25.0,44.5
503,25.0,93.5
503,25.0,128.5
503,25.0,180.5
503,25.0,216.5
503,25.0,229.5
503,25.0,245.5
503,25.0,311.5
503,25.0,365.5
503,25.0,377.5
503,25.0,392.5
503,25.0,436.5
503,25.0,521.5
503,25.0,540.5
503,25.0,601.5
503,25.0,612.5
503,25.0,630.5
503,25.0,639.5
503,25.0,684.5
503,25.0,711.5
503,25.0,740.5
504,25.0,97.5
504,25.0,187.5
504,25.0,250.5
504,25.0,256.5
504,25.0,404.5
504,25.0,417.5
504,25.0,440.5
504,25.0,469.5
504,25.0,512.5
504,25.0,575.5
504,25.0,585.5
504,25.0,629.5
504,25.0,707.5
504,25.0,716.5
504,25.0,726.5
505,25.0,0.5
505,25.0,101.5
505,25.0,224.5
505,25.0,328.5
505,25.0,374.5
505,25.0,382.5
505,25.0,421.5
505,25.0,426.5
505,25.0,500.5
505,25.0,504.5
505,25.0,511.5
505,25.0,538.5
505,25.0,614.5
505,25.0,658.5
505,25.0,659.5
505,25.0,689.5
505,25.0,702.5
505,25.0,752.5
506,25.0,38.5
506,25.0,58.5
506,25.0,59.5
506,25.0,74.5
506,25.0,110.5
506,25.0,219.5
506,25.0,231.5
506,25.0,348.5
506,25.0,421.5
506,25.0,494.5
506,25.0,526.5
506,25.0,553.5
506,25.0,586.5
506,25.0,710.5
506,25.0,730.5
506,25.0,785.5
507,25.0,58.5
507,25.0,62.5
507,25.0,131.5
507,25.0,147.5
507,25.0,174.5
507,25.0,198.5
507,25.0,302.5
507,25.0,322.5
507,25.0,399.5
507,25.0,460.5
507,25.0,475.5
507,25.0,602.5
507,25.0,627.5
507,25.0,698.5
507,25.0,710.5
507,25.0,750.5
507,25.0,787.5
507,25.0,795.5
508,25.0,9.5
508,25.0,43.5
508,25.0,47.5
508,25.0,70.5
508,25.0,72.5
508,25.0,107.5
508,25.0,152.5
508,25.0,162.5
508,25.0,188.5
508,25.0,196.5
508,25.0,269.5
508,25.0,348.5
508,25.0,360.5
508,25.0,528.5
508,25.0,543.5
508,25.0,563.5
508,25.0,597.5
508,25.0,610.5
508,25.0,619.5
508,25.0,739.5
508,25.0,775.5
509,25.0,20.5
509,25.0,24.5
509,25.0,33.5
509,25.0,100.5
509,25.0,114.5
509,25.0,127.5
509,25.0,130.5
509,25.0,152.5
509,25.0,160.5
509,25.0,171.5
509,25.0,367.5
509,25.0,376.5
509,25.0,386.5
509,25.0,437.5
509,25.0,568.5
509,25.0,629.5
509,25.0,657.5
509,25.0,694.5
509,25.0,728.5
509,25.0,738.5
510,25.0,34.5
510,25.0,108.5
510,25.0,200.5
510,25.0,286.5
510,25.0,361.5
510,25.0,457.5
510,25.0,469.5
510,25.0,512.5
510,25.0,612.5
510,25.0,642.5
511,25.0,30.5
511,25.0,95.5
511,25.0,147.5
511,25.0,198.5
511,25.0,202.5
511,25.0,345.5
511,25.0,463.5
511,25.0,516.5
511,25.0,534.5
511,25.0,598.5
511,25.0,622.5
511,25.0,743.5
512,25.0,149.5
512,25.0,160.5
512,25.0,232.5
512,25.0,282.5
512,25.0,339.5
512,25.0,434.5
512,25.0,476.5
512,25.0,489.5
512,25.0,558.5
512,25.0,584.5
512,25.0,615.5
512,25.0,671.5
512,25.0,698.5
512,25.0,716.5
512,25.0,733.5
512,25.0,737.5
512,25.0,797.5
513,25.0,162.5
513,25.0,282.5
513,25.0,285.5
513,25.0,288.5
513,25.0,307.5
513,25.0,342.5
513,25.0,365.5
513,25.0,404.5
513,25.0,416.5
513,25.0,437.5
513,25.0,477.5
513,25.0,536.5
513,25.0,596.5
513,25.0,599.5
513,25.0,630.5
513,25.0,776.5
514,25.0,48.5
514,25.0,157.5
514,25.0,165.5
514,25.0,220.5
514,25.0,265.5
514,25.0,277.5
514,25.0,351.5
514,25.0,426.5
514,25.0,437.5
514,25.0,445.5
514,25.0,458.5
514,25.0,462.5
514,25.0,472.5
514,25.0,549.5
514,25.0,552.5
514,25.0,588.5
514,25.0,603.5
514,25.0,615.5
514,25.0,637.5
514,25.0,660.5
514,25.0,680.5
514,25.0,691.5
514,25.0,714.5
514,25.0,728.5
514,25.0,782.5
514,25.0,795.5
515,25.0,51.5
515,25.0,110.5
515,25.0,198.5
515,25.0,318.5
515,25.0,320.5
515,25.0,381.5
515,25.0,384.5
515,25.0,420.5
515,25.0,432.5
515,25.0,451.5
515,25.0,453.5
515,25.0,465.5
515,25.0,483.5
515,25.0,665.5
515,25.0,718.5
515,25.0,739.5
516,25.0,141.5
516,25.0,151.5
516,25.0,185.5
516,25.0,270.5
516,25.0,272.5
516,25.0,446.5
516,25.0,471.5
516,25.0,550.5
516,25.0,557.5
516,25.0,558.5
516,25.0,613.5
516,25.0,627.5
516,25.0,653.5
516,25.0,663.5
516,25.0,678.5
517,25.0,29.5
517,25.0,170.5
517,25.0,267.5
517,25.0,316.5
517,25.0,328.5
517,25.0,347.5
517,25.0,378.5
517,25.0,464.5
517,25.0,501.5
517,25.0,520.5
517,25.0,577.5
517,25.0,598.5
517,25.0,606.5
517,25.0,617.5
517,25.0,648.5
517,25.0,658.5
517,25.0,660.5
517,25.0,670.5
517,25.0,675.5
517,25.0,705.5
517,25.0,727.5
517,25.0,780.5
517,25.0,781.5
518,25.0,16.5
518,25.0,19.5
518,25.0,80.5
518,25.0,81.5
518,25.0,102.5
518,25.0,106.5
518,25.0,199.5
518,25.0,224.5
518,25.0,258.5
518,25.0,391.5
518,25.0,400.5
518,25.0,487.5
518,25.0,609.5
518,25.0,643.5
518,25.0,657.5
518,25.0,672.5
518,25.0,693.5
518,25.0,725.5
518,25.0,742.5
518,25.0,762.5
518,25.0,774.5
519,25.0,45.5
519,25.0,125.5
519,25.0,131.5
519,25.0,141.5
519,25.0,164.5
519,25.0,216.5
519,25.0,219.5
519,25.0,296.5
519,25.0,300.5
519,25.0,311.5
519,25.0,351.5
519,25.0,352.5
519,25.0,394.5
519,25.0,470.5
519,25.0,524.5
519,25.0,605.5
519,25.0,676.5
519,25.0,693.5
519,25.0,725.5
519,25.0,763.5
519,25.0,790.5
520,25.0,123.5
520,25.0,129.5
520,25.0,146.5
520,25.0,157.5
520,25.0,171.5
520,25.0,177.5
520,25.0,321.5
520,25.0,385.5
520,25.0,462.5
520,25.0,468.5
520,25.0,551.5
520,25.0,561.5
520,25.0,615.5
520,25.0,617.5
520,25.0,661.5
520,25.0,680.5
520,25.0,715.5
520,25.0,717.5
520,25.0,739.5
520,25.0,741.5
520,25.0,761.5
520,25.0,767.5
521,25.0,92.5
521,25.0,208.5
521,25.0,242.5
521,25.0,245.5
521,25.0,366.5
521,25.0,384.5
521,25.0,422.5
521,25.0,429.5
521,25.0,518.5
521,25.0,526.5
521,25.0,548.5
521,25.0,572.5
521,25.0,613.5
521,25.0,621.5
522,25.0,2.5
522,25.0,3.5
522,25.0,27.5
522,25.0,36.5
522,25.0,95.5
522,25.0,182.5
522,25.0,187.5
522,25.0,222.5
522,25.0,230.5
522,25.0,263.5
522,25.0,268.5
522,25.0,314.5
522,25.0,339.5
522,25.0,395.5
522,25.0,413.5
522,25.0,492.5
522,25.0,604.5
522,25.0,606.5
522,25.0,687.5
522,25.0,701.5
522,25.0,719.5
522,25.0,722.5
522,25.0,747.5
522,25.0,771.5
523,25.0,87.5
523,25.0,121.5
523,25.0,128.5
523,25.0,200.5
523,25.0,218.5
523,25.0,233.5
523,25.0,322.5
523,25.0,371.5
523,25.0,390.5
523,25.0,406.5
523,25.0,457.5
523,25.0,529.5
523,25.0,642.5
523,25.0,705.5
523,25.0,738.5
524,25.0,20.5
524,25.0,26.5
524,25.0,71.5
524,25.0,93.5
524,25.0,211.5
524,25.0,218.5
524,25.0,230.5
524,25.0,384.5
524,25.0,530.5
524,25.0,545.5
524,25.0,564.5
524,25.0,600.5
524,25.0,624.5
524,25.0,670.5
524,25.0,672.5
524,25.0,703.5
524,25.0,734.5
525,25.0,24.5
525,25.0,43.5
525,25.0,46.5
525,25.0,168.5
525,25.0,241.5
525,25.0,343.5
525,25.0,474.5
525,25.0,491.5
525,25.0,545.5
525,25.0,546.5
525,25.0,675.5
525,25.0,732.5
525,25.0,751.5
526,25.0,13.5
526,25.0,22.5
526,25.0,47.5
526,25.0,116.5
526,25.0,140.5
526,25.0,145.5
526,25.0,247.5
526,25.0,278.5
526,25.0,328.5
526,25.0,382.5
526,25.0,391.5
526,25.0,460.5
526,25.0,583.5
526,25.0,648.5
526,25.0,681.5
526,25.0,692.5
526,25.0,704.5
526,25.0,715.5
527,25.0,34.5
527,25.0,156.5
527,25.0,193.5
527,25.0,246.5
527,25.0,291.5
527,25.0,330.5
527,25.0,353.5
527,25.0,365.5
527,25.0,404.5
527,25.0,426.5
527,25.0,465.5
527,25.0,521.5
527,25.0,676.5
527,25.0,713.5
528,25.0,40.5
528,25.0,44.5
528,25.0,50.5
528,25.0,53.5
528,25.0,100.5
528,25.0,103.5
528,25.0,228.5
528,25.0,233.5
528,25.0,246.5
528,25.0,347.5
528,25.0,414.5
528,25.0,417.5
528,25.0,419.5
528,25.0,503.5
528,25.0,510.5
528,25.0,613.5
528,25.0,625.5
528,25.0,626.5
528,25.0,652.5
528,25.0,654.5
528,25.0,665.5
528,25.0,725.5
528,25.0,747.5
528,25.0,756.5
528,25.0,766.5
529,25.0,55.5
529,25.0,88.5
529,25.0,182.5
529,25.0,236.5
529,25.0,269.5
529,25.0,274.5
529,25.0,280.5
529,25.0,281.5
529,25.0,327.5
529,25.0,350.5
529,25.0,382.5
529,25.0,388.5
529,25.0,542.5
529,25.0,727.5
530,25.0,29.5
530,25.0,89.5
530,25.0,101.5
530,25.0,141.5
530,25.0,224.5
530,25.0,238.5
530,25.0,294.5
530,25.0,457.5
530,25.0,506.5
530,25.0,512.5
530,25.0,577.5
530,25.0,694.5
530,25.0,765.5
531,25.0,150.5
531,25.0,152.5
531,25.0,182.5
531,25.0,204.5
531,25.0,212.5
531,25.0,219.5
531,25.0,272.5
531,25.0,382.5
531,25.0,408.5
531,25.0,422.5
531,25.0,452.5
531,25.0,625.5
531,25.0,751.5
532,25.0,61.5
532,25.0,86.5
532,25.0,91.5
532,25.0,153.5
532,25.0,154.5
532,25.0,169.5
532,25.0,210.5
532,25.0,285.5
532,25.0,301.5
532,25.0,349.5
532,25.0,380.5
532,25.0,436.5
532,25.0,481.5
532,25.0,499.5
532,25.0,650.5
532,25.0,668.5
532,25.0,750.5
532,25.0,779.5
532,25.0,794.5
532,25.0,798.5
533,25.0,92.5
533,25.0,122.5
533,25.0,207.5
533,25.0,226.5
533,25.0,319.5
533,25.0,383.5
533,25.0,428.5
533,25.0,438.5
533,25.0,448.5
533,25.0,515.5
533,25.0,594.5
533,25.0,652.5
533,25.0,674.5
533,25.0,748.5
533,25.0,781.5
534,25.0,7.5
534,25.0,100.5
534,25.0,200.5
534,25.0,271.5
534,25.0,311.5
534,25.0,317.5
534,25.0,427.5
534,25.0,450.5
534,25.0,460.5
534,25.0,488.5
534,25.0,620.5
534,25.0,741.5
534,25.0,751.5
534,25.0,786.5
535,25.0,12.5
535,25.0,16.5
535,25.0,74.5
535,25.0,119.5
535,25.0,123.5
535,25.0,205.5
535,25.0,269.5
535,25.0,330.5
535,25.0,357.5
535,25.0,358.5
535,25.0,380.5
535,25.0,456.5
535,25.0,591.5
535,25.0,636.5
535,25.0,699.5
535,25.0,707.5
536,25.0,0.5
536,25.0,77.5
536,25.0,199.5
536,25.0,234.5
536,25.0,258.5
536,25.0,279.5
536,25.0,341.5
536,25.0,344.5
536,25.0,371.5
536,25.0,373.5
536,25.0,413.5
536,25.0,465.5
536,25.0,482.5
536,25.0,494.5
536,25.0,577.5
536,25.0,624.5
536,25.0,760.5
536,25.0,789.5
537,25.0,15.5
537,25.0,52.5
537,25.0,200.5
537,25.0,436.5
537,25.0,509.5
537,25.0,521.5
537,25.0,592.5
537,25.0,610.5
537,25.0,624.5
537,25.0,677.5
537,25.0,740.5
538,25.0,8.5
538,25.0,15.5
538,25.0,160.5
538,25.0,280.5
538,25.0,319.5
538,25.0,367.5
538,25.0,376.5
538,25.0,405.5
538,25.0,430.5
538,25.0,431.5
538,25.0,504.5
538,25.0,506.5
538,25.0,510.5
538,25.0,533.5
538,25.0,567.5
538,25.0,571.5
538,25.0,577.5
538,25.0,633.5
538,25.0,645.5
538,25.0,708.5
538,25.0,755.5
538,25.0,766.5
538,25.0,776.5
538,25.0,795.5
539,25.0,0.5
539,25.0,18.5
539,25.0,48.5
539,25.0,107.5
539,25.0,197.5
539,25.0,241.5
539,25.0,248.5
539,25.0,316.5
539,25.0,338.5
539,25.0,344.5
539,25.0,420.5
539,25.0,503.5
539,25.0,577.5
539,25.0,608.5
539,25.0,613.5
539,25.0,615.5
539,25.0,623.5
539,25.0,683.5
539,25.0,752.5
539,25.0,794.5
540,25.0,13.5
540,25.0,22.5
540,25.0,81.5
540,25.0,101.5
540,25.0,119.5
540,25.0,152.5
540,25.0,210.5
540,25.0,217.5
540,25.0,272.5
540,25.0,339.5
540,25.0,373.5
540,25.0,396.5
540,25.0,403.5
540,25.0,413.5
540,25.0,417.5
540,25.0,444.5
540,25.0,446.5
540,25.0,487.5
540,25.0,546.5
540,25.0,582.5
540,25.0,598.5
540,25.0,635.5
540,25.0,655.5
540,25.0,699.5
540,25.0,706.5
540,25.0,709.5
540,25.0,750.5
540,25.0,765.5
540,25.0,768.5
541,25.0,3.5
541,25.0,12.5
541,25.0,20.5
541,25.0,243.5
541,25.0,247.5
541,25.0,275.5
541,25.0,361.5
541,25.0,362.5
541,25.0,394.5
541,25.0,439.5
541,25.0,457.5
541,25.0,474.5
541,25.0,536.5
541,25.0,540.5
541,25.0,552.5
541,25.0,558.5
541,25.0,566.5
541,25.0,687.5
541,25.0,735.5
542,25.0,9.5
542,25.0,33.5
542,25.0,52.5
542,25.0,188.5
542,25.0,198.5
542,25.0,242.5
542,25.0,247.5
542,25.0,255.5
542,25.0,293.5
542,25.0,305.5
542,25.0,307.5
542,25.0,397.5
542,25.0,449.5
542,25.0,487.5
542,25.0,505.5
542,25.0,537.5
542,25.0,569.5
542,25.0,578.5
542,25.0,613.5
542,25.0,622.5
542,25.0,623.5
542,25.0,655.5
542,25.0,679.5
542,25.0,691.5
542,25.0,693.5
542,25.0,710.5
542,25.0,727.5
542,25.0,731.5
542,25.0,740.5
542,25.0,754.5
543,25.0,33.5
543,25.0,166.5
543,25.0,217.5
543,25.0,279.5
543,25.0,311.5
543,25.0,366.5
543,25.0,372.5
543,25.0,384.5
543,25.0,385.5
543,25.0,425.5
543,25.0,485.5
543,25.0,599.5
543,25.0,602.5
543,25.0,633.5
544,25.0,58.5
544,25.0,74.5
544,25.0,123.5
544,25.0,344.5
544,25.0,424.5
544,25.0,448.5
544,25.0,500.5
544,25.0,762.5
544,25.0,780.5
545,25.0,23.5
545,25.0,51.5
545,25.0,92.5
545,25.0,175.5
545,25.0,271.5
545,25.0,428.5
545,25.0,548.5
545,25.0,605.5
545,25.0,646.5
545,25.0,783.5
545,25.0,785.5
545,25.0,795.5
546,25.0,86.5
546,25.0,110.5
546,25.0,184.5
546,25.0,210.5
546,25.0,256.5
546,25.0,274.5
546,25.0,449.5
546,25.0,458.5
546,25.0,525.5
546,25.0,530.5
546,25.0,626.5
546,25.0,712.5
546,25.0,742.5
547,25.0,13.5
547,25.0,29.5
547,25.0,32.5
547,25.0,129.5
547,25.0,140.5
547,25.0,151.5
547,25.0,185.5
547,25.0,292.5
547,25.0,310.5
547,25.0,319.5
547,25.0,376.5
547,25.0,451.5
547,25.0,496.5
547,25.0,505.5
547,25.0,523.5
547,25.0,546.5
547,25.0,579.5
547,25.0,621.5
547,25.0,684.5
547,25.0,686.5
547,25.0,691.5
547,25.0,705.5
547,25.0,732.5
548,25.0,80.5
548,25.0,200.5
548,25.0,238.5
548,25.0,247.5
548,25.0,408.5
548,25.0,480.5
548,25.0,513.5
548,25.0,516.5
548,25.0,525.5
548,25.0,554.5
548,25.0,598.5
548,25.0,622.5
548,25.0,698.5
548,25.0,756.5
549,25.0,2.5
549,25.0,130.5
549,25.0,153.5
549,25.0,178.5
549,25.0,240.5
549,25.0,279.5
549,25.0,297.5
549,25.0,321.5
549,25.0,337.5
549,25.0,504.5
549,25.0,551.5
549,25.0,579.5
549,25.0,676.5
549,25.0,710.5
549,25.0,736.5
549,25.0,770.5
549,25.0,771.5
550,25.0,98.5
550,25.0,145.5
550,25.0,152.5
550,25.0,270.5
550,25.0,334.5
550,25.0,463.5
550,25.0,473.5
550,25.0,490.5
550,25.0,611.5
550,25.0,614.5
550,25.0,644.5
550,25.0,663.5
550,25.0,733.5
550,25.0,761.5
551,25.0,190.5
551,25.0,227.5
551,25.0,237.5
551,25.0,267.5
551,25.0,373.5
551,25.0,393.5
551,25.0,396.5
551,25.0,584.5
551,25.0,593.5
551,25.0,650.5
551,25.0,710.5
551,25.0,717.5
551,25.0,773.5
551,25.0,793.5
552,25.0,77.5
552,25.0,85.5
552,25.0,133.5
552,25.0,171.5
552,25.0,198.5
552,25.0,241.5
552,25.0,514.5
552,25.0,545.5
552,25.0,619.5
552,25.0,633.5
552,25.0,666.5
552,25.0,673.5
552,25.0,676.5
552,25.0,718.5
552,25.0,771.5
553,25.0,9.5
553,25.0,41.5
553,25.0,47.5
553,25.0,91.5
553,25.0,155.5
553,25.0,170.5
553,25.0,187.5
553,25.0,229.5
553,25.0,372.5
553,25.0,376.5
553,25.0,419.5
553,25.0,508.5
553,25.0,509.5
553,25.0,511.5
553,25.0,522.5
553,25.0,539.5
553,25.0,540.5
553,25.0,556.5
553,25.0,596.5
553,25.0,612.5
553,25.0,620.5
553,25.0,637.5
553,25.0,711.5
553,25.0,721.5
553,25.0,742.5
553,25.0,761.5
554,25.0,0.5
554,25.0,44.5
554,25.0,78.5
554,25.0,120.5
554,25.0,131.5
554,25.0,136.5
554,25.0,173.5
554,25.0,179.5
554,25.0,188.5
554,25.0,196.5
554,25.0,221.5
554,25.0,230.5
554,25.0,236.5
554,25.0,271.5
554,25.0,288.5
554,25.0,295.5
554,25.0,412.5
554,25.0,439.5
554,25.0,476.5
554,25.0,484.5
554,25.0,512.5
554,25.0,524.5
554,25.0,596.5
554,25.0,620.5
554,25.0,636.5
554,25.0,651.5
554,25.0,691.5
554,25.0,693.5
554,25.0,710.5
554,25.0,744.5
554,25.0,781.5
555,25.0,11.5
555,25.0,47.5
555,25.0,87.5
555,25.0,103.5
555,25.0,131.5
555,25.0,207.5
555,25.0,249.5
555,25.0,287.5
555,25.0,385.5
555,25.0,387.5
555,25.0,407.5
555,25.0,567.5
555,25.0,660.5
555,25.0,777.5
555,25.0,798.5
556,25.0,8.5
556,25.0,21.5
556,25.0,70.5
556,25.0,149.5
556,25.0,242.5
556,25.0,275.5
556,25.0,327.5
556,25.0,347.5
556,25.0,362.5
556,25.0,390.5
556,25.0,429.5
556,25.0,494.5
556,25.0,499.5
556,25.0,580.5
556,25.0,634.5
556,25.0,635.5
556,25.0,639.5
556,25.0,671.5
556,25.0,701.5
556,25.0,730.5
556,25.0,773.5
556,25.0,775.5
557,25.0,88.5
557,25.0,135.5
557,25.0,172.5
557,25.0,323.5
557,25.0,382.5
557,25.0,597.5
557,25.0,769.5
558,25.0,120.5
558,25.0,269.5
558,25.0,287.5
558,25.0,312.5
558,25.0,327.5
558,25.0,332.5
558,25.0,335.5
558,25.0,367.5
558,25.0,374.5
558,25.0,450.5
558,25.0,457.5
558,25.0,500.5
558,25.0,516.5
558,25.0,523.5
558,25.0,526.5
558,25.0,660.5
558,25.0,670.5
558,25.0,734.5
558,25.0,783.5
559,25.0,93.5
559,25.0,125.5
559,25.0,242.5
559,25.0,259.5
559,25.0,349.5
559,25.0,474.5
559,25.0,550.5
559,25.0,629.5
559,25.0,679.5
560,25.0,39.5
560,25.0,75.5
560,25.0,77.5
560,25.0,94.5
560,25.0,130.5
560,25.0,143.5
560,25.0,187.5
560,25.0,316.5
560,25.0,355.5
560,25.0,485.5
560,25.0,487.5
560,25.0,514.5
560,25.0,603.5
560,25.0,627.5
560,25.0,629.5
560,25.0,778.5
561,25.0,58.5
561,25.0,75.5
561,25.0,125.5
561,25.0,225.5
561,25.0,271.5
561,25.0,319.5
561,25.0,342.5
561,25.0,368.5
561,25.0,398.5
561,25.0,448.5
561,25.0,460.5
561,25.0,485.5
561,25.0,551.5
561,25.0,557.5
561,25.0,565.5
561,25.0,660.5
561,25.0,661.5
561,25.0,670.5
561,25.0,763.5
562,25.0,2.5
562,25.0,16.5
562,25.0,68.5
562,25.0,95.5
562,25.0,125.5
562,25.0,130.5
562,25.0,166.5
562,25.0,177.5
562,25.0,204.5
562,25.0,227.5
562,25.0,234.5
562,25.0,242.5
562,25.0,328.5
562,25.0,351.5
562,25.0,353.5
562,25.0,357.5
562,25.0,446.5
562,25.0,461.5
562,25.0,491.5
562,25.0,516.5
562,25.0,519.5
562,25.0,577.5
562,25.0,612.5
562,25.0,643.5
562,25.0,697.5
562,25.0,782.5
562,25.0,785.5
563,25.0,27.5
563,25.0,127.5
563,25.0,144.5
563,25.0,161.5
563,25.0,265.5
563,25.0,278.5
563,25.0,294.5
563,25.0,324.5
563,25.0,371.5
563,25.0,390.5
563,25.0,406.5
563,25.0,411.5
563,25.0,456.5
563,25.0,578.5
564,25.0,12.5
564,25.0,97.5
564,25.0,139.5
564,25.0,176.5
564,25.0,183.5
564,25.0,291.5
564,25.0,303.5
564,25.0,360.5
564,25.0,372.5
564,25.0,507.5
564,25.0,553.5
564,25.0,568.5
564,25.0,570.5
564,25.0,587.5
564,25.0,588.5
564,25.0,698.5
564,25.0,717.5
564,25.0,781.5
565,25.0,44.5
565,25.0,46.5
565,25.0,195.5
565,25.0,288.5
565,25.0,289.5
565,25.0,396.5
565,25.0,481.5
565,25.0,487.5
565,25.0,537.5
565,25.0,579.5
565,25.0,637.5
565,25.0,671.5
565,25.0,721.5
565,25.0,736.5
566,25.0,39.5
566,25.0,123.5
566,25.0,165.5
566,25.0,239.5
566,25.0,334.5
566,25.0,437.5
566,25.0,506.5
566,25.0,591.5
566,25.0,653.5
567,25.0,25.5
567,25.0,53.5
567,25.0,79.5
567,25.0,154.5
567,25.0,176.5
567,25.0,198.5
567,25.0,202.5
567,25.0,210.5
567,25.0,225.5
567,25.0,253.5
567,25.0,272.5
567,25.0,287.5
567,25.0,306.5
567,25.0,358.5
567,25.0,396.5
567,25.0,429.5
567,25.0,446.5
567,25.0,503.5
567,25.0,572.5
567,25.0,576.5
567,25.0,657.5
567,25.0,726.5
567,25.0,765.5
568,25.0,48.5
568,25.0,70.5
568,25.0,93.5
568,25.0,299.5
568,25.0,445.5
568,25.0,554.5
568,25.0,666.5
568,25.0,675.5
568,25.0,762.5
569,25.0,16.5
569,25.0,63.5
569,25.0,65.5
569,25.0,177.5
569,25.0,198.5
569,25.0,250.5
569,25.0,273.5
569,25.0,389.5
569,25.0,493.5
569,25.0,534.5
569,25.0,548.5
569,25.0,573.5
569,25.0,629.5
569,25.0,711.5
570,25.0,14.5
570,25.0,29.5
570,25.0,40.5
570,25.0,51.5
570,25.0,63.5
570,25.0,68.5
570,25.0,145.5
570,25.0,311.5
570,25.0,342.5
570,25.0,362.5
570,25.0,451.5
570,25.0,523.5
570,25.0,525.5
570,25.0,642.5
571,25.0,10.5
571,25.0,13.5
571,25.0,20.5
571,25.0,68.5
571,25.0,77.5
571,25.0,89.5
571,25.0,124.5
571,25.0,152.5
571,25.0,249.5
571,25.0,286.5
571,25.0,308.5
571,25.0,357.5
571,25.0,364.5
571,25.0,373.5
571,25.0,396.5
571,25.0,419.5
571,25.0,430.5
571,25.0,434.5
571,25.0,500.5
571,25.0,504.5
571,25.0,509.5
571,25.0,534.5
571,25.0,551.5
571,25.0,570.5
571,25.0,588.5
571,25.0,617.5
571,25.0,631.5
571,25.0,781.5
572,25.0,7.5
572,25.0,172.5
572,25.0,188.5
572,25.0,259.5
572,25.0,382.5
572,25.0,397.5
572,25.0,430.5
572,25.0,508.5
572,25.0,532.5
572,25.0,796.5
573,25.0,12.5
573,25.0,65.5
573,25.0,84.5
573,25.0,98.5
573,25.0,262.5
573,25.0,469.5
573,25.0,488.5
573,25.0,547.5
573,25.0,560.5
573,25.0,641.5
573,25.0,666.5
573,25.0,698.5
573,25.0,732.5
573,25.0,795.5
574,25.0,7.5
574,25.0,32.5
574,25.0,108.5
574,25.0,109.5
574,25.0,427.5
574,25.0,447.5
574,25.0,499.5
574,25.0,539.5
574,25.0,756.5
574,25.0,787.5
575,25.0,38.5
575,25.0,100.5
575,25.0,123.5
575,25.0,146.5
575,25.0,246.5
575,25.0,388.5
575,25.0,420.5
575,25.0,432.5
575,25.0,456.5
575,25.0,479.5
575,25.0,498.5
575,25.0,519.5
575,25.0,556.5
575,25.0,641.5
575,25.0,691.5
575,25.0,748.5
575,25.0,757.5
576,25.0,116.5
576,25.0,146.5
576,25.0,151.5
576,25.0,190.5
576,25.0,259.5
576,25.0,271.5
576,25.0,327.5
576,25.0,446.5
576,25.0,511.5
576,25.0,581.5
576,25.0,691.5
576,25.0,703.5
576,25.0,797.5
577,25.0,41.5
577,25.0,63.5
577,25.0,67.5
577,25.0,81.5
577,25.0,103.5
577,25.0,217.5
577,25.0,319.5
577,25.0,356.5
577,25.0,361.5
577,25.0,362.5
577,25.0,520.5
577,25.0,541.5
577,25.0,545.5
577,25.0,547.5
577,25.0,678.5
577,25.0,753.5
577,25.0,796.5
578,25.0,17.5
578,25.0,29.5
578,25.0,75.5
578,25.0,95.5
578,25.0,100.5
578,25.0,160.5
578,25.0,206.5
578,25.0,238.5
578,25.0,309.5
578,25.0,320.5
578,25.0,403.5
578,25.0,422.5
578,25.0,433.5
578,25.0,474.5
578,25.0,638.5
578,25.0,661.5
578,25.0,698.5
578,25.0,751.5
579,25.0,28.5
579,25.0,79.5
579,25.0,90.5
579,25.0,120.5
579,25.0,326.5
579,25.0,397.5
579,25.0,419.5
579,25.0,445.5
579,25.0,468.5
579,25.0,499.5
579,25.0,603.5
579,25.0,614.5
579,25.0,644.5
579,25.0,658.5
579,25.0,662.5
579,25.0,691.5
579,25.0,705.5
579,25.0,799.5
580,25.0,15.5
580,25.0,16.5
580,25.0,47.5
580,25.0,71.5
580,25.0,82.5
580,25.0,95.5
580,25.0,229.5
580,25.0,235.5
580,25.0,309.5
580,25.0,337.5
580,25.0,407.5
580,25.0,541.5
580,25.0,576.5
580,25.0,634.5
580,25.0,716.5
580,25.0,791.5
581,25.0,16.5
581,25.0,38.5
581,25.0,390.5
581,25.0,402.5
581,25.0,429.5
581,25.0,468.5
581,25.0,507.5
581,25.0,526.5
581,25.0,535.5
581,25.0,545.5
581,25.0,555.5
581,25.0,608.5
581,25.0,681.5
581,25.0,761.5
581,25.0,771.5
582,25.0,168.5
582,25.0,190.5
582,25.0,302.5
582,25.0,375.5
582,25.0,400.5
582,25.0,427.5
582,25.0,505.5
582,25.0,537.5
582,25.0,727.5
582,25.0,783.5
583,25.0,237.5
583,25.0,285.5
583,25.0,322.5
583,25.0,440.5
583,25.0,572.5
583,25.0,581.5
583,25.0,606.5
583,25.0,709.5
583,25.0,749.5
584,25.0,148.5
584,25.0,219.5
584,25.0,233.5
584,25.0,291.5
584,25.0,409.5
584,25.0,511.5
584,25.0,527.5
584,25.0,530.5
584,25.0,538.5
584,25.0,656.5
585,25.0,17.5
585,25.0,27.5
585,25.0,85.5
585,25.0,135.5
585,25.0,193.5
585,25.0,263.5
585,25.0,265.5
585,25.0,343.5
585,25.0,354.5
585,25.0,359.5
585,25.0,393.5
585,25.0,422.5
585,25.0,463.5
585,25.0,519.5
585,25.0,639.5
585,25.0,699.5
585,25.0,737.5
585,25.0,740.5
586,25.0,10.5
586,25.0,11.5
586,25.0,188.5
586,25.0,212.5
586,25.0,224.5
586,25.0,255.5
586,25.0,293.5
586,25.0,326.5
586,25.0,361.5
586,25.0,368.5
586,25.0,483.5
586,25.0,505.5
586,25.0,516.5
586,25.0,528.5
586,25.0,551.5
586,25.0,679.5
586,25.0,720.5
586,25.0,758.5
586,25.0,775.5
586,25.0,784.5
586,25.0,796.5
587,25.0,74.5
587,25.0,144.5
587,25.0,162.5
587,25.0,196.5
587,25.0,210.5
587,25.0,237.5
587,25.0,300.5
587,25.0,316.5
587,25.0,381.5
587,25.0,382.5
587,25.0,383.5
587,25.0,384.5
587,25.0,419.5
587,25.0,433.5
587,25.0,479.5
587,25.0,499.5
587,25.0,702.5
587,25.0,772.5
588,25.0,77.5
588,25.0,143.5
588,25.0,150.5
588,25.0,182.5
588,25.0,204.5
588,25.0,234.5
588,25.0,235.5
588,25.0,280.5
588,25.0,296.5
588,25.0,337.5
588,25.0,347.5
588,25.0,461.5
588,25.0,513.5
588,25.0,583.5
588,25.0,593.5
588,25.0,666.5
588,25.0,680.5
588,25.0,690.5
588,25.0,727.5
588,25.0,747.5
588,25.0,761.5
588,25.0,775.5
589,25.0,3.5
589,25.0,79.5
589,25.0,124.5
589,25.0,141.5
589,25.0,148.5
589,25.0,159.5
589,25.0,164.5
589,25.0,292.5
589,25.0,320.5
589,25.0,331.5
589,25.0,475.5
589,25.0,483.5
589,25.0,506.5
589,25.0,596.5
589,25.0,724.5
589,25.0,789.5
590,25.0,6.5
590,25.0,24.5
590,25.0,31.5
590,25.0,37.5
590,25.0,155.5
590,25.0,161.5
590,25.0,174.5
590,25.0,199.5
590,25.0,224.5
590,25.0,236.5
590,25.0,256.5
590,25.0,383.5
590,25.0,446.5
590,25.0,468.5
590,25.0,471.5
590,25.0,472.5
590,25.0,488.5
590,25.0,503.5
590,25.0,508.5
590,25.0,515.5
590,25.0,523.5
590,25.0,525.5
590,25.0,533.5
590,25.0,553.5
590,25.0,563.5
590,25.0,636.5
590,25.0,662.5
590,25.0,690.5
590,25.0,783.5
590,25.0,789.5
591,25.0,11.5
591,25.0,35.5
591,25.0,48.5
591,25.0,209.5
591,25.0,212.5
591,25.0,334.5
591,25.0,353.5
591,25.0,368.5
591,25.0,373.5
591,25.0,387.5
591,25.0,404.5
591,25.0,602.5
591,25.0,623.5
591,25.0,660.5
591,25.0,686.5
591,25.0,723.5
591,25.0,750.5
591,25.0,752.5
591,25.0,784.5
591,25.0,796.5
592,25.0,18.5
592,25.0,76.5
592,25.0,120.5
592,25.0,403.5
592,25.0,428.5
592,25.0,458.5
592,25.0,593.5
592,25.0,626.5
592,25.0,675.5
592,25.0,684.5
592,25.0,765.5
593,25.0,7.5
593,25.0,76.5
593,25.0,79.5
593,25.0,101.5
593,25.0,114.5
593,25.0,141.5
593,25.0,439.5
593,25.0,457.5
593,25.0,487.5
593,25.0,502.5
593,25.0,522.5
593,25.0,577.5
593,25.0,591.5
593,25.0,648.5
593,25.0,705.5
593,25.0,727.5
594,25.0,14.5
594,25.0,34.5
594,25.0,72.5
594,25.0,97.5
594,25.0,295.5
594,25.0,320.5
594,25.0,355.5
594,25.0,516.5
594,25.0,530.5
594,25.0,589.5
594,25.0,605.5
594,25.0,636.5
594,25.0,640.5
594,25.0,739.5
594,25.0,779.5
594,25.0,797.5
595,25.0,21.5
595,25.0,33.5
595,25.0,52.5
595,25.0,101.5
595,25.0,129.5
595,25.0,155.5
595,25.0,303.5
595,25.0,356.5
595,25.0,370.5
595,25.0,371.5
595,25.0,387.5
595,25.0,420.5
595,25.0,477.5
595,25.0,542.5
595,25.0,556.5
595,25.0,573.5
595,25.0,578.5
595,25.0,592.5
595,25.0,625.5
595,25.0,754.5
595,25.0,763.5
596,25.0,11.5
596,25.0,73.5
596,25.0,96.5
596,25.0,131.5
596,25.0,150.5
596,25.0,183.5
596,25.0,225.5
596,25.0,291.5
596,25.0,334.5
596,25.0,352.5
596,25.0,399.5
596,25.0,428.5
596,25.0,435.5
596,25.0,443.5
596,25.0,474.5
596,25.0,476.5
596,25.0,499.5
596,25.0,500.5
596,25.0,540.5
596,25.0,555.5
596,25.0,638.5
597,25.0,23.5
597,25.0,66.5
597,25.0,155.5
597,25.0,420.5
597,25.0,438.5
597,25.0,447.5
597,25.0,492.5
597,25.0,504.5
597,25.0,541.5
597,25.0,547.5
597,25.0,558.5
597,25.0,569.5
597,25.0,587.5
597,25.0,702.5
598,25.0,53.5
598,25.0,102.5
598,25.0,160.5
598,25.0,199.5
598,25.0,220.5
598,25.0,231.5
598,25.0,339.5
598,25.0,350.5
598,25.0,385.5
598,25.0,410.5
598,25.0,456.5
598,25.0,477.5
598,25.0,532.5
598,25.0,586.5
598,25.0,644.5
598,25.0,673.5
598,25.0,688.5
598,25.0,739.5
598,25.0,750.5
598,25.0,758.5
598,25.0,796.5
599,25.0,2.5
599,25.0,15.5
599,25.0,40.5
599,25.0,98.5
599,25.0,182.5
599,25.0,277.5
599,25.0,297.5
599,25.0,317.5
599,25.0,390.5
599,25.0,423.5
599,25.0,479.5
599,25.0,501.5
599,25.0,572.5
599,25.0,644.5
599,25.0,690.5
599,25.0,693.5
599,25.0,753.5
600,25.0,35.5
600,25.0,87.5
600,25.0,146.5
600,25.0,304.5
600,25.0,398.5
600,25.0,419.5
600,25.0,441.5
600,25.0,464.5
600,25.0,615.5
600,25.0,723.5
601,25.0,39.5
601,25.0,91.5
601,25.0,198.5
601,25.0,232.5
601,25.0,317.5
601,25.0,397.5
601,25.0,490.5
601,25.0,641.5
601,25.0,797.5
602,25.0,0.5
602,25.0,111.5
602,25.0,263.5
602,25.0,271.5
602,25.0,291.5
602,25.0,310.5
602,25.0,329.5
602,25.0,347.5
602,25.0,391.5
602,25.0,396.5
602,25.0,445.5
602,25.0,478.5
602,25.0,479.5
602,25.0,494.5
602,25.0,548.5
602,25.0,710.5
602,25.0,713.5
602,25.0,719.5
602,25.0,723.5
603,25.0,60.5
603,25.0,85.5
603,25.0,91.5
603,25.0,165.5
603,25.0,306.5
603,25.0,330.5
603,25.0,382.5
603,25.0,402.5
603,25.0,442.5
603,25.0,454.5
603,25.0,457.5
603,25.0,467.5
603,25.0,524.5
603,25.0,526.5
603,25.0,546.5
603,25.0,596.5
603,25.0,680.5
603,25.0,688.5
603,25.0,689.5
603,25.0,699.5
603,25.0,738.5
603,25.0,788.5
603,25.0,797.5
604,25.0,11.5
604,25.0,69.5
604,25.0,74.5
604,25.0,76.5
604,25.0,85.5
604,25.0,91.5
604,25.0,101.5
604,25.0,126.5
604,25.0,178.5
604,25.0,288.5
604,25.0,293.5
604,25.0,295.5
604,25.0,337.5
604,25.0,377.5
604,25.0,401.5
604,25.0,447.5
604,25.0,450.5
604,25.0,508.5
604,25.0,521.5
604,25.0,525.5
604,25.0,534.5
604,25.0,535.5
604,25.0,539.5
604,25.0,559.5
604,25.0,562.5
604,25.0,579.5
604,25.0,645.5
604,25.0,647.5
604,25.0,657.5
604,25.0,771.5
605,25.0,270.5
605,25.0,284.5
605,25.0,633.5
605,25.0,658.5
605,25.0,701.5
605,25.0,704.5
605,25.0,711.5
605,25.0,722.5
605,25.0,751.5
606,25.0,8.5
606,25.0,51.5
606,25.0,96.5
606,25.0,110.5
606,25.0,154.5
606,25.0,186.5
606,25.0,201.5
606,25.0,203.5
606,25.0,304.5
606,25.0,380.5
606,25.0,420.5
606,25.0,430.5
606,25.0,445.5
606,25.0,453.5
606,25.0,474.5
606,25.0,503.5
606,25.0,513.5
606,25.0,524.5
606,25.0,650.5
606,25.0,664.5
606,25.0,671.5
606,25.0,672.5
606,25.0,682.5
606,25.0,710.5
607,25.0,64.5
607,25.0,108.5
607,25.0,210.5
607,25.0,307.5
607,25.0,339.5
607,25.0,342.5
607,25.0,489.5
607,25.0,515.5
607,25.0,553.5
607,25.0,573.5
607,25.0,612.5
607,25.0,645.5
607,25.0,649.5
608,25.0,108.5
608,25.0,134.5
608,25.0,203.5
608,25.0,316.5
608,25.0,325.5
608,25.0,363.5
608,25.0,482.5
608,25.0,497.5
608,25.0,556.5
608,25.0,618.5
608,25.0,688.5
608,25.0,706.5
608,25.0,731.5
609,25.0,38.5
609,25.0,44.5
609,25.0,84.5
609,25.0,88.5
609,25.0,90.5
609,25.0,103.5
609,25.0,125.5
609,25.0,126.5
609,25.0,132.5
609,25.0,224.5
609,25.0,253.5
609,25.0,278.5
609,25.0,314.5
609,25.0,424.5
609,25.0,487.5
609,25.0,512.5
609,25.0,564.5
609,25.0,597.5
609,25.0,603.5
609,25.0,633.5
609,25.0,642.5
609,25.0,644.5
609,25.0,669.5
609,25.0,724.5
609,25.0,736.5
609,25.0,777.5
610,25.0,97.5
610,25.0,122.5
610,25.0,130.5
610,25.0,180.5
610,25.0,221.5
610,25.0,247.5
610,25.0,248.5
610,25.0,352.5
610,25.0,385.5
610,25.0,415.5
610,25.0,428.5
610,25.0,439.5
610,25.0,463.5
610,25.0,477.5
610,25.0,650.5
610,25.0,738.5
610,25.0,751.5
610,25.0,765.5
610,25.0,779.5
611,25.0,6.5
611,25.0,34.5
611,25.0,175.5
611,25.0,181.5
611,25.0,229.5
611,25.0,257.5
611,25.0,303.5
611,25.0,338.5
611,25.0,346.5
611,25.0,527.5
611,25.0,584.5
611,25.0,674.5
612,25.0,216.5
612,25.0,264.5
612,25.0,295.5
612,25.0,342.5
612,25.0,422.5
612,25.0,483.5
612,25.0,521.5
612,25.0,593.5
612,25.0,659.5
613,25.0,10.5
613,25.0,21.5
613,25.0,32.5
613,25.0,46.5
613,25.0,55.5
613,25.0,88.5
613,25.0,97.5
613,25.0,236.5
613,25.0,239.5
613,25.0,249.5
613,25.0,311.5
613,25.0,350.5
613,25.0,472.5
613,25.0,525.5
613,25.0,652.5
613,25.0,678.5
614,25.0,138.5
614,25.0,274.5
614,25.0,277.5
614,25.0,371.5
614,25.0,433.5
614,25.0,438.5
614,25.0,518.5
614,25.0,611.5
614,25.0,749.5
615,25.0,98.5
615,25.0,147.5
615,25.0,166.5
615,25.0,279.5
615,25.0,293.5
615,25.0,340.5
615,25.0,367.5
615,25.0,378.5
615,25.0,435.5
615,25.0,450.5
615,25.0,481.5
615,25.0,555.5
615,25.0,673.5
615,25.0,712.5
615,25.0,730.5
616,25.0,1.5
616,25.0,141.5
616,25.0,219.5
616,25.0,269.5
616,25.0,286.5
616,25.0,291.5
616,25.0,317.5
616,25.0,349.5
616,25.0,492.5
616,25.0,606.5
616,25.0,700.5
616,25.0,722.5
617,25.0,28.5
617,25.0,45.5
617,25.0,49.5
617,25.0,99.5
617,25.0,101.5
617,25.0,129.5
617,25.0,130.5
617,25.0,166.5
617,25.0,351.5
617,25.0,428.5
617,25.0,475.5
617,25.0,481.5
617,25.0,488.5
617,25.0,508.5
617,25.0,555.5
617,25.0,559.5
617,25.0,629.5
617,25.0,640.5
617,25.0,677.5
617,25.0,680.5
617,25.0,725.5
617,25.0,760.5
618,25.0,33.5
618,25.0,46.5
618,25.0,53.5
618,25.0,145.5
618,25.0,205.5
618,25.0,300.5
618,25.0,317.5
618,25.0,377.5
618,25.0,411.5
618,25.0,464.5
618,25.0,531.5
618,25.0,578.5
618,25.0,615.5
618,25.0,681.5
619,25.0,33.5
619,25.0,64.5
619,25.0,90.5
619,25.0,105.5
619,25.0,246.5
619,25.0,461.5
619,25.0,474.5
619,25.0,562.5
619,25.0,575.5
619,25.0,616.5
619,25.0,645.5
619,25.0,661.5
619,25.0,758.5
620,25.0,6.5
620,25.0,26.5
620,25.0,31.5
620,25.0,59.5
620,25.0,94.5
620,25.0,128.5
620,25.0,162.5
620,25.0,168.5
620,25.0,226.5
620,25.0,242.5
620,25.0,244.5
620,25.0,265.5
620,25.0,313.5
620,25.0,326.5
620,25.0,382.5
620,25.0,475.5
620,25.0,553.5
620,25.0,557.5
620,25.0,589.5
620,25.0,593.5
620,25.0,627.5
620,25.0,636.5
620,25.0,648.5
620,25.0,690.5
620,25.0,696.5
620,25.0,755.5
621,25.0,203.5
621,25.0,249.5
621,25.0,259.5
621,25.0,367.5
621,25.0,445.5
621,25.0,479.5
621,25.0,524.5
621,25.0,578.5
621,25.0,585.5
621,25.0,634.5
621,25.0,664.5
622,25.0,17.5
622,25.0,23.5
622,25.0,64.5
622,25.0,121.5
622,25.0,149.5
622,25.0,152.5
622,25.0,178.5
622,25.0,275.5
622,25.0,373.5
622,25.0,407.5
622,25.0,420.5
622,25.0,595.5
622,25.0,672.5
623,25.0,20.5
623,25.0,227.5
623,25.0,279.5
623,25.0,296.5
623,25.0,316.5
623,25.0,332.5
623,25.0,465.5
623,25.0,524.5
623,25.0,561.5
623,25.0,578.5
623,25.0,600.5
623,25.0,615.5
623,25.0,628.5
623,25.0,684.5
623,25.0,738.5
623,25.0,775.5
624,25.0,29.5
624,25.0,186.5
624,25.0,236.5
624,25.0,237.5
624,25.0,327.5
624,25.0,414.5
624,25.0,428.5
624,25.0,435.5
624,25.0,469.5
624,25.0,597.5
624,25.0,607.5
625,25.0,3.5
625,25.0,12.5
625,25.0,65.5
625,25.0,76.5
625,25.0,92.5
625,25.0,124.5
625,25.0,154.5
625,25.0,174.5
625,25.0,179.5
625,25.0,192.5
625,25.0,195.5
625,25.0,247.5
625,25.0,263.5
625,25.0,313.5
625,25.0,331.5
625,25.0,360.5
625,25.0,397.5
625,25.0,507.5
625,25.0,554.5
625,25.0,567.5
625,25.0,605.5
625,25.0,622.5
625,25.0,635.5
626,25.0,45.5
626,25.0,57.5
626,25.0,99.5
626,25.0,137.5
626,25.0,189.5
626,25.0,281.5
626,25.0,290.5
626,25.0,454.5
626,25.0,571.5
626,25.0,578.5
626,25.0,766.5
627,25.0,35.5
627,25.0,228.5
627,25.0,320.5
627,25.0,339.5
627,25.0,349.5
627,25.0,407.5
627,25.0,506.5
627,25.0,515.5
627,25.0,598.5
627,25.0,721.5
627,25.0,743.5
627,25.0,754.5
627,25.0,765.5
627,25.0,774.5
628,25.0,32.5
628,25.0,85.5
628,25.0,187.5
628,25.0,210.5
628,25.0,212.5
628,25.0,330.5
628,25.0,407.5
628,25.0,423.5
628,25.0,570.5
628,25.0,615.5
628,25.0,658.5
629,25.0,18.5
629,25.0,147.5
629,25.0,275.5
629,25.0,375.5
629,25.0,393.5
629,25.0,428.5
629,25.0,438.5
629,25.0,573.5
629,25.0,673.5
629,25.0,709.5
629,25.0,753.5
629,25.0,780.5
630,25.0,0.5
630,25.0,1.5
630,25.0,8.5
630,25.0,10.5
630,25.0,97.5
630,25.0,113.5
630,25.0,118.5
630,25.0,120.5
630,25.0,140.5
630,25.0,152.5
630,25.0,195.5
630,25.0,252.5
630,25.0,332.5
630,25.0,338.5
630,25.0,440.5
630,25.0,464.5
630,25.0,532.5
630,25.0,542.5
630,25.0,548.5
630,25.0,569.5
630,25.0,623.5
630,25.0,778.5
630,25.0,780.5
631,25.0,83.5
631,25.0,100.5
631,25.0,107.5
631,25.0,156.5
631,25.0,167.5
631,25.0,209.5
631,25.0,232.5
631,25.0,259.5
631,25.0,277.5
631,25.0,402.5
631,25.0,414.5
631,25.0,435.5
631,25.0,462.5
631,25.0,537.5
631,25.0,610.5
631,25.0,710.5
631,25.0,747.5
631,25.0,748.5
631,25.0,777.5
632,25.0,37.5
632,25.0,84.5
632,25.0,128.5
632,25.0,159.5
632,25.0,278.5
632,25.0,297.5
632,25.0,332.5
632,25.0,378.5
632,25.0,563.5
632,25.0,627.5
632,25.0,646.5
632,25.0,657.5
633,25.0,6.5
633,25.0,28.5
633,25.0,90.5
633,25.0,112.5
633,25.0,179.5
633,25.0,292.5
633,25.0,323.5
633,25.0,359.5
633,25.0,398.5
633,25.0,445.5
633,25.0,487.5
633,25.0,523.5
633,25.0,555.5
633,25.0,591.5
633,25.0,616.5
633,25.0,692.5
633,25.0,698.5
633,25.0,718.5
633,25.0,759.5
634,25.0,22.5
634,25.0,153.5
634,25.0,275.5
634,25.0,280.5
634,25.0,306.5
634,25.0,390.5
634,25.0,409.5
634,25.0,455.5
634,25.0,603.5
634,25.0,628.5
634,25.0,643.5
634,25.0,649.5
634,25.0,662.5
634,25.0,689.5
634,25.0,694.5
634,25.0,720.5
635,25.0,12.5
635,25.0,15.5
635,25.0,43.5
635,25.0,68.5
635,25.0,76.5
635,25.0,93.5
635,25.0,117.5
635,25.0,127.5
635,25.0,143.5
635,25.0,218.5
635,25.0,225.5
635,25.0,261.5
635,25.0,297.5
635,25.0,300.5
635,25.0,338.5
635,25.0,343.5
635,25.0,369.5
635,25.0,479.5
635,25.0,500.5
635,25.0,540.5
635,25.0,645.5
635,25.0,668.5
635,25.0,681.5
635,25.0,787.5
636,25.0,38.5
636,25.0,60.5
636,25.0,176.5
636,25.0,205.5
636,25.0,251.5
636,25.0,280.5
636,25.0,304.5
636,25.0,327.5
636,25.0,413.5
636,25.0,662.5
636,25.0,721.5
636,25.0,747.5
637,25.0,19.5
637,25.0,54.5
637,25.0,64.5
637,25.0,105.5
637,25.0,158.5
637,25.0,181.5
637,25.0,222.5
637,25.0,245.5
637,25.0,268.5
637,25.0,269.5
637,25.0,274.5
637,25.0,348.5
637,25.0,451.5
637,25.0,495.5
637,25.0,502.5
637,25.0,503.5
637,25.0,507.5
637,25.0,543.5
637,25.0,551.5
637,25.0,612.5
637,25.0,623.5
637,25.0,652.5
637,25.0,693.5
637,25.0,702.5
637,25.0,753.5
637,25.0,767.5
638,25.0,55.5
638,25.0,62.5
638,25.0,95.5
638,25.0,137.5
638,25.0,185.5
638,25.0,201.5
638,25.0,229.5
638,25.0,292.5
638,25.0,371.5
638,25.0,433.5
638,25.0,477.5
638,25.0,479.5
638,25.0,481.5
638,25.0,512.5
638,25.0,527.5
638,25.0,587.5
638,25.0,680.5
638,25.0,727.5
639,25.0,19.5
639,25.0,23.5
639,25.0,74.5
639,25.0,93.5
639,25.0,107.5
639,25.0,178.5
639,25.0,201.5
639,25.0,272.5
639,25.0,323.5
639,25.0,395.5
639,25.0,405.5
639,25.0,415.5
639,25.0,450.5
639,25.0,475.5
639,25.0,490.5
639,25.0,578.5
639,25.0,582.5
639,25.0,597.5
639,25.0,712.5
639,25.0,725.5
639,25.0,740.5
639,25.0,763.5
640,25.0,58.5
640,25.0,65.5
640,25.0,92.5
640,25.0,107.5
640,25.0,185.5
640,25.0,190.5
640,25.0,238.5
640,25.0,263.5
640,25.0,339.5
640,25.0,371.5
640,25.0,386.5
640,25.0,394.5
640,25.0,433.5
640,25.0,463.5
640,25.0,564.5
640,25.0,570.5
641,25.0,31.5
641,25.0,79.5
641,25.0,101.5
641,25.0,111.5
641,25.0,171.5
641,25.0,178.5
641,25.0,298.5
641,25.0,364.5
641,25.0,400.5
641,25.0,438.5
641,25.0,456.5
641,25.0,458.5
641,25.0,529.5
641,25.0,595.5
641,25.0,612.5
641,25.0,718.5
641,25.0,774.5
641,25.0,776.5
642,25.0,142.5
642,25.0,154.5
642,25.0,159.5
642,25.0,235.5
642,25.0,241.5
642,25.0,281.5
642,25.0,397.5
642,25.0,401.5
642,25.0,453.5
642,25.0,475.5
642,25.0,503.5
642,25.0,593.5
642,25.0,638.5
642,25.0,735.5
642,25.0,799.5
643,25.0,37.5
643,25.0,77.5
643,25.0,105.5
643,25.0,121.5
643,25.0,127.5
643,25.0,206.5
643,25.0,262.5
643,25.0,301.5
643,25.0,339.5
643,25.0,425.5
643,25.0,470.5
643,25.0,487.5
643,25.0,576.5
643,25.0,584.5
643,25.0,603.5
643,25.0,606.5
643,25.0,643.5
643,25.0,658.5
643,25.0,733.5
643,25.0,792.5
644,25.0,34.5
644,25.0,49.5
644,25.0,64.5
644,25.0,115.5
644,25.0,172.5
644,25.0,292.5
644,25.0,332.5
644,25.0,365.5
644,25.0,446.5
644,25.0,450.5
644,25.0,541.5
644,25.0,619.5
644,25.0,640.5
644,25.0,645.5
645,25.0,83.5
645,25.0,103.5
645,25.0,235.5
645,25.0,305.5
645,25.0,535.5
645,25.0,590.5
645,25.0,615.5
645,25.0,646.5
645,25.0,689.5
646,25.0,33.5
646,25.0,37.5
646,25.0,105.5
646,25.0,126.5
646,25.0,128.5
646,25.0,135.5
646,25.0,148.5
646,25.0,152.5
646,25.0,191.5
646,25.0,243.5
646,25.0,378.5
646,25.0,407.5
646,25.0,437.5
646,25.0,466.5
646,25.0,493.5
646,25.0,506.5
646,25.0,543.5
646,25.0,611.5
646,25.0,653.5
646,25.0,775.5
646,25.0,776.5
647,25.0,21.5
647,25.0,52.5
647,25.0,179.5
647,25.0,185.5
647,25.0,295.5
647,25.0,303.5
647,25.0,420.5
647,25.0,431.5
647,25.0,448.5
647,25.0,457.5
647,25.0,482.5
647,25.0,485.5
647,25.0,549.5
647,25.0,595.5
647,25.0,653.5
647,25.0,657.5
647,25.0,660.5
648,25.0,1.5
648,25.0,82.5
648,25.0,109.5
648,25.0,145.5
648,25.0,148.5
648,25.0,197.5
648,25.0,224.5
648,25.0,286.5
648,25.0,316.5
648,25.0,362.5
648,25.0,432.5
648,25.0,466.5
648,25.0,528.5
648,25.0,536.5
648,25.0,541.5
648,25.0,551.5
648,25.0,595.5
648,25.0,642.5
648,25.0,651.5
648,25.0,662.5
648,25.0,753.5
648,25.0,758.5
648,25.0,759.5
648,25.0,764.5
648,25.0,795.5
649,25.0,43.5
649,25.0,112.5
649,25.0,352.5
649,25.0,370.5
649,25.0,401.5
649,25.0,460.5
649,25.0,479.5
649,25.0,512.5
649,25.0,539.5
649,25.0,548.5
649,25.0,611.5
649,25.0,651.5
649,25.0,712.5
650,25.0,100.5
650,25.0,269.5
650,25.0,277.5
650,25.0,389.5
650,25.0,420.5
651,25.0,19.5
651,25.0,20.5
651,25.0,42.5
651,25.0,54.5
651,25.0,75.5
651,25.0,139.5
651,25.0,156.5
651,25.0,158.5
651,25.0,220.5
651,25.0,266.5
651,25.0,278.5
651,25.0,302.5
651,25.0,345.5
651,25.0,414.5
651,25.0,458.5
651,25.0,509.5
651,25.0,620.5
651,25.0,669.5
651,25.0,731.5
651,25.0,765.5
652,25.0,43.5
652,25.0,127.5
652,25.0,328.5
652,25.0,374.5
652,25.0,397.5
652,25.0,413.5
652,25.0,478.5
652,25.0,506.5
652,25.0,577.5
652,25.0,594.5
652,25.0,598.5
652,25.0,599.5
652,25.0,628.5
652,25.0,633.5
652,25.0,715.5
652,25.0,730.5
653,25.0,4.5
653,25.0,132.5
653,25.0,137.5
653,25.0,139.5
653,25.0,178.5
653,25.0,210.5
653,25.0,234.5
653,25.0,281.5
653,25.0,331.5
653,25.0,339.5
653,25.0,343.5
653,25.0,381.5
653,25.0,454.5
653,25.0,460.5
653,25.0,484.5
653,25.0,516.5
653,25.0,518.5
653,25.0,565.5
653,25.0,690.5
653,25.0,713.5
653,25.0,720.5
653,25.0,744.5
653,25.0,753.5
654,25.0,98.5
654,25.0,159.5
654,25.0,211.5
654,25.0,265.5
654,25.0,290.5
654,25.0,352.5
654,25.0,373.5
654,25.0,405.5
654,25.0,560.5
654,25.0,589.5
654,25.0,618.5
654,25.0,680.5
654,25.0,758.5
655,25.0,29.5
655,25.0,73.5
655,25.0,158.5
655,25.0,183.5
655,25.0,190.5
655,25.0,323.5
655,25.0,394.5
655,25.0,399.5
655,25.0,527.5
655,25.0,610.5
655,25.0,625.5
655,25.0,759.5
656,25.0,128.5
656,25.0,138.5
656,25.0,216.5
656,25.0,300.5
656,25.0,415.5
656,25.0,419.5
656,25.0,450.5
656,25.0,511.5
656,25.0,517.5
656,25.0,537.5
656,25.0,586.5
656,25.0,587.5
656,25.0,668.5
657,25.0,52.5
657,25.0,71.5
657,25.0,135.5
657,25.0,149.5
657,25.0,160.5
657,25.0,173.5
657,25.0,183.5
657,25.0,246.5
657,25.0,287.5
657,25.0,294.5
657,25.0,345.5
657,25.0,354.5
657,25.0,401.5
657,25.0,458.5
657,25.0,464.5
657,25.0,578.5
657,25.0,652.5
657,25.0,662.5
657,25.0,674.5
657,25.0,682.5
657,25.0,685.5
657,25.0,719.5
657,25.0,738.5
657,25.0,794.5
658,25.0,3.5
658,25.0,151.5
658,25.0,179.5
658,25.0,180.5
658,25.0,192.5
658,25.0,210.5
658,25.0,247.5
658,25.0,304.5
658,25.0,307.5
658,25.0,325.5
658,25.0,326.5
658,25.0,357.5
658,25.0,416.5
658,25.0,426.5
658,25.0,436.5
658,25.0,518.5
658,25.0,534.5
658,25.0,535.5
658,25.0,629.5
658,25.0,756.5
658,25.0,797.5
659,25.0,18.5
659,25.0,47.5
659,25.0,95.5
659,25.0,164.5
659,25.0,203.5
659,25.0,298.5
659,25.0,336.5
659,25.0,353.5
659,25.0,415.5
659,25.0,432.5
659,25.0,435.5
659,25.0,451.5
659,25.0,566.5
659,25.0,635.5
659,25.0,675.5
659,25.0,711.5
659,25.0,735.5
659,25.0,773.5
659,25.0,787.5
660,25.0,11.5
660,25.0,222.5
660,25.0,300.5
660,25.0,341.5
660,25.0,347.5
660,25.0,511.5
660,25.0,554.5
660,25.0,768.5
661,25.0,20.5
661,25.0,78.5
661,25.0,167.5
661,25.0,252.5
661,25.0,328.5
661,25.0,333.5
661,25.0,454.5
661,25.0,517.5
661,25.0,557.5
661,25.0,576.5
661,25.0,642.5
661,25.0,685.5
661,25.0,718.5
661,25.0,736.5
661,25.0,753.5
662,25.0,67.5
662,25.0,117.5
662,25.0,264.5
662,25.0,500.5
662,25.0,613.5
662,25.0,634.5
662,25.0,698.5
662,25.0,737.5
662,25.0,787.5
663,25.0,72.5
663,25.0,75.5
663,25.0,124.5
663,25.0,125.5
663,25.0,168.5
663,25.0,239.5
663,25.0,278.5
663,25.0,280.5
663,25.0,309.5
663,25.0,310.5
663,25.0,350.5
663,25.0,356.5
663,25.0,397.5
663,25.0,433.5
663,25.0,589.5
663,25.0,604.5
663,25.0,653.5
663,25.0,691.5
663,25.0,731.5
663,25.0,737.5
663,25.0,747.5
664,25.0,42.5
664,25.0,113.5
664,25.0,153.5
664,25.0,164.5
664,25.0,203.5
664,25.0,212.5
664,25.0,216.5
664,25.0,250.5
664,25.0,367.5
664,25.0,457.5
664,25.0,521.5
664,25.0,525.5
664,25.0,532.5
664,25.0,599.5
664,25.0,601.5
664,25.0,702.5
665,25.0,16.5
665,25.0,57.5
665,25.0,73.5
665,25.0,114.5
665,25.0,245.5
665,25.0,296.5
665,25.0,324.5
665,25.0,336.5
665,25.0,338.5
665,25.0,377.5
665,25.0,379.5
665,25.0,411.5
665,25.0,489.5
665,25.0,578.5
665,25.0,649.5
666,25.0,57.5
666,25.0,181.5
666,25.0,205.5
666,25.0,237.5
666,25.0,283.5
666,25.0,312.5
666,25.0,336.5
666,25.0,403.5
666,25.0,487.5
666,25.0,490.5
666,25.0,508.5
666,25.0,677.5
666,25.0,701.5
666,25.0,726.5
666,25.0,759.5
667,25.0,1.5
667,25.0,14.5
667,25.0,184.5
667,25.0,264.5
667,25.0,273.5
667,25.0,315.5
667,25.0,323.5
667,25.0,382.5
667,25.0,396.5
667,25.0,442.5
667,25.0,477.5
667,25.0,480.5
667,25.0,553.5
667,25.0,557.5
667,25.0,665.5
668,25.0,72.5
668,25.0,188.5
668,25.0,262.5
668,25.0,300.5
668,25.0,397.5
668,25.0,427.5
668,25.0,461.5
668,25.0,549.5
668,25.0,603.5
668,25.0,665.5
668,25.0,689.5
668,25.0,737.5
669,25.0,15.5
669,25.0,26.5
669,25.0,94.5
669,25.0,121.5
669,25.0,250.5
669,25.0,303.5
669,25.0,325.5
669,25.0,458.5
669,25.0,524.5
669,25.0,634.5
669,25.0,673.5
669,25.0,684.5
669,25.0,686.5
669,25.0,697.5
669,25.0,699.5
669,25.0,708.5
669,25.0,723.5
670,25.0,11.5
670,25.0,37.5
670,25.0,40.5
670,25.0,50.5
670,25.0,61.5
670,25.0,144.5
670,25.0,202.5
670,25.0,263.5
670,25.0,281.5
670,25.0,350.5
670,25.0,404.5
670,25.0,471.5
670,25.0,482.5
670,25.0,509.5
670,25.0,516.5
670,25.0,577.5
670,25.0,600.5
670,25.0,604.5
670,25.0,612.5
670,25.0,744.5
670,25.0,760.5
670,25.0,780.5
671,25.0,103.5
671,25.0,108.5
671,25.0,117.5
671,25.0,149.5
671,25.0,200.5
671,25.0,236.5
671,25.0,408.5
671,25.0,423.5
671,25.0,488.5
671,25.0,493.5
671,25.0,499.5
671,25.0,513.5
671,25.0,525.5
671,25.0,529.5
671,25.0,573.5
671,25.0,679.5
671,25.0,692.5
671,25.0,721.5
671,25.0,731.5
671,25.0,749.5
671,25.0,759.5
671,25.0,779.5
671,25.0,793.5
672,25.0,79.5
672,25.0,98.5
672,25.0,174.5
672,25.0,183.5
672,25.0,215.5
672,25.0,271.5
672,25.0,294.5
672,25.0,335.5
672,25.0,341.5
672,25.0,343.5
672,25.0,409.5
672,25.0,418.5
672,25.0,464.5
672,25.0,512.5
672,25.0,580.5
672,25.0,610.5
672,25.0,699.5
672,25.0,717.5
673,25.0,30.5
673,25.0,65.5
673,25.0,125.5
673,25.0,170.5
673,25.0,203.5
673,25.0,245.5
673,25.0,541.5
673,25.0,550.5
673,25.0,794.5
674,25.0,21.5
674,25.0,201.5
674,25.0,318.5
674,25.0,365.5
674,25.0,509.5
674,25.0,662.5
674,25.0,679.5
674,25.0,735.5
675,25.0,25.5
675,25.0,41.5
675,25.0,65.5
675,25.0,73.5
675,25.0,146.5
675,25.0,154.5
675,25.0,182.5
675,25.0,266.5
675,25.0,299.5
675,25.0,477.5
675,25.0,634.5
675,25.0,719.5
675,25.0,732.5
676,25.0,20.5
676,25.0,42.5
676,25.0,119.5
676,25.0,163.5
676,25.0,174.5
676,25.0,177.5
676,25.0,206.5
676,25.0,239.5
676,25.0,252.5
676,25.0,284.5
676,25.0,364.5
676,25.0,444.5
676,25.0,481.5
676,25.0,569.5
676,25.0,578.5
676,25.0,660.5
676,25.0,666.5
676,25.0,733.5
677,25.0,18.5
677,25.0,87.5
677,25.0,105.5
677,25.0,110.5
677,25.0,148.5
677,25.0,154.5
677,25.0,158.5
677,25.0,168.5
677,25.0,267.5
677,25.0,298.5
677,25.0,369.5
677,25.0,398.5
677,25.0,438.5
677,25.0,463.5
677,25.0,499.5
677,25.0,507.5
677,25.0,577.5
677,25.0,581.5
677,25.0,634.5
677,25.0,671.5
677,25.0,721.5
677,25.0,731.5
677,25.0,781.5
678,25.0,66.5
678,25.0,79.5
678,25.0,133.5
678,25.0,218.5
678,25.0,314.5
678,25.0,402.5
678,25.0,491.5
678,25.0,577.5
678,25.0,628.5
678,25.0,635.5
678,25.0,645.5
678,25.0,680.5
679,25.0,6.5
679,25.0,32.5
679,25.0,80.5
679,25.0,106.5
679,25.0,109.5
679,25.0,120.5
679,25.0,184.5
679,25.0,204.5
679,25.0,237.5
679,25.0,264.5
679,25.0,322.5
679,25.0,360.5
679,25.0,374.5
679,25.0,396.5
679,25.0,468.5
679,25.0,497.5
679,25.0,537.5
679,25.0,606.5
679,25.0,637.5
679,25.0,639.5
679,25.0,640.5
679,25.0,718.5
679,25.0,723.5
679,25.0,747.5
679,25.0,780.5
679,25.0,792.5
680,25.0,30.5
680,25.0,74.5
680,25.0,75.5
680,25.0,83.5
680,25.0,134.5
680,25.0,185.5
680,25.0,240.5
680,25.0,244.5
680,25.0,307.5
680,25.0,315.5
680,25.0,346.5
680,25.0,348.5
680,25.0,350.5
680,25.0,370.5
680,25.0,378.5
680,25.0,398.5
680,25.0,446.5
680,25.0,478.5
680,25.0,479.5
680,25.0,527.5
680,25.0,594.5
680,25.0,677.5
680,25.0,680.5
680,25.0,702.5
680,25.0,726.5
680,25.0,778.5
681,25.0,9.5
681,25.0,44.5
681,25.0,46.5
681,25.0,305.5
681,25.0,380.5
681,25.0,514.5
681,25.0,564.5
681,25.0,609.5
681,25.0,752.5
681,25.0,781.5
682,25.0,10.5
682,25.0,33.5
682,25.0,81.5
682,25.0,240.5
682,25.0,271.5
682,25.0,272.5
682,25.0,331.5
682,25.0,399.5
682,25.0,550.5
682,25.0,622.5
682,25.0,634.5
682,25.0,654.5
683,25.0,114.5
683,25.0,162.5
683,25.0,278.5
683,25.0,289.5
683,25.0,307.5
683,25.0,310.5
683,25.0,315.5
683,25.0,426.5
683,25.0,527.5
683,25.0,553.5
683,25.0,573.5
683,25.0,588.5
683,25.0,589.5
683,25.0,656.5
683,25.0,724.5
684,25.0,4.5
684,25.0,30.5
684,25.0,95.5
684,25.0,104.5
684,25.0,359.5
684,25.0,579.5
684,25.0,616.5
684,25.0,643.5
684,25.0,716.5
684,25.0,717.5
684,25.0,726.5
684,25.0,730.5
684,25.0,742.5
684,25.0,755.5
685,25.0,0.5
685,25.0,9.5
685,25.0,77.5
685,25.0,122.5
685,25.0,127.5
685,25.0,151.5
685,25.0,155.5
685,25.0,369.5
685,25.0,432.5
685,25.0,440.5
685,25.0,458.5
685,25.0,477.5
685,25.0,538.5
685,25.0,548.5
685,25.0,587.5
685,25.0,623.5
685,25.0,627.5
685,25.0,636.5
685,25.0,692.5
685,25.0,707.5
685,25.0,748.5
685,25.0,781.5
686,25.0,6.5
686,25.0,227.5
686,25.0,309.5
686,25.0,348.5
686,25.0,433.5
686,25.0,642.5
686,25.0,643.5
686,25.0,655.5
686,25.0,669.5
687,25.0,269.5
687,25.0,275.5
687,25.0,283.5
687,25.0,471.5
687,25.0,616.5
687,25.0,695.5
688,25.0,88.5
688,25.0,125.5
688,25.0,151.5
688,25.0,312.5
688,25.0,338.5
688,25.0,409.5
688,25.0,415.5
688,25.0,446.5
688,25.0,453.5
688,25.0,477.5
688,25.0,483.5
688,25.0,502.5
688,25.0,525.5
688,25.0,600.5
688,25.0,623.5
688,25.0,669.5
688,25.0,689.5
688,25.0,710.5
688,25.0,777.5
688,25.0,787.5
689,25.0,21.5
689,25.0,57.5
689,25.0,76.5
689,25.0,77.5
689,25.0,241.5
689,25.0,249.5
689,25.0,267.5
689,25.0,277.5
689,25.0,359.5
689,25.0,448.5
689,25.0,472.5
689,25.0,500.5
689,25.0,601.5
689,25.0,612.5
689,25.0,618.5
689,25.0,632.5
689,25.0,677.5
689,25.0,678.5
689,25.0,715.5
689,25.0,775.5
689,25.0,796.5
690,25.0,16.5
690,25.0,59.5
690,25.0,60.5
690,25.0,78.5
690,25.0,81.5
690,25.0,87.5
690,25.0,99.5
690,25.0,146.5
690,25.0,305.5
690,25.0,369.5
690,25.0,504.5
690,25.0,522.5
690,25.0,529.5
690,25.0,621.5
690,25.0,636.5
690,25.0,676.5
690,25.0,698.5
691,25.0,19.5
691,25.0,23.5
691,25.0,35.5
691,25.0,86.5
691,25.0,158.5
691,25.0,221.5
691,25.0,227.5
691,25.0,317.5
691,25.0,323.5
691,25.0,341.5
691,25.0,473.5
691,25.0,508.5
691,25.0,648.5
691,25.0,694.5
691,25.0,720.5
691,25.0,793.5
692,25.0,55.5
692,25.0,63.5
692,25.0,154.5
692,25.0,163.5
692,25.0,260.5
692,25.0,278.5
692,25.0,299.5
692,25.0,440.5
692,25.0,490.5
692,25.0,713.5
692,25.0,716.5
692,25.0,729.5
692,25.0,740.5
692,25.0,751.5
692,25.0,767.5
693,25.0,60.5
693,25.0,115.5
693,25.0,207.5
693,25.0,231.5
693,25.0,255.5
693,25.0,283.5
693,25.0,307.5
693,25.0,338.5
693,25.0,441.5
693,25.0,445.5
693,25.0,456.5
693,25.0,486.5
693,25.0,668.5
693,25.0,749.5
694,25.0,1.5
694,25.0,7.5
694,25.0,35.5
694,25.0,82.5
694,25.0,90.5
694,25.0,101.5
694,25.0,159.5
694,25.0,167.5
694,25.0,231.5
694,25.0,270.5
694,25.0,404.5
694,25.0,412.5
694,25.0,418.5
694,25.0,487.5
694,25.0,526.5
694,25.0,582.5
694,25.0,615.5
694,25.0,689.5
694,25.0,760.5
694,25.0,767.5
694,25.0,785.5
694,25.0,793.5
695,25.0,90.5
695,25.0,114.5
695,25.0,160.5
695,25.0,215.5
695,25.0,314.5
695,25.0,393.5
695,25.0,486.5
695,25.0,500.5
695,25.0,563.5
695,25.0,773.5
696,25.0,173.5
696,25.0,227.5
696,25.0,230.5
696,25.0,267.5
696,25.0,284.5
696,25.0,292.5
696,25.0,325.5
696,25.0,346.5
696,25.0,376.5
696,25.0,414.5
696,25.0,453.5
696,25.0,466.5
696,25.0,469.5
696,25.0,554.5
696,25.0,592.5
696,25.0,625.5
696,25.0,676.5
697,25.0,6.5
697,25.0,100.5
697,25.0,121.5
697,25.0,170.5
697,25.0,239.5
697,25.0,305.5
697,25.0,332.5
697,25.0,389.5
697,25.0,411.5
697,25.0,430.5
697,25.0,453.5
697,25.0,455.5
697,25.0,488.5
697,25.0,686.5
697,25.0,689.5
697,25.0,717.5
697,25.0,753.5
697,25.0,754.5
698,25.0,1.5
698,25.0,86.5
698,25.0,132.5
698,25.0,136.5
698,25.0,149.5
698,25.0,178.5
698,25.0,183.5
698,25.0,452.5
698,25.0,467.5
698,25.0,468.5
698,25.0,638.5
698,25.0,730.5
699,25.0,116.5
699,25.0,138.5
699,25.0,158.5
699,25.0,178.5
699,25.0,182.5
699,25.0,255.5
699,25.0,319.5
699,25.0,331.5
699,25.0,344.5
699,25.0,418.5
699,25.0,492.5
699,25.0,560.5
699,25.0,608.5
699,25.0,615.5
699,25.0,635.5
699,25.0,675.5
699,25.0,694.5
699,25.0,704.5
699,25.0,705.5
699,25.0,719.5
700,25.0,185.5
700,25.0,198.5
700,25.0,217.5
700,25.0,228.5
700,25.0,251.5
700,25.0,277.5
700,25.0,305.5
700,25.0,354.5
700,25.0,417.5
700,25.0,468.5
700,25.0,483.5
700,25.0,501.5
700,25.0,528.5
700,25.0,589.5
700,25.0,664.5
701,25.0,171.5
701,25.0,189.5
701,25.0,297.5
701,25.0,303.5
701,25.0,372.5
701,25.0,410.5
701,25.0,430.5
701,25.0,469.5
701,25.0,520.5
701,25.0,529.5
701,25.0,541.5
701,25.0,559.5
701,25.0,564.5
701,25.0,581.5
701,25.0,592.5
701,25.0,602.5
701,25.0,607.5
701,25.0,630.5
701,25.0,702.5
701,25.0,727.5
701,25.0,739.5
701,25.0,777.5
702,25.0,25.5
702,25.0,46.5
702,25.0,52.5
702,25.0,90.5
702,25.0,181.5
702,25.0,404.5
702,25.0,427.5
702,25.0,492.5
702,25.0,548.5
702,25.0,624.5
702,25.0,631.5
702,25.0,664.5
702,25.0,683.5
702,25.0,748.5
702,25.0,784.5
703,25.0,49.5
703,25.0,90.5
703,25.0,113.5
703,25.0,177.5
703,25.0,318.5
703,25.0,334.5
703,25.0,416.5
703,25.0,460.5
703,25.0,532.5
703,25.0,612.5
703,25.0,643.5
703,25.0,751.5
703,25.0,761.5
703,25.0,787.5
704,25.0,33.5
704,25.0,59.5
704,25.0,70.5
704,25.0,79.5
704,25.0,94.5
704,25.0,101.5
704,25.0,105.5
704,25.0,150.5
704,25.0,190.5
704,25.0,266.5
704,25.0,268.5
704,25.0,292.5
704,25.0,318.5
704,25.0,321.5
704,25.0,344.5
704,25.0,365.5
704,25.0,374.5
704,25.0,386.5
704,25.0,508.5
704,25.0,538.5
704,25.0,560.5
704,25.0,601.5
704,25.0,631.5
704,25.0,697.5
704,25.0,699.5
705,25.0,31.5
705,25.0,37.5
705,25.0,40.5
705,25.0,123.5
705,25.0,162.5
705,25.0,382.5
705,25.0,415.5
705,25.0,445.5
705,25.0,490.5
705,25.0,544.5
705,25.0,548.5
705,25.0,598.5
705,25.0,705.5
706,25.0,72.5
706,25.0,112.5
706,25.0,126.5
706,25.0,131.5
706,25.0,155.5
706,25.0,248.5
706,25.0,266.5
706,25.0,314.5
706,25.0,315.5
706,25.0,407.5
706,25.0,613.5
706,25.0,629.5
706,25.0,700.5
706,25.0,708.5
706,25.0,764.5
707,25.0,86.5
707,25.0,102.5
707,25.0,130.5
707,25.0,219.5
707,25.0,239.5
707,25.0,311.5
707,25.0,312.5
707,25.0,314.5
707,25.0,392.5
707,25.0,396.5
707,25.0,444.5
707,25.0,462.5
707,25.0,491.5
707,25.0,495.5
707,25.0,539.5
707,25.0,553.5
707,25.0,594.5
707,25.0,596.5
707,25.0,672.5
707,25.0,682.5
707,25.0,748.5
707,25.0,767.5
707,25.0,769.5
708,25.0,10.5
708,25.0,39.5
708,25.0,45.5
708,25.0,88.5
708,25.0,117.5
708,25.0,181.5
708,25.0,194.5
708,25.0,202.5
708,25.0,242.5
708,25.0,249.5
708,25.0,262.5
708,25.0,284.5
708,25.0,286.5
708,25.0,312.5
708,25.0,330.5
708,25.0,410.5
708,25.0,438.5
708,25.0,481.5
708,25.0,568.5
708,25.0,637.5
709,25.0,7.5
709,25.0,62.5
709,25.0,85.5
709,25.0,110.5
709,25.0,131.5
709,25.0,223.5
709,25.0,227.5
709,25.0,241.5
709,25.0,246.5
709,25.0,297.5
709,25.0,334.5
709,25.0,360.5
709,25.0,383.5
709,25.0,394.5
709,25.0,477.5
709,25.0,543.5
709,25.0,551.5
709,25.0,564.5
709,25.0,594.5
709,25.0,600.5
709,25.0,601.5
709,25.0,604.5
709,25.0,688.5
709,25.0,705.5
709,25.0,712.5
710,25.0,2.5
710,25.0,3.5
710,25.0,51.5
710,25.0,106.5
710,25.0,130.5
710,25.0,153.5
710,25.0,211.5
710,25.0,237.5
710,25.0,249.5
710,25.0,300.5
710,25.0,381.5
710,25.0,505.5
710,25.0,536.5
710,25.0,556.5
710,25.0,587.5
711,25.0,6.5
711,25.0,43.5
711,25.0,97.5
711,25.0,101.5
711,25.0,111.5
711,25.0,123.5
711,25.0,139.5
711,25.0,140.5
711,25.0,152.5
711,25.0,193.5
711,25.0,200.5
711,25.0,207.5
711,25.0,227.5
711,25.0,281.5
711,25.0,300.5
711,25.0,343.5
711,25.0,379.5
711,25.0,398.5
711,25.0,421.5
711,25.0,467.5
711,25.0,538.5
711,25.0,593.5
711,25.0,607.5
711,25.0,624.5
711,25.0,633.5
711,25.0,692.5
711,25.0,711.5
712,25.0,114.5
712,25.0,154.5
712,25.0,277.5
712,25.0,352.5
712,25.0,362.5
712,25.0,409.5
712,25.0,500.5
712,25.0,544.5
712,25.0,563.5
712,25.0,596.5
712,25.0,700.5
712,25.0,729.5
713,25.0,55.5
713,25.0,59.5
713,25.0,66.5
713,25.0,67.5
713,25.0,91.5
713,25.0,101.5
713,25.0,139.5
713,25.0,162.5
713,25.0,284.5
713,25.0,314.5
713,25.0,407.5
713,25.0,419.5
713,25.0,449.5
713,25.0,465.5
713,25.0,473.5
713,25.0,519.5
713,25.0,609.5
713,25.0,650.5
713,25.0,652.5
713,25.0,667.5
713,25.0,690.5
713,25.0,712.5
713,25.0,743.5
713,25.0,760.5
713,25.0,762.5
713,25.0,775.5
713,25.0,784.5
714,25.0,31.5
714,25.0,34.5
714,25.0,59.5
714,25.0,123.5
714,25.0,135.5
714,25.0,137.5
714,25.0,150.5
714,25.0,204.5
714,25.0,227.5
714,25.0,272.5
714,25.0,282.5
714,25.0,313.5
714,25.0,374.5
714,25.0,375.5
714,25.0,382.5
714,25.0,402.5
714,25.0,459.5
714,25.0,469.5
714,25.0,481.5
714,25.0,496.5
714,25.0,516.5
714,25.0,535.5
714,25.0,758.5
714,25.0,790.5
715,25.0,89.5
715,25.0,165.5
715,25.0,184.5
715,25.0,188.5
715,25.0,313.5
715,25.0,433.5
715,25.0,481.5
715,25.0,482.5
715,25.0,493.5
715,25.0,506.5
715,25.0,535.5
715,25.0,542.5
715,25.0,659.5
715,25.0,707.5
715,25.0,743.5
715,25.0,757.5
715,25.0,765.5
715,25.0,772.5
715,25.0,783.5
716,25.0,8.5
716,25.0,31.5
716,25.0,56.5
716,25.0,75.5
716,25.0,96.5
716,25.0,115.5
716,25.0,159.5
716,25.0,186.5
716,25.0,270.5
716,25.0,311.5
716,25.0,328.5
716,25.0,432.5
716,25.0,514.5
716,25.0,521.5
716,25.0,546.5
716,25.0,598.5
716,25.0,656.5
717,25.0,54.5
717,25.0,79.5
717,25.0,104.5
717,25.0,117.5
717,25.0,134.5
717,25.0,254.5
717,25.0,317.5
717,25.0,336.5
717,25.0,469.5
717,25.0,542.5
717,25.0,585.5
717,25.0,608.5
717,25.0,645.5
717,25.0,662.5
717,25.0,664.5
717,25.0,737.5
718,25.0,53.5
718,25.0,59.5
718,25.0,86.5
718,25.0,143.5
718,25.0,358.5
718,25.0,374.5
718,25.0,400.5
718,25.0,547.5
718,25.0,556.5
718,25.0,586.5
718,25.0,599.5
718,25.0,670.5
718,25.0,678.5
718,25.0,707.5
718,25.0,736.5
719,25.0,123.5
719,25.0,168.5
719,25.0,195.5
719,25.0,208.5
719,25.0,366.5
719,25.0,371.5
719,25.0,403.5
719,25.0,446.5
719,25.0,472.5
719,25.0,481.5
719,25.0,623.5
719,25.0,639.5
719,25.0,697.5
719,25.0,699.5
719,25.0,738.5
719,25.0,740.5
719,25.0,744.5
720,25.0,36.5
720,25.0,74.5
720,25.0,89.5
720,25.0,103.5
720,25.0,113.5
720,25.0,151.5
720,25.0,216.5
720,25.0,219.5
720,25.0,263.5
720,25.0,270.5
720,25.0,391.5
720,25.0,522.5
720,25.0,531.5
720,25.0,569.5
720,25.0,579.5
720,25.0,711.5
720,25.0,715.5
720,25.0,756.5
720,25.0,796.5
721,25.0,9.5
721,25.0,23.5
721,25.0,80.5
721,25.0,189.5
721,25.0,288.5
721,25.0,313.5
721,25.0,321.5
721,25.0,370.5
721,25.0,496.5
721,25.0,520.5
721,25.0,530.5
721,25.0,587.5
721,25.0,593.5
721,25.0,750.5
721,25.0,772.5
721,25.0,789.5
722,25.0,11.5
722,25.0,50.5
722,25.0,58.5
722,25.0,59.5
722,25.0,128.5
722,25.0,170.5
722,25.0,202.5
722,25.0,230.5
722,25.0,236.5
722,25.0,250.5
722,25.0,276.5
722,25.0,304.5
722,25.0,355.5
722,25.0,375.5
722,25.0,411.5
722,25.0,436.5
722,25.0,465.5
722,25.0,528.5
722,25.0,532.5
722,25.0,540.5
722,25.0,688.5
723,25.0,23.5
723,25.0,36.5
723,25.0,117.5
723,25.0,133.5
723,25.0,146.5
723,25.0,307.5
723,25.0,361.5
723,25.0,387.5
723,25.0,394.5
723,25.0,395.5
723,25.0,445.5
723,25.0,448.5
723,25.0,476.5
723,25.0,513.5
723,25.0,536.5
723,25.0,557.5
723,25.0,582.5
723,25.0,626.5
723,25.0,694.5
723,25.0,731.5
723,25.0,753.5
723,25.0,757.5
723,25.0,764.5
724,25.0,81.5
724,25.0,176.5
724,25.0,291.5
724,25.0,429.5
724,25.0,438.5
724,25.0,475.5
724,25.0,631.5
724,25.0,643.5
724,25.0,655.5
724,25.0,747.5
724,25.0,752.5
725,25.0,101.5
725,25.0,107.5
725,25.0,162.5
725,25.0,256.5
725,25.0,309.5
725,25.0,443.5
725,25.0,566.5
725,25.0,780.5
725,25.0,795.5
726,25.0,25.5
726,25.0,89.5
726,25.0,95.5
726,25.0,112.5
726,25.0,153.5
726,25.0,222.5
726,25.0,247.5
726,25.0,326.5
726,25.0,349.5
726,25.0,442.5
726,25.0,530.5
726,25.0,532.5
726,25.0,541.5
726,25.0,546.5
726,25.0,743.5
726,25.0,762.5
726,25.0,793.5
727,25.0,15.5
727,25.0,100.5
727,25.0,113.5
727,25.0,145.5
727,25.0,180.5
727,25.0,213.5
727,25.0,230.5
727,25.0,241.5
727,25.0,247.5
727,25.0,337.5
727,25.0,419.5
727,25.0,473.5
727,25.0,485.5
727,25.0,488.5
727,25.0,526.5
727,25.0,591.5
727,25.0,615.5
727,25.0,674.5
727,25.0,677.5
727,25.0,711.5
727,25.0,751.5
727,25.0,754.5
727,25.0,778.5
728,25.0,17.5
728,25.0,32.5
728,25.0,53.5
728,25.0,106.5
728,25.0,112.5
728,25.0,220.5
728,25.0,290.5
728,25.0,310.5
728,25.0,336.5
728,25.0,369.5
728,25.0,387.5
728,25.0,424.5
728,25.0,459.5
728,25.0,471.5
728,25.0,480.5
728,25.0,512.5
728,25.0,579.5
728,25.0,591.5
728,25.0,671.5
728,25.0,744.5
728,25.0,775.5
728,25.0,796.5
729,25.0,4.5
729,25.0,47.5
729,25.0,94.5
729,25.0,137.5
729,25.0,200.5
729,25.0,450.5
729,25.0,579.5
729,25.0,589.5
729,25.0,615.5
729,25.0,630.5
729,25.0,675.5
729,25.0,757.5
730,25.0,0.5
730,25.0,68.5
730,25.0,112.5
730,25.0,142.5
730,25.0,177.5
730,25.0,190.5
730,25.0,209.5
730,25.0,220.5
730,25.0,263.5
730,25.0,415.5
730,25.0,466.5
730,25.0,495.5
730,25.0,574.5
730,25.0,660.5
730,25.0,763.5
731,25.0,30.5
731,25.0,32.5
731,25.0,47.5
731,25.0,126.5
731,25.0,129.5
731,25.0,160.5
731,25.0,174.5
731,25.0,258.5
731,25.0,276.5
731,25.0,356.5
731,25.0,381.5
731,25.0,417.5
731,25.0,618.5
731,25.0,630.5
731,25.0,638.5
731,25.0,708.5
731,25.0,710.5
731,25.0,721.5
731,25.0,761.5
731,25.0,782.5
731,25.0,796.5
732,25.0,201.5
732,25.0,237.5
732,25.0,248.5
732,25.0,390.5
732,25.0,410.5
732,25.0,517.5
732,25.0,576.5
732,25.0,603.5
732,25.0,659.5
732,25.0,744.5
733,25.0,17.5
733,25.0,45.5
733,25.0,55.5
733,25.0,209.5
733,25.0,253.5
733,25.0,299.5
733,25.0,300.5
733,25.0,386.5
733,25.0,431.5
733,25.0,607.5
733,25.0,656.5
733,25.0,676.5
734,25.0,47.5
734,25.0,156.5
734,25.0,233.5
734,25.0,268.5
734,25.0,322.5
734,25.0,344.5
734,25.0,362.5
734,25.0,392.5
734,25.0,464.5
734,25.0,626.5
734,25.0,703.5
734,25.0,742.5
735,25.0,16.5
735,25.0,112.5
735,25.0,138.5
735,25.0,216.5
735,25.0,226.5
735,25.0,229.5
735,25.0,262.5
735,25.0,306.5
735,25.0,315.5
735,25.0,330.5
735,25.0,392.5
735,25.0,406.5
735,25.0,442.5
735,25.0,450.5
735,25.0,485.5
735,25.0,644.5
735,25.0,678.5
736,25.0,46.5
736,25.0,107.5
736,25.0,145.5
736,25.0,184.5
736,25.0,344.5
736,25.0,407.5
736,25.0,423.5
736,25.0,471.5
736,25.0,490.5
736,25.0,526.5
736,25.0,597.5
736,25.0,604.5
736,25.0,627.5
736,25.0,650.5
736,25.0,692.5
736,25.0,731.5
737,25.0,8.5
737,25.0,77.5
737,25.0,83.5
737,25.0,91.5
737,25.0,99.5
737,25.0,141.5
737,25.0,225.5
737,25.0,253.5
737,25.0,356.5
737,25.0,369.5
737,25.0,396.5
737,25.0,470.5
737,25.0,566.5
737,25.0,585.5
737,25.0,614.5
737,25.0,660.5
737,25.0,713.5
738,25.0,12.5
738,25.0,13.5
738,25.0,68.5
738,25.0,103.5
738,25.0,120.5
738,25.0,175.5
738,25.0,200.5
738,25.0,224.5
738,25.0,288.5
738,25.0,338.5
738,25.0,372.5
738,25.0,510.5
738,25.0,631.5
738,25.0,727.5
738,25.0,740.5
738,25.0,770.5
739,25.0,283.5
739,25.0,287.5
739,25.0,299.5
739,25.0,345.5
739,25.0,424.5
739,25.0,481.5
739,25.0,543.5
739,25.0,547.5
739,25.0,552.5
739,25.0,636.5
740,25.0,18.5
740,25.0,58.5
740,25.0,104.5
740,25.0,115.5
740,25.0,153.5
740,25.0,232.5
740,25.0,399.5
740,25.0,404.5
740,25.0,445.5
740,25.0,497.5
740,25.0,504.5
740,25.0,523.5
740,25.0,753.5
741,25.0,85.5
741,25.0,122.5
741,25.0,172.5
741,25.0,182.5
741,25.0,214.5
741,25.0,255.5
741,25.0,327.5
741,25.0,338.5
741,25.0,450.5
741,25.0,615.5
742,25.0,48.5
742,25.0,84.5
742,25.0,114.5
742,25.0,194.5
742,25.0,212.5
742,25.0,231.5
742,25.0,241.5
742,25.0,247.5
742,25.0,266.5
742,25.0,286.5
742,25.0,300.5
742,25.0,313.5
742,25.0,350.5
742,25.0,371.5
742,25.0,386.5
742,25.0,392.5
742,25.0,470.5
742,25.0,509.5
742,25.0,713.5
742,25.0,719.5
742,25.0,744.5
743,25.0,4.5
743,25.0,6.5
743,25.0,9.5
743,25.0,100.5
743,25.0,129.5
743,25.0,242.5
743,25.0,348.5
743,25.0,364.5
743,25.0,373.5
743,25.0,421.5
743,25.0,429.5
743,25.0,509.5
743,25.0,524.5
743,25.0,529.5
743,25.0,573.5
743,25.0,596.5
743,25.0,615.5
743,25.0,619.5
743,25.0,650.5
743,25.0,678.5
743,25.0,701.5
743,25.0,714.5
743,25.0,721.5
743,25.0,746.5
743,25.0,784.5
744,25.0,18.5
744,25.0,31.5
744,25.0,33.5
744,25.0,64.5
744,25.0,68.5
744,25.0,218.5
744,25.0,260.5
744,25.0,263.5
744,25.0,283.5
744,25.0,324.5
744,25.0,359.5
744,25.0,361.5
744,25.0,381.5
744,25.0,405.5
744,25.0,459.5
744,25.0,490.5
744,25.0,514.5
744,25.0,547.5
744,25.0,552.5
744,25.0,588.5
744,25.0,603.5
744,25.0,645.5
744,25.0,681.5
745,25.0,39.5
745,25.0,40.5
745,25.0,265.5
745,25.0,294.5
745,25.0,321.5
745,25.0,324.5
745,25.0,353.5
745,25.0,375.5
745,25.0,414.5
745,25.0,457.5
745,25.0,520.5
745,25.0,526.5
745,25.0,536.5
745,25.0,538.5
745,25.0,551.5
745,25.0,582.5
745,25.0,640.5
745,25.0,711.5
746,25.0,12.5
746,25.0,62.5
746,25.0,175.5
746,25.0,201.5
746,25.0,298.5
746,25.0,346.5
746,25.0,353.5
746,25.0,373.5
746,25.0,516.5
746,25.0,557.5
746,25.0,584.5
746,25.0,611.5
746,25.0,621.5
746,25.0,644.5
746,25.0,668.5
746,25.0,669.5
746,25.0,690.5
746,25.0,694.5
746,25.0,749.5
746,25.0,779.5
746,25.0,797.5
747,25.0,33.5
747,25.0,78.5
747,25.0,109.5
747,25.0,132.5
747,25.0,184.5
747,25.0,234.5
747,25.0,315.5
747,25.0,352.5
747,25.0,383.5
747,25.0,388.5
747,25.0,424.5
747,25.0,464.5
747,25.0,467.5
747,25.0,472.5
747,25.0,550.5
747,25.0,625.5
747,25.0,682.5
747,25.0,692.5
747,25.0,729.5
748,25.0,57.5
748,25.0,129.5
748,25.0,315.5
748,25.0,327.5
748,25.0,390.5
748,25.0,456.5
748,25.0,477.5
748,25.0,522.5
748,25.0,583.5
748,25.0,664.5
748,25.0,672.5
748,25.0,678.5
748,25.0,729.5
748,25.0,736.5
748,25.0,744.5
748,25.0,793.5
749,25.0,21.5
749,25.0,62.5
749,25.0,115.5
749,25.0,131.5
749,25.0,179.5
749,25.0,209.5
749,25.0,226.5
749,25.0,270.5
749,25.0,333.5
749,25.0,337.5
749,25.0,350.5
749,25.0,391.5
749,25.0,404.5
749,25.0,476.5
749,25.0,485.5
749,25.0,500.5
749,25.0,512.5
749,25.0,522.5
749,25.0,580.5
749,25.0,607.5
749,25.0,610.5
749,25.0,617.5
749,25.0,640.5
749,25.0,650.5
749,25.0,652.5
749,25.0,653.5
749,25.0,664.5
749,25.0,675.5
749,25.0,694.5
749,25.0,736.5
749,25.0,782.5
749,25.0,784.5
750,50.0,4.5
750,50.0,75.5
750,50.0,99.5
750,50.0,223.5
750,50.0,232.5
750,50.0,239.5
750,50.0,266.5
750,50.0,269.5
750,50.0,271.5
750,50.0,301.5
750,50.0,313.5
750,50.0,418.5
750,50.0,430.5
750,50.0,497.5
750,50.0,532.5
750,50.0,536.5
750,50.0,582.5
750,50.0,591.5
750,50.0,613.5
750,50.0,744.5
750,50.0,759.5
750,50.0,791.5
750,50.0,794.5
751,50.0,6.5
751,50.0,13.5
751,50.0,29.5
751,50.0,61.5
751,50.0,70.5
751,50.0,101.5
751,50.0,141.5
751,50.0,208.5
751,50.0,253.5
751,50.0,283.5
751,50.0,305.5
751,50.0,350.5
751,50.0,428.5
751,50.0,445.5
751,50.0,452.5
751,50.0,459.5
751,50.0,462.5
751,50.0,504.5
751,50.0,528.5
751,50.0,530.5
751,50.0,547.5
751,50.0,599.5
751,50.0,620.5
751,50.0,640.5
751,50.0,687.5
751,50.0,739.5
751,50.0,766.5
751,50.0,770.5
751,50.0,771.5
752,50.0,9.5
752,50.0,14.5
752,50.0,45.5
752,50.0,70.5
752,50.0,77.5
752,50.0,141.5
752,50.0,177.5
752,50.0,261.5
752,50.0,264.5
752,50.0,282.5
752,50.0,292.5
752,50.0,344.5
752,50.0,349.5
752,50.0,352.5
752,50.0,359.5
752,50.0,417.5
752,50.0,517.5
752,50.0,540.5
752,50.0,622.5
752,50.0,677.5
752,50.0,679.5
752,50.0,699.5
752,50.0,772.5
752,50.0,793.5
753,50.0,9.5
753,50.0,39.5
753,50.0,88.5
753,50.0,154.5
753,50.0,172.5
753,50.0,220.5
753,50.0,411.5
753,50.0,435.5
753,50.0,440.5
753,50.0,487.5
753,50.0,601.5
753,50.0,603.5
753,50.0,610.5
753,50.0,620.5
753,50.0,735.5
753,50.0,753.5
753,50.0,759.5
753,50.0,764.5
754,50.0,29.5
754,50.0,87.5
754,50.0,165.5
754,50.0,193.5
754,50.0,229.5
754,50.0,251.5
754,50.0,265.5
754,50.0,293.5
754,50.0,309.5
754,50.0,324.5
754,50.0,335.5
754,50.0,375.5
754,50.0,407.5
754,50.0,412.5
754,50.0,427.5
754,50.0,479.5
754,50.0,494.5
754,50.0,516.5
754,50.0,547.5
754,50.0,553.5
754,50.0,562.5
754,50.0,573.5
754,50.0,577.5
754,50.0,592.5
754,50.0,593.5
754,50.0,614.5
754,50.0,702.5
754,50.0,734.5
754,50.0,758.5
755,50.0,11.5
755,50.0,24.5
755,50.0,35.5
755,50.0,95.5
755,50.0,97.5
755,50.0,115.5
755,50.0,172.5
755,50.0,185.5
755,50.0,227.5
755,50.0,246.5
755,50.0,283.5
755,50.0,297.5
755,50.0,323.5
755,50.0,324.5
755,50.0,332.5
755,50.0,370.5
755,50.0,371.5
755,50.0,373.5
755,50.0,378.5
755,50.0,443.5
755,50.0,465.5
755,50.0,532.5
755,50.0,539.5
755,50.0,549.5
755,50.0,584.5
755,50.0,603.5
755,50.0,646.5
755,50.0,664.5
755,50.0,668.5
755,50.0,748.5
755,50.0,776.5
756,50.0,20.5
756,50.0,78.5
756,50.0,112.5
756,50.0,222.5
756,50.0,256.5
756,50.0,335.5
756,50.0,379.5
756,50.0,415.5
756,50.0,447.5
756,50.0,459.5
756,50.0,490.5
756,50.0,495.5
756,50.0,506.5
756,50.0,513.5
756,50.0,558.5
756,50.0,561.5
756,50.0,587.5
756,50.0,638.5
756,50.0,661.5
756,50.0,771.5
756,50.0,773.5
756,50.0,776.5
756,50.0,780.5
757,50.0,6.5
757,50.0,10.5
757,50.0,17.5
757,50.0,63.5
757,50.0,87.5
757,50.0,113.5
757,50.0,119.5
757,50.0,157.5
757,50.0,163.5
757,50.0,165.5
757,50.0,166.5
757,50.0,178.5
757,50.0,180.5
757,50.0,187.5
757,50.0,199.5
757,50.0,221.5
757,50.0,249.5
757,50.0,265.5
757,50.0,270.5
757,50.0,322.5
757,50.0,358.5
757,50.0,361.5
757,50.0,366.5
757,50.0,383.5
757,50.0,390.5
757,50.0,403.5
757,50.0,520.5
757,50.0,577.5
757,50.0,617.5
757,50.0,622.5
757,50.0,646.5
757,50.0,677.5
757,50.0,692.5
757,50.0,726.5
757,50.0,745.5
757,50.0,747.5
758,50.0,10.5
758,50.0,15.5
758,50.0,21.5
758,50.0,62.5
758,50.0,68.5
758,50.0,76.5
758,50.0,85.5
758,50.0,86.5
758,50.0,118.5
758,50.0,129.5
758,50.0,181.5
758,50.0,246.5
758,50.0,333.5
758,50.0,344.5
758,50.0,372.5
758,50.0,382.5
758,50.0,518.5
758,50.0,590.5
758,50.0,644.5
758,50.0,701.5
758,50.0,724.5
758,50.0,747.5
758,50.0,748.5
758,50.0,794.5
759,50.0,19.5
759,50.0,21.5
759,50.0,69.5
759,50.0,76.5
759,50.0,77.5
759,50.0,85.5
759,50.0,101.5
759,50.0,111.5
759,50.0,118.5
759,50.0,127.5
759,50.0,149.5
759,50.0,174.5
759,50.0,224.5
759,50.0,225.5
759,50.0,235.5
759,50.0,236.5
759,50.0,265.5
759,50.0,288.5
759,50.0,290.5
759,50.0,302.5
759,50.0,396.5
759,50.0,466.5
759,50.0,527.5
759,50.0,528.5
759,50.0,546.5
759,50.0,559.5
759,50.0,608.5
759,50.0,626.5
759,50.0,796.5
760,50.0,34.5
760,50.0,62.5
760,50.0,88.5
760,50.0,106.5
760,50.0,112.5
760,50.0,182.5
760,50.0,200.5
760,50.0,209.5
760,50.0,221.5
760,50.0,222.5
760,50.0,243.5
760,50.0,286.5
760,50.0,304.5
760,50.0,311.5
760,50.0,327.5
760,50.0,351.5
760,50.0,379.5
760,50.0,395.5
760,50.0,396.5
760,50.0,399.5
760,50.0,400.5
760,50.0,411.5
760,50.0,468.5
760,50.0,482.5
760,50.0,524.5
760,50.0,550.5
760,50.0,553.5
760,50.0,554.5
760,50.0,558.5
760,50.0,566.5
760,50.0,656.5
760,50.0,662.5
760,50.0,692.5
760,50.0,754.5
760,50.0,756.5
760,50.0,771.5
761,50.0,29.5
761,50.0,45.5
761,50.0,81.5
761,50.0,150.5
761,50.0,154.5
761,50.0,175.5
761,50.0,180.5
761,50.0,190.5
761,50.0,279.5
761,50.0,296.5
761,50.0,321.5
761,50.0,338.5
761,50.0,345.5
761,50.0,347.5
761,50.0,378.5
761,50.0,388.5
761,50.0,414.5
761,50.0,426.5
761,50.0,451.5
761,50.0,452.5
761,50.0,460.5
761,50.0,538.5
761,50.0,556.5
761,50.0,688.5
761,50.0,717.5
761,50.0,722.5
761,50.0,723.5
761,50.0,738.5
761,50.0,740.5
761,50.0,783.5
762,50.0,5.5
762,50.0,11.5
762,50.0,54.5
762,50.0,56.5
762,50.0,75.5
762,50.0,83.5
762,50.0,89.5
762,50.0,118.5
762,50.0,181.5
762,50.0,226.5
762,50.0,233.5
762,50.0,236.5
762,50.0,248.5
762,50.0,312.5
762,50.0,354.5
762,50.0,375.5
762,50.0,386.5
762,50.0,424.5
762,50.0,437.5
762,50.0,443.5
762,50.0,453.5
762,50.0,493.5
762,50.0,510.5
762,50.0,513.5
762,50.0,619.5
762,50.0,657.5
762,50.0,672.5
762,50.0,684.5
762,50.0,700.5
762,50.0,701.5
762,50.0,753.5
762,50.0,779.5
762,50.0,781.5
762,50.0,787.5
762,50.0,794.5
763,50.0,12.5
763,50.0,114.5
763,50.0,140.5
763,50.0,238.5
763,50.0,245.5
763,50.0,246.5
763,50.0,262.5
763,50.0,270.5
763,50.0,287.5
763,50.0,306.5
763,50.0,390.5
763,50.0,402.5
763,50.0,420.5
763,50.0,421.5
763,50.0,441.5
763,50.0,538.5
763,50.0,553.5
763,50.0,621.5
763,50.0,645.5
763,50.0,662.5
763,50.0,672.5
763,50.0,699.5
763,50.0,721.5
763,50.0,732.5
763,50.0,776.5
763,50.0,791.5
763,50.0,793.5
764,50.0,7.5
764,50.0,20.5
764,50.0,27.5
764,50.0,65.5
764,50.0,112.5
764,50.0,156.5
764,50.0,162.5
764,50.0,178.5
764,50.0,182.5
764,50.0,224.5
764,50.0,272.5
764,50.0,277.5
764,50.0,294.5
764,50.0,302.5
764,50.0,305.5
764,50.0,315.5
764,50.0,335.5
764,50.0,344.5
764,50.0,375.5
764,50.0,411.5
764,50.0,419.5
764,50.0,430.5
764,50.0,454.5
764,50.0,564.5
764,50.0,580.5
764,50.0,583.5
764,50.0,610.5
764,50.0,619.5
764,50.0,638.5
764,50.0,642.5
764,50.0,650.5
764,50.0,730.5
764,50.0,746.5
764,50.0,765.5
764,50.0,785.5
765,50.0,48.5
765,50.0,54.5
765,50.0,121.5
765,50.0,156.5
765,50.0,209.5
765,50.0,229.5
765,50.0,397.5
765,50.0,413.5
765,50.0,454.5
765,50.0,465.5
765,50.0,498.5
765,50.0,535.5
765,50.0,559.5
765,50.0,592.5
765,50.0,741.5
766,50.0,8.5
766,50.0,18.5
766,50.0,54.5
766,50.0,67.5
766,50.0,112.5
766,50.0,134.5
766,50.0,202.5
766,50.0,205.5
766,50.0,223.5
766,50.0,242.5
766,50.0,304.5
766,50.0,313.5
766,50.0,347.5
766,50.0,355.5
766,50.0,420.5
766,50.0,442.5
766,50.0,450.5
766,50.0,454.5
766,50.0,466.5
766,50.0,491.5
766,50.0,517.5
766,50.0,615.5
766,50.0,621.5
766,50.0,627.5
766,50.0,637.5
766,50.0,672.5
766,50.0,704.5
766,50.0,706.5
766,50.0,731.5
766,50.0,761.5
766,50.0,764.5
767,50.0,18.5
767,50.0,30.5
767,50.0,51.5
767,50.0,59.5
767,50.0,90.5
767,50.0,118.5
767,50.0,159.5
767,50.0,160.5
767,50.0,193.5
767,50.0,230.5
767,50.0,232.5
767,50.0,258.5
767,50.0,276.5
767,50.0,277.5
767,50.0,289.5
767,50.0,300.5
767,50.0,324.5
767,50.0,343.5
767,50.0,383.5
767,50.0,388.5
767,50.0,393.5
767,50.0,400.5
767,50.0,401.5
767,50.0,452.5
767,50.0,506.5
767,50.0,507.5
767,50.0,524.5
767,50.0,530.5
767,50.0,546.5
767,50.0,564.5
767,50.0,586.5
767,50.0,612.5
767,50.0,658.5
767,50.0,659.5
767,50.0,664.5
767,50.0,689.5
767,50.0,708.5
767,50.0,717.5
767,50.0,744.5
767,50.0,750.5
767,50.0,769.5
767,50.0,793.5
767,50.0,797.5
768,50.0,49.5
768,50.0,63.5
768,50.0,74.5
768,50.0,186.5
768,50.0,247.5
768,50.0,328.5
768,50.0,367.5
768,50.0,383.5
768,50.0,475.5
768,50.0,480.5
768,50.0,487.5
768,50.0,504.5
768,50.0,539.5
768,50.0,541.5
768,50.0,548.5
768,50.0,550.5
768,50.0,561.5
768,50.0,567.5
768,50.0,646.5
768,50.0,780.5
769,50.0,43.5
769,50.0,53.5
769,50.0,126.5
769,50.0,307.5
769,50.0,331.5
769,50.0,338.5
769,50.0,344.5
769,50.0,362.5
769,50.0,394.5
769,50.0,411.5
769,50.0,446.5
769,50.0,513.5
769,50.0,560.5
769,50.0,579.5
769,50.0,630.5
769,50.0,667.5
769,50.0,674.5
769,50.0,691.5
769,50.0,748.5
769,50.0,753.5
769,50.0,775.5
769,50.0,781.5
770,50.0,50.5
770,50.0,91.5
770,50.0,107.5
770,50.0,143.5
770,50.0,145.5
770,50.0,162.5
770,50.0,174.5
770,50.0,186.5
770,50.0,198.5
770,50.0,209.5
770,50.0,241.5
770,50.0,253.5
770,50.0,272.5
770,50.0,349.5
770,50.0,438.5
770,50.0,486.5
770,50.0,513.5
770,50.0,519.5
770,50.0,533.5
770,50.0,572.5
770,50.0,589.5
770,50.0,600.5
770,50.0,643.5
770,50.0,657.5
770,50.0,672.5
770,50.0,700.5
770,50.0,711.5
770,50.0,717.5
770,50.0,730.5
770,50.0,732.5
770,50.0,774.5
771,50.0,27.5
771,50.0,34.5
771,50.0,80.5
771,50.0,101.5
771,50.0,129.5
771,50.0,156.5
771,50.0,157.5
771,50.0,159.5
771,50.0,162.5
771,50.0,183.5
771,50.0,290.5
771,50.0,308.5
771,50.0,320.5
771,50.0,359.5
771,50.0,363.5
771,50.0,386.5
771,50.0,393.5
771,50.0,414.5
771,50.0,419.5
771,50.0,423.5
771,50.0,445.5
771,50.0,453.5
771,50.0,471.5
771,50.0,539.5
771,50.0,542.5
771,50.0,581.5
771,50.0,655.5
771,50.0,679.5
771,50.0,704.5
771,50.0,736.5
772,50.0,34.5
772,50.0,72.5
772,50.0,117.5
772,50.0,155.5
772,50.0,193.5
772,50.0,213.5
772,50.0,405.5
772,50.0,417.5
772,50.0,480.5
772,50.0,606.5
772,50.0,615.5
772,50.0,651.5
772,50.0,681.5
772,50.0,750.5
772,50.0,772.5
773,50.0,20.5
773,50.0,23.5
773,50.0,51.5
773,50.0,93.5
773,50.0,105.5
773,50.0,133.5
773,50.0,139.5
773,50.0,181.5
773,50.0,183.5
773,50.0,261.5
773,50.0,297.5
773,50.0,312.5
773,50.0,332.5
773,50.0,375.5
773,50.0,397.5
773,50.0,427.5
773,50.0,486.5
773,50.0,487.5
773,50.0,503.5
773,50.0,575.5
773,50.0,668.5
773,50.0,695.5
773,50.0,698.5
773,50.0,704.5
773,50.0,744.5
773,50.0,751.5
774,50.0,25.5
774,50.0,47.5
774,50.0,150.5
774,50.0,172.5
774,50.0,193.5
774,50.0,212.5
774,50.0,214.5
774,50.0,225.5
774,50.0,261.5
774,50.0,272.5
774,50.0,321.5
774,50.0,346.5
774,50.0,364.5
774,50.0,388.5
774,50.0,392.5
774,50.0,402.5
774,50.0,409.5
774,50.0,427.5
774,50.0,442.5
774,50.0,451.5
774,50.0,470.5
774,50.0,475.5
774,50.0,482.5
774,50.0,488.5
774,50.0,544.5
774,50.0,547.5
774,50.0,585.5
774,50.0,589.5
774,50.0,609.5
774,50.0,705.5
774,50.0,744.5
774,50.0,757.5
774,50.0,784.5
774,50.0,798.5
775,50.0,15.5
775,50.0,136.5
775,50.0,177.5
775,50.0,202.5
775,50.0,236.5
775,50.0,241.5
775,50.0,244.5
775,50.0,263.5
775,50.0,276.5
775,50.0,296.5
775,50.0,304.5
775,50.0,307.5
775,50.0,312.5
775,50.0,313.5
775,50.0,326.5
775,50.0,331.5
775,50.0,376.5
775,50.0,387.5
775,50.0,403.5
775,50.0,411.5
775,50.0,427.5
775,50.0,450.5
775,50.0,495.5
775,50.0,505.5
775,50.0,536.5
775,50.0,578.5
775,50.0,594.5
775,50.0,611.5
775,50.0,671.5
775,50.0,692.5
775,50.0,700.5
775,50.0,702.5
775,50.0,785.5
776,50.0,12.5
776,50.0,23.5
776,50.0,42.5
776,50.0,54.5
776,50.0,81.5
776,50.0,101.5
776,50.0,130.5
776,50.0,133.5
776,50.0,188.5
776,50.0,207.5
776,50.0,213.5
776,50.0,228.5
776,50.0,274.5
776,50.0,281.5
776,50.0,310.5
776,50.0,369.5
776,50.0,374.5
776,50.0,405.5
776,50.0,411.5
776,50.0,413.5
776,50.0,415.5
776,50.0,416.5
776,50.0,443.5
776,50.0,457.5
776,50.0,487.5
776,50.0,525.5
776,50.0,539.5
776,50.0,588.5
776,50.0,615.5
776,50.0,629.5
776,50.0,665.5
776,50.0,676.5
776,50.0,678.5
776,50.0,694.5
776,50.0,699.5
776,50.0,700.5
776,50.0,720.5
776,50.0,730.5
776,50.0,735.5
776,50.0,759.5
777,50.0,16.5
777,50.0,36.5
777,50.0,51.5
777,50.0,59.5
777,50.0,79.5
777,50.0,91.5
777,50.0,102.5
777,50.0,112.5
777,50.0,113.5
777,50.0,122.5
777,50.0,157.5
777,50.0,165.5
777,50.0,210.5
777,50.0,224.5
777,50.0,255.5
777,50.0,269.5
777,50.0,314.5
777,50.0,377.5
777,50.0,403.5
777,50.0,414.5
777,50.0,416.5
777,50.0,417.5
777,50.0,468.5
777,50.0,530.5
777,50.0,598.5
777,50.0,608.5
777,50.0,617.5
777,50.0,684.5
777,50.0,745.5
777,50.0,758.5
777,50.0,798.5
778,50.0,12.5
778,50.0,19.5
778,50.0,59.5
778,50.0,104.5
778,50.0,106.5
778,50.0,149.5
778,50.0,178.5
778,50.0,412.5
778,50.0,416.5
778,50.0,485.5
778,50.0,489.5
778,50.0,514.5
778,50.0,554.5
778,50.0,573.5
778,50.0,669.5
778,50.0,697.5
778,50.0,752.5
779,50.0,23.5
779,50.0,70.5
779,50.0,99.5
779,50.0,142.5
779,50.0,149.5
779,50.0,169.5
779,50.0,218.5
779,50.0,233.5
779,50.0,236.5
779,50.0,338.5
779,50.0,344.5
779,50.0,421.5
779,50.0,425.5
779,50.0,444.5
779,50.0,448.5
779,50.0,450.5
779,50.0,459.5
779,50.0,469.5
779,50.0,470.5
779,50.0,541.5
779,50.0,566.5
779,50.0,577.5
779,50.0,583.5
779,50.0,652.5
779,50.0,734.5
779,50.0,744.5
779,50.0,771.5
780,50.0,27.5
780,50.0,39.5
780,50.0,93.5
780,50.0,117.5
780,50.0,136.5
780,50.0,184.5
780,50.0,194.5
780,50.0,277.5
780,50.0,301.5
780,50.0,323.5
780,50.0,333.5
780,50.0,391.5
780,50.0,407.5
780,50.0,410.5
780,50.0,420.5
780,50.0,476.5
780,50.0,559.5
780,50.0,580.5
780,50.0,644.5
780,50.0,658.5
780,50.0,689.5
780,50.0,702.5
780,50.0,718.5
780,50.0,765.5
780,50.0,788.5
781,50.0,38.5
781,50.0,41.5
781,50.0,48.5
781,50.0,51.5
781,50.0,53.5
781,50.0,108.5
781,50.0,173.5
781,50.0,228.5
781,50.0,250.5
781,50.0,260.5
781,50.0,263.5
781,50.0,293.5
781,50.0,298.5
781,50.0,305.5
781,50.0,361.5
781,50.0,393.5
781,50.0,431.5
781,50.0,444.5
781,50.0,485.5
781,50.0,570.5
781,50.0,595.5
781,50.0,596.5
781,50.0,598.5
781,50.0,605.5
781,50.0,643.5
781,50.0,651.5
781,50.0,711.5
781,50.0,740.5
781,50.0,744.5
782,50.0,59.5
782,50.0,76.5
782,50.0,92.5
782,50.0,126.5
782,50.0,168.5
782,50.0,170.5
782,50.0,183.5
782,50.0,198.5
782,50.0,266.5
782,50.0,283.5
782,50.0,334.5
782,50.0,352.5
782,50.0,355.5
782,50.0,422.5
782,50.0,424.5
782,50.0,487.5
782,50.0,550.5
782,50.0,576.5
782,50.0,615.5
782,50.0,622.5
782,50.0,667.5
782,50.0,731.5
782,50.0,742.5
782,50.0,782.5
783,50.0,19.5
783,50.0,20.5
783,50.0,37.5
783,50.0,76.5
783,50.0,85.5
783,50.0,139.5
783,50.0,145.5
783,50.0,213.5
783,50.0,215.5
783,50.0,234.5
783,50.0,240.5
783,50.0,250.5
783,50.0,318.5
783,50.0,328.5
783,50.0,361.5
783,50.0,362.5
783,50.0,384.5
783,50.0,387.5
783,50.0,395.5
783,50.0,439.5
783,50.0,448.5
783,50.0,469.5
783,50.0,514.5
783,50.0,523.5
783,50.0,530.5
783,50.0,537.5
783,50.0,559.5
783,50.0,571.5
783,50.0,573.5
783,50.0,592.5
783,50.0,595.5
783,50.0,686.5
783,50.0,710.5
783,50.0,768.5
783,50.0,774.5
783,50.0,782.5
784,50.0,9.5
784,50.0,31.5
784,50.0,42.5
784,50.0,51.5
784,50.0,57.5
784,50.0,64.5
784,50.0,71.5
784,50.0,78.5
784,50.0,86.5
784,50.0,111.5
784,50.0,123.5
784,50.0,137.5
784,50.0,159.5
784,50.0,161.5
784,50.0,179.5
784,50.0,190.5
784,50.0,210.5
784,50.0,213.5
784,50.0,239.5
784,50.0,253.5
784,50.0,264.5
784,50.0,273.5
784,50.0,338.5
784,50.0,344.5
784,50.0,355.5
784,50.0,372.5
784,50.0,403.5
784,50.0,456.5
784,50.0,513.5
784,50.0,534.5
784,50.0,561.5
784,50.0,563.5
784,50.0,600.5
784,50.0,613.5
784,50.0,618.5
784,50.0,642.5
784,50.0,681.5
784,50.0,695.5
784,50.0,734.5
784,50.0,735.5
784,50.0,753.5
784,50.0,774.5
784,50.0,788.5
785,50.0,12.5
785,50.0,21.5
785,50.0,62.5
785,50.0,83.5
785,50.0,128.5
785,50.0,145.5
785,50.0,154.5
785,50.0,201.5
785,50.0,222.5
785,50.0,272.5
785,50.0,275.5
785,50.0,354.5
785,50.0,355.5
785,50.0,366.5
785,50.0,433.5
785,50.0,456.5
785,50.0,460.5
785,50.0,463.5
785,50.0,526.5
785,50.0,558.5
785,50.0,566.5
785,50.0,594.5
785,50.0,603.5
785,50.0,605.5
785,50.0,612.5
785,50.0,617.5
785,50.0,634.5
785,50.0,645.5
785,50.0,755.5
785,50.0,756.5
785,50.0,787.5
785,50.0,798.5
786,50.0,33.5
786,50.0,106.5
786,50.0,118.5
786,50.0,133.5
786,50.0,139.5
786,50.0,140.5
786,50.0,190.5
786,50.0,200.5
786,50.0,248.5
786,50.0,257.5
786,50.0,258.5
786,50.0,275.5
786,50.0,292.5
786,50.0,301.5
786,50.0,311.5
786,50.0,322.5
786,50.0,352.5
786,50.0,353.5
786,50.0,389.5
786,50.0,417.5
786,50.0,437.5
786,50.0,466.5
786,50.0,476.5
786,50.0,479.5
786,50.0,480.5
786,50.0,502.5
786,50.0,506.5
786,50.0,508.5
786,50.0,525.5
786,50.0,561.5
786,50.0,572.5
786,50.0,585.5
786,50.0,599.5
786,50.0,613.5
786,50.0,630.5
786,50.0,684.5
786,50.0,686.5
786,50.0,711.5
786,50.0,728.5
786,50.0,745.5
786,50.0,764.5
786,50.0,775.5
786,50.0,786.5
787,50.0,30.5
787,50.0,31.5
787,50.0,33.5
787,50.0,97.5
787,50.0,188.5
787,50.0,196.5
787,50.0,219.5
787,50.0,242.5
787,50.0,286.5
787,50.0,293.5
787,50.0,399.5
787,50.0,405.5
787,50.0,432.5
787,50.0,449.5
787,50.0,481.5
787,50.0,483.5
787,50.0,522.5
787,50.0,555.5
787,50.0,563.5
787,50.0,587.5
787,50.0,608.5
787,50.0,610.5
787,50.0,622.5
787,50.0,685.5
787,50.0,754.5
787,50.0,769.5
787,50.0,789.5
788,50.0,70.5
788,50.0,125.5
788,50.0,129.5
788,50.0,159.5
788,50.0,168.5
788,50.0,169.5
788,50.0,195.5
788,50.0,233.5
788,50.0,261.5
788,50.0,266.5
788,50.0,273.5
788,50.0,280.5
788,50.0,285.5
788,50.0,332.5
788,50.0,333.5
788,50.0,362.5
788,50.0,371.5
788,50.0,386.5
788,50.0,411.5
788,50.0,426.5
788,50.0,429.5
788,50.0,442.5
788,50.0,466.5
788,50.0,491.5
788,50.0,499.5
788,50.0,516.5
788,50.0,554.5
788,50.0,559.5
788,50.0,560.5
788,50.0,578.5
788,50.0,591.5
788,50.0,597.5
788,50.0,606.5
788,50.0,608.5
788,50.0,635.5
788,50.0,652.5
788,50.0,659.5
788,50.0,669.5
788,50.0,679.5
788,50.0,701.5
788,50.0,709.5
788,50.0,741.5
788,50.0,775.5
789,50.0,75.5
789,50.0,77.5
789,50.0,82.5
789,50.0,91.5
789,50.0,117.5
789,50.0,129.5
789,50.0,147.5
789,50.0,185.5
789,50.0,189.5
789,50.0,204.5
789,50.0,396.5
789,50.0,423.5
789,50.0,438.5
789,50.0,449.5
789,50.0,531.5
789,50.0,579.5
789,50.0,598.5
789,50.0,725.5
789,50.0,766.5
789,50.0,774.5
790,50.0,5.5
790,50.0,41.5
790,50.0,118.5
790,50.0,121.5
790,50.0,154.5
790,50.0,155.5
790,50.0,221.5
790,50.0,233.5
790,50.0,235.5
790,50.0,318.5
790,50.0,326.5
790,50.0,370.5
790,50.0,386.5
790,50.0,394.5
790,50.0,419.5
790,50.0,499.5
790,50.0,520.5
790,50.0,548.5
790,50.0,576.5
790,50.0,584.5
790,50.0,645.5
790,50.0,659.5
790,50.0,760.5
790,50.0,777.5
791,50.0,30.5
791,50.0,38.5
791,50.0,40.5
791,50.0,64.5
791,50.0,100.5
791,50.0,129.5
791,50.0,139.5
791,50.0,169.5
791,50.0,178.5
791,50.0,204.5
791,50.0,255.5
791,50.0,278.5
791,50.0,339.5
791,50.0,420.5
791,50.0,436.5
791,50.0,535.5
791,50.0,561.5
791,50.0,597.5
791,50.0,626.5
791,50.0,650.5
791,50.0,667.5
791,50.0,677.5
791,50.0,711.5
791,50.0,731.5
791,50.0,767.5
791,50.0,788.5
791,50.0,797.5
792,50.0,46.5
792,50.0,48.5
792,50.0,68.5
792,50.0,80.5
792,50.0,162.5
792,50.0,209.5
792,50.0,233.5
792,50.0,251.5
792,50.0,268.5
792,50.0,348.5
792,50.0,351.5
792,50.0,378.5
792,50.0,432.5
792,50.0,476.5
792,50.0,488.5
792,50.0,569.5
792,50.0,575.5
792,50.0,578.5
792,50.0,584.5
792,50.0,648.5
792,50.0,655.5
792,50.0,702.5
792,50.0,727.5
792,50.0,737.5
792,50.0,795.5
793,50.0,24.5
793,50.0,135.5
793,50.0,202.5
793,50.0,211.5
793,50.0,248.5
793,50.0,256.5
793,50.0,269.5
793,50.0,279.5
793,50.0,295.5
793,50.0,300.5
793,50.0,306.5
793,50.0,374.5
793,50.0,384.5
793,50.0,398.5
793,50.0,416.5
793,50.0,427.5
793,50.0,454.5
793,50.0,471.5
793,50.0,514.5
793,50.0,536.5
793,50.0,542.5
793,50.0,582.5
793,50.0,599.5
793,50.0,613.5
793,50.0,771.5
793,50.0,780.5
793,50.0,784.5
793,50.0,791.5
794,50.0,14.5
794,50.0,101.5
794,50.0,103.5
794,50.0,148.5
794,50.0,164.5
794,50.0,180.5
794,50.0,273.5
794,50.0,284.5
794,50.0,304.5
794,50.0,329.5
794,50.0,344.5
794,50.0,353.5
794,50.0,360.5
794,50.0,370.5
794,50.0,402.5
794,50.0,496.5
794,50.0,512.5
794,50.0,543.5
794,50.0,554.5
794,50.0,610.5
794,50.0,629.5
794,50.0,638.5
794,50.0,648.5
794,50.0,721.5
794,50.0,741.5
794,50.0,754.5
794,50.0,757.5
794,50.0,783.5
795,50.0,0.5
795,50.0,7.5
795,50.0,38.5
795,50.0,39.5
795,50.0,102.5
795,50.0,151.5
795,50.0,152.5
795,50.0,189.5
795,50.0,212.5
795,50.0,224.5
795,50.0,241.5
795,50.0,273.5
795,50.0,279.5
795,50.0,286.5
795,50.0,296.5
795,50.0,321.5
795,50.0,324.5
795,50.0,389.5
795,50.0,390.5
795,50.0,433.5
795,50.0,438.5
795,50.0,450.5
795,50.0,459.5
795,50.0,486.5
795,50.0,513.5
795,50.0,517.5
795,50.0,537.5
795,50.0,555.5
795,50.0,613.5
795,50.0,656.5
795,50.0,689.5
795,50.0,697.5
795,50.0,719.5
795,50.0,721.5
796,50.0,23.5
796,50.0,45.5
796,50.0,98.5
796,50.0,127.5
796,50.0,172.5
796,50.0,200.5
796,50.0,229.5
796,50.0,295.5
796,50.0,319.5
796,50.0,370.5
796,50.0,397.5
796,50.0,401.5
796,50.0,419.5
796,50.0,494.5
796,50.0,497.5
796,50.0,561.5
796,50.0,575.5
796,50.0,577.5
796,50.0,685.5
797,50.0,22.5
797,50.0,67.5
797,50.0,87.5
797,50.0,121.5
797,50.0,184.5
797,50.0,187.5
797,50.0,289.5
797,50.0,318.5
797,50.0,329.5
797,50.0,337.5
797,50.0,360.5
797,50.0,361.5
797,50.0,372.5
797,50.0,454.5
797,50.0,645.5
797,50.0,716.5
797,50.0,765.5
797,50.0,779.5
797,50.0,791.5
798,50.0,29.5
798,50.0,31.5
798,50.0,57.5
798,50.0,64.5
798,50.0,71.5
798,50.0,87.5
798,50.0,107.5
798,50.0,129.5
798,50.0,161.5
798,50.0,166.5
798,50.0,176.5
798,50.0,201.5
798,50.0,230.5
798,50.0,262.5
798,50.0,278.5
798,50.0,303.5
798,50.0,322.5
798,50.0,335.5
798,50.0,382.5
798,50.0,396.5
798,50.0,458.5
798,50.0,593.5
798,50.0,600.5
798,50.0,602.5
798,50.0,635.5
798,50.0,679.5
798,50.0,747.5
798,50.0,796.5
799,50.0,41.5
799,50.0,42.5
799,50.0,43.5
799,50.0,48.5
799,50.0,54.5
799,50.0,69.5
799,50.0,92.5
799,50.0,168.5
799,50.0,177.5
799,50.0,179.5
799,50.0,304.5
799,50.0,348.5
799,50.0,366.5
799,50.0,381.5
799,50.0,435.5
799,50.0,467.5
799,50.0,486.5
799,50.0,500.5
799,50.0,509.5
799,50.0,522.5
799,50.0,644.5
799,50.0,669.5
799,50.0,700.5
799,50.0,743.5
799,50.0,752.5
799,50.0,784.5
800,50.0,29.5
800,50.0,30.5
800,50.0,99.5
800,50.0,101.5
800,50.0,166.5
800,50.0,225.5
800,50.0,287.5
800,50.0,310.5
800,50.0,324.5
800,50.0,330.5
800,50.0,341.5
800,50.0,427.5
800,50.0,433.5
800,50.0,437.5
800,50.0,510.5
800,50.0,546.5
800,50.0,567.5
800,50.0,577.5
800,50.0,626.5
800,50.0,654.5
800,50.0,658.5
800,50.0,685.5
800,50.0,713.5
800,50.0,715.5
800,50.0,720.5
800,50.0,737.5
800,50.0,767.5
800,50.0,796.5
801,50.0,46.5
801,50.0,49.5
801,50.0,106.5
801,50.0,144.5
801,50.0,204.5
801,50.0,302.5
801,50.0,335.5
801,50.0,383.5
801,50.0,390.5
801,50.0,391.5
801,50.0,415.5
801,50.0,420.5
801,50.0,480.5
801,50.0,558.5
801,50.0,572.5
801,50.0,615.5
801,50.0,623.5
801,50.0,715.5
801,50.0,733.5
801,50.0,759.5
801,50.0,788.5
802,50.0,19.5
802,50.0,100.5
802,50.0,111.5
802,50.0,122.5
802,50.0,194.5
802,50.0,228.5
802,50.0,255.5
802,50.0,396.5
802,50.0,500.5
802,50.0,566.5
802,50.0,606.5
802,50.0,678.5
802,50.0,717.5
802,50.0,757.5
802,50.0,797.5
803,50.0,46.5
803,50.0,70.5
803,50.0,96.5
803,50.0,117.5
803,50.0,153.5
803,50.0,177.5
803,50.0,204.5
803,50.0,210.5
803,50.0,227.5
803,50.0,253.5
803,50.0,272.5
803,50.0,281.5
803,50.0,332.5
803,50.0,376.5
803,50.0,379.5
803,50.0,390.5
803,50.0,410.5
803,50.0,413.5
803,50.0,420.5
803,50.0,460.5
803,50.0,487.5
803,50.0,594.5
803,50.0,612.5
803,50.0,623.5
803,50.0,646.5
803,50.0,706.5
803,50.0,715.5
803,50.0,741.5
803,50.0,743.5
803,50.0,747.5
803,50.0,777.5
803,50.0,778.5
803,50.0,795.5
803,50.0,796.5
803,50.0,798.5
804,50.0,30.5
804,50.0,76.5
804,50.0,125.5
804,50.0,141.5
804,50.0,231.5
804,50.0,303.5
804,50.0,331.5
804,50.0,335.5
804,50.0,392.5
804,50.0,395.5
804,50.0,416.5
804,50.0,501.5
804,50.0,543.5
804,50.0,572.5
804,50.0,584.5
804,50.0,620.5
804,50.0,630.5
804,50.0,702.5
804,50.0,744.5
804,50.0,782.5
804,50.0,785.5
804,50.0,787.5
804,50.0,789.5
805,50.0,9.5
805,50.0,82.5
805,50.0,94.5
805,50.0,112.5
805,50.0,116.5
805,50.0,135.5
805,50.0,141.5
805,50.0,162.5
805,50.0,190.5
805,50.0,198.5
805,50.0,212.5
805,50.0,367.5
805,50.0,385.5
805,50.0,388.5
805,50.0,432.5
805,50.0,435.5
805,50.0,481.5
805,50.0,539.5
805,50.0,555.5
805,50.0,612.5
805,50.0,625.5
805,50.0,635.5
805,50.0,663.5
806,50.0,27.5
806,50.0,28.5
806,50.0,37.5
806,50.0,89.5
806,50.0,103.5
806,50.0,110.5
806,50.0,124.5
806,50.0,147.5
806,50.0,188.5
806,50.0,283.5
806,50.0,286.5
806,50.0,287.5
806,50.0,301.5
806,50.0,342.5
806,50.0,412.5
806,50.0,455.5
806,50.0,472.5
806,50.0,494.5
806,50.0,604.5
806,50.0,621.5
806,50.0,629.5
806,50.0,648.5
806,50.0,682.5
806,50.0,690.5
806,50.0,739.5
806,50.0,765.5
806,50.0,766.5
807,50.0,43.5
807,50.0,92.5
807,50.0,99.5
807,50.0,164.5
807,50.0,191.5
807,50.0,209.5
807,50.0,213.5
807,50.0,222.5
807,50.0,249.5
807,50.0,259.5
807,50.0,264.5
807,50.0,315.5
807,50.0,337.5
807,50.0,362.5
807,50.0,369.5
807,50.0,373.5
807,50.0,444.5
807,50.0,487.5
807,50.0,494.5
807,50.0,505.5
807,50.0,525.5
807,50.0,543.5
807,50.0,575.5
807,50.0,597.5
807,50.0,644.5
807,50.0,658.5
807,50.0,682.5
807,50.0,739.5
807,50.0,764.5
807,50.0,768.5
807,50.0,790.5
807,50.0,798.5
808,50.0,47.5
808,50.0,57.5
808,50.0,58.5
808,50.0,63.5
808,50.0,68.5
808,50.0,224.5
808,50.0,416.5
808,50.0,417.5
808,50.0,427.5
808,50.0,451.5
808,50.0,472.5
808,50.0,493.5
808,50.0,498.5
808,50.0,499.5
808,50.0,568.5
808,50.0,595.5
808,50.0,642.5
808,50.0,649.5
808,50.0,721.5
808,50.0,738.5
808,50.0,745.5
808,50.0,757.5
808,50.0,785.5
809,50.0,2.5
809,50.0,3.5
809,50.0,7.5
809,50.0,26.5
809,50.0,28.5
809,50.0,54.5
809,50.0,65.5
809,50.0,94.5
809,50.0,142.5
809,50.0,155.5
809,50.0,165.5
809,50.0,187.5
809,50.0,202.5
809,50.0,238.5
809,50.0,243.5
809,50.0,253.5
809,50.0,306.5
809,50.0,310.5
809,50.0,350.5
809,50.0,364.5
809,50.0,438.5
809,50.0,467.5
809,50.0,477.5
809,50.0,585.5
809,50.0,600.5
809,50.0,616.5
809,50.0,618.5
809,50.0,670.5
809,50.0,706.5
809,50.0,731.5
809,50.0,740.5
809,50.0,758.5
809,50.0,759.5
810,50.0,64.5
810,50.0,111.5
810,50.0,208.5
810,50.0,249.5
810,50.0,261.5
810,50.0,305.5
810,50.0,333.5
810,50.0,346.5
810,50.0,354.5
810,50.0,360.5
810,50.0,374.5
810,50.0,411.5
810,50.0,428.5
810,50.0,439.5
810,50.0,446.5
810,50.0,457.5
810,50.0,472.5
810,50.0,636.5
810,50.0,658.5
810,50.0,767.5
810,50.0,782.5
810,50.0,783.5
811,50.0,89.5
811,50.0,91.5
811,50.0,113.5
811,50.0,124.5
811,50.0,148.5
811,50.0,163.5
811,50.0,171.5
811,50.0,207.5
811,50.0,209.5
811,50.0,214.5
811,50.0,229.5
811,50.0,243.5
811,50.0,304.5
811,50.0,315.5
811,50.0,364.5
811,50.0,423.5
811,50.0,431.5
811,50.0,479.5
811,50.0,484.5
811,50.0,530.5
811,50.0,598.5
811,50.0,603.5
811,50.0,704.5
811,50.0,706.5
811,50.0,762.5
812,50.0,0.5
812,50.0,35.5
812,50.0,48.5
812,50.0,58.5
812,50.0,62.5
812,50.0,121.5
812,50.0,194.5
812,50.0,248.5
812,50.0,277.5
812,50.0,289.5
812,50.0,291.5
812,50.0,314.5
812,50.0,373.5
812,50.0,427.5
812,50.0,514.5
812,50.0,554.5
812,50.0,601.5
812,50.0,604.5
812,50.0,658.5
812,50.0,736.5
813,50.0,35.5
813,50.0,58.5
813,50.0,68.5
813,50.0,86.5
813,50.0,183.5
813,50.0,268.5
813,50.0,269.5
813,50.0,271.5
813,50.0,276.5
813,50.0,297.5
813,50.0,325.5
813,50.0,370.5
813,50.0,381.5
813,50.0,423.5
813,50.0,427.5
813,50.0,442.5
813,50.0,485.5
813,50.0,516.5
813,50.0,593.5
813,50.0,606.5
813,50.0,613.5
813,50.0,632.5
813,50.0,642.5
813,50.0,677.5
813,50.0,690.5
813,50.0,721.5
813,50.0,743.5
813,50.0,778.5
814,50.0,65.5
814,50.0,106.5
814,50.0,140.5
814,50.0,148.5
814,50.0,154.5
814,50.0,182.5
814,50.0,183.5
814,50.0,185.5
814,50.0,220.5
814,50.0,240.5
814,50.0,241.5
814,50.0,254.5
814,50.0,286.5
814,50.0,295.5
814,50.0,322.5
814,50.0,370.5
814,50.0,394.5
814,50.0,432.5
814,50.0,439.5
814,50.0,446.5
814,50.0,477.5
814,50.0,498.5
814,50.0,534.5
814,50.0,602.5
814,50.0,650.5
814,50.0,667.5
814,50.0,679.5
814,50.0,698.5
814,50.0,767.5
815,50.0,8.5
815,50.0,27.5
815,50.0,44.5
815,50.0,67.5
815,50.0,85.5
815,50.0,116.5
815,50.0,150.5
815,50.0,159.5
815,50.0,172.5
815,50.0,195.5
815,50.0,198.5
815,50.0,207.5
815,50.0,243.5
815,50.0,251.5
815,50.0,270.5
815,50.0,305.5
815,50.0,364.5
815,50.0,371.5
815,50.0,405.5
815,50.0,429.5
815,50.0,445.5
815,50.0,467.5
815,50.0,473.5
815,50.0,479.5
815,50.0,509.5
815,50.0,520.5
815,50.0,527.5
815,50.0,541.5
815,50.0,638.5
815,50.0,650.5
815,50.0,717.5
815,50.0,746.5
815,50.0,791.5
816,50.0,25.5
816,50.0,26.5
816,50.0,60.5
816,50.0,114.5
816,50.0,220.5
816,50.0,259.5
816,50.0,312.5
816,50.0,351.5
816,50.0,440.5
816,50.0,465.5
816,50.0,484.5
816,50.0,559.5
816,50.0,571.5
816,50.0,594.5
816,50.0,692.5
816,50.0,710.5
816,50.0,733.5
816,50.0,761.5
816,50.0,779.5
816,50.0,782.5
816,50.0,789.5
817,50.0,7.5
817,50.0,54.5
817,50.0,66.5
817,50.0,87.5
817,50.0,101.5
817,50.0,185.5
817,50.0,202.5
817,50.0,256.5
817,50.0,273.5
817,50.0,325.5
817,50.0,330.5
817,50.0,371.5
817,50.0,383.5
817,50.0,391.5
817,50.0,395.5
817,50.0,407.5
817,50.0,448.5
817,50.0,467.5
817,50.0,560.5
817,50.0,595.5
817,50.0,614.5
817,50.0,623.5
817,50.0,646.5
817,50.0,654.5
817,50.0,668.5
817,50.0,700.5
817,50.0,731.5
817,50.0,738.5
817,50.0,758.5
817,50.0,774.5
818,50.0,34.5
818,50.0,69.5
818,50.0,82.5
818,50.0,88.5
818,50.0,103.5
818,50.0,112.5
818,50.0,125.5
818,50.0,129.5
818,50.0,150.5
818,50.0,166.5
818,50.0,194.5
818,50.0,195.5
818,50.0,198.5
818,50.0,223.5
818,50.0,234.5
818,50.0,239.5
818,50.0,274.5
818,50.0,286.5
818,50.0,323.5
818,50.0,331.5
818,50.0,384.5
818,50.0,392.5
818,50.0,398.5
818,50.0,490.5
818,50.0,521.5
818,50.0,523.5
818,50.0,527.5
818,50.0,549.5
818,50.0,560.5
818,50.0,570.5
818,50.0,572.5
818,50.0,597.5
818,50.0,598.5
818,50.0,698.5
818,50.0,723.5
818,50.0,732.5
818,50.0,746.5
818,50.0,785.5
819,50.0,11.5
819,50.0,27.5
819,50.0,77.5
819,50.0,156.5
819,50.0,180.5
819,50.0,217.5
819,50.0,222.5
819,50.0,227.5
819,50.0,291.5
819,50.0,322.5
819,50.0,372.5
819,50.0,406.5
819,50.0,412.5
819,50.0,453.5
819,50.0,455.5
819,50.0,499.5
819,50.0,505.5
819,50.0,524.5
819,50.0,543.5
819,50.0,546.5
819,50.0,552.5
819,50.0,624.5
819,50.0,643.5
819,50.0,652.5
819,50.0,655.5
819,50.0,717.5
819,50.0,729.5
819,50.0,789.5
820,50.0,22.5
820,50.0,47.5
820,50.0,76.5
820,50.0,85.5
820,50.0,132.5
820,50.0,140.5
820,50.0,164.5
820,50.0,180.5
820,50.0,182.5
820,50.0,204.5
820,50.0,286.5
820,50.0,287.5
820,50.0,362.5
820,50.0,427.5
820,50.0,434.5
820,50.0,441.5
820,50.0,465.5
820,50.0,524.5
820,50.0,589.5
820,50.0,594.5
820,50.0,609.5
820,50.0,614.5
820,50.0,631.5
820,50.0,647.5
820,50.0,693.5
820,50.0,710.5
820,50.0,717.5
820,50.0,719.5
820,50.0,768.5
820,50.0,786.5
820,50.0,796.5
821,50.0,35.5
821,50.0,42.5
821,50.0,74.5
821,50.0,88.5
821,50.0,95.5
821,50.0,98.5
821,50.0,120.5
821,50.0,136.5
821,50.0,142.5
821,50.0,183.5
821,50.0,184.5
821,50.0,202.5
821,50.0,218.5
821,50.0,234.5
821,50.0,268.5
821,50.0,288.5
821,50.0,297.5
821,50.0,317.5
821,50.0,348.5
821,50.0,367.5
821,50.0,412.5
821,50.0,485.5
821,50.0,494.5
821,50.0,509.5
821,50.0,517.5
821,50.0,534.5
821,50.0,578.5
821,50.0,600.5
821,50.0,653.5
821,50.0,658.5
821,50.0,767.5
822,50.0,1.5
822,50.0,28.5
822,50.0,61.5
822,50.0,187.5
822,50.0,307.5
822,50.0,315.5
822,50.0,346.5
822,50.0,415.5
822,50.0,484.5
822,50.0,493.5
822,50.0,562.5
822,50.0,592.5
822,50.0,621.5
822,50.0,665.5
822,50.0,693.5
822,50.0,701.5
822,50.0,713.5
822,50.0,720.5
822,50.0,737.5
822,50.0,746.5
822,50.0,756.5
822,50.0,762.5
822,50.0,768.5
822,50.0,774.5
822,50.0,799.5
823,50.0,43.5
823,50.0,62.5
823,50.0,109.5
823,50.0,177.5
823,50.0,231.5
823,50.0,248.5
823,50.0,313.5
823,50.0,314.5
823,50.0,329.5
823,50.0,339.5
823,50.0,385.5
823,50.0,431.5
823,50.0,445.5
823,50.0,537.5
823,50.0,594.5
823,50.0,611.5
823,50.0,619.5
823,50.0,620.5
823,50.0,660.5
823,50.0,787.5
824,50.0,28.5
824,50.0,72.5
824,50.0,84.5
824,50.0,93.5
824,50.0,96.5
824,50.0,148.5
824,50.0,201.5
824,50.0,214.5
824,50.0,225.5
824,50.0,293.5
824,50.0,335.5
824,50.0,392.5
824,50.0,394.5
824,50.0,418.5
824,50.0,433.5
824,50.0,442.5
824,50.0,451.5
824,50.0,480.5
824,50.0,522.5
824,50.0,645.5
824,50.0,651.5
824,50.0,664.5
824,50.0,727.5
824,50.0,763.5
824,50.0,764.5
825,50.0,17.5
825,50.0,29.5
825,50.0,78.5
825,50.0,84.5
825,50.0,99.5
825,50.0,199.5
825,50.0,230.5
825,50.0,237.5
825,50.0,250.5
825,50.0,264.5
825,50.0,265.5
825,50.0,269.5
825,50.0,270.5
825,50.0,297.5
825,50.0,300.5
825,50.0,321.5
825,50.0,362.5
825,50.0,370.5
825,50.0,376.5
825,50.0,471.5
825,50.0,521.5
825,50.0,528.5
825,50.0,535.5
825,50.0,539.5
825,50.0,540.5
825,50.0,552.5
825,50.0,557.5
825,50.0,576.5
825,50.0,580.5
825,50.0,600.5
825,50.0,650.5
825,50.0,675.5
825,50.0,694.5
825,50.0,721.5
825,50.0,759.5
825,50.0,764.5
826,50.0,24.5
826,50.0,28.5
826,50.0,31.5
826,50.0,57.5
826,50.0,86.5
826,50.0,90.5
826,50.0,140.5
826,50.0,149.5
826,50.0,164.5
826,50.0,176.5
826,50.0,243.5
826,50.0,250.5
826,50.0,294.5
826,50.0,358.5
826,50.0,366.5
826,50.0,370.5
826,50.0,402.5
826,50.0,440.5
826,50.0,491.5
826,50.0,517.5
826,50.0,531.5
826,50.0,534.5
826,50.0,535.5
826,50.0,563.5
826,50.0,568.5
826,50.0,575.5
826,50.0,609.5
826,50.0,619.5
826,50.0,660.5
826,50.0,663.5
826,50.0,689.5
826,50.0,723.5
826,50.0,728.5
826,50.0,729.5
826,50.0,736.5
826,50.0,741.5
826,50.0,772.5
827,50.0,9.5
827,50.0,39.5
827,50.0,132.5
827,50.0,178.5
827,50.0,277.5
827,50.0,342.5
827,50.0,349.5
827,50.0,384.5
827,50.0,396.5
827,50.0,401.5
827,50.0,425.5
827,50.0,468.5
827,50.0,489.5
827,50.0,499.5
827,50.0,513.5
827,50.0,527.5
827,50.0,554.5
827,50.0,566.5
827,50.0,570.5
827,50.0,580.5
827,50.0,582.5
827,50.0,592.5
827,50.0,605.5
827,50.0,609.5
827,50.0,625.5
827,50.0,632.5
827,50.0,682.5
827,50.0,693.5
827,50.0,696.5
827,50.0,697.5
827,50.0,698.5
827,50.0,750.5
827,50.0,759.5
827,50.0,760.5
827,50.0,791.5
828,50.0,6.5
828,50.0,33.5
828,50.0,89.5
828,50.0,94.5
828,50.0,120.5
828,50.0,128.5
828,50.0,190.5
828,50.0,191.5
828,50.0,211.5
828,50.0,294.5
828,50.0,297.5
828,50.0,300.5
828,50.0,335.5
828,50.0,339.5
828,50.0,344.5
828,50.0,350.5
828,50.0,367.5
828,50.0,375.5
828,50.0,385.5
828,50.0,394.5
828,50.0,447.5
828,50.0,487.5
828,50.0,501.5
828,50.0,551.5
828,50.0,575.5
828,50.0,585.5
828,50.0,620.5
828,50.0,662.5
828,50.0,697.5
828,50.0,727.5
828,50.0,741.5
828,50.0,758.5
828,50.0,759.5
828,50.0,768.5
828,50.0,781.5
828,50.0,795.5
829,50.0,4.5
829,50.0,55.5
829,50.0,60.5
829,50.0,77.5
829,50.0,96.5
829,50.0,106.5
829,50.0,115.5
829,50.0,117.5
829,50.0,137.5
829,50.0,145.5
829,50.0,165.5
829,50.0,224.5
829,50.0,271.5
829,50.0,284.5
829,50.0,364.5
829,50.0,389.5
829,50.0,455.5
829,50.0,518.5
829,50.0,528.5
829,50.0,556.5
829,50.0,565.5
829,50.0,573.5
829,50.0,595.5
829,50.0,635.5
829,50.0,678.5
829,50.0,705.5
829,50.0,732.5
829,50.0,751.5
829,50.0,775.5
829,50.0,799.5
830,50.0,5.5
830,50.0,24.5
830,50.0,29.5
830,50.0,31.5
830,50.0,38.5
830,50.0,56.5
830,50.0,59.5
830,50.0,88.5
830,50.0,241.5
830,50.0,290.5
830,50.0,337.5
830,50.0,348.5
830,50.0,353.5
830,50.0,359.5
830,50.0,432.5
830,50.0,499.5
830,50.0,500.5
830,50.0,515.5
830,50.0,565.5
830,50.0,572.5
830,50.0,602.5
830,50.0,687.5
830,50.0,756.5
831,50.0,61.5
831,50.0,147.5
831,50.0,149.5
831,50.0,152.5
831,50.0,175.5
831,50.0,177.5
831,50.0,190.5
831,50.0,213.5
831,50.0,215.5
831,50.0,251.5
831,50.0,275.5
831,50.0,279.5
831,50.0,300.5
831,50.0,301.5
831,50.0,309.5
831,50.0,315.5
831,50.0,345.5
831,50.0,352.5
831,50.0,376.5
831,50.0,419.5
831,50.0,464.5
831,50.0,488.5
831,50.0,554.5
831,50.0,557.5
831,50.0,560.5
831,50.0,623.5
831,50.0,629.5
831,50.0,669.5
831,50.0,734.5
831,50.0,738.5
831,50.0,763.5
832,50.0,37.5
832,50.0,126.5
832,50.0,133.5
832,50.0,147.5
832,50.0,206.5
832,50.0,229.5
832,50.0,236.5
832,50.0,270.5
832,50.0,279.5
832,50.0,324.5
832,50.0,365.5
832,50.0,368.5
832,50.0,430.5
832,50.0,458.5
832,50.0,459.5
832,50.0,496.5
832,50.0,572.5
832,50.0,638.5
832,50.0,640.5
832,50.0,642.5
832,50.0,649.5
832,50.0,664.5
832,50.0,694.5
832,50.0,710.5
832,50.0,774.5
832,50.0,797.5
833,50.0,3.5
833,50.0,5.5
833,50.0,20.5
833,50.0,25.5
833,50.0,101.5
833,50.0,138.5
833,50.0,177.5
833,50.0,220.5
833,50.0,274.5
833,50.0,281.5
833,50.0,302.5
833,50.0,307.5
833,50.0,331.5
833,50.0,375.5
833,50.0,488.5
833,50.0,586.5
833,50.0,600.5
833,50.0,656.5
833,50.0,659.5
833,50.0,691.5
833,50.0,718.5
833,50.0,762.5
833,50.0,798.5
834,50.0,42.5
834,50.0,115.5
834,50.0,187.5
834,50.0,203.5
834,50.0,227.5
834,50.0,241.5
834,50.0,328.5
834,50.0,344.5
834,50.0,348.5
834,50.0,389.5
834,50.0,404.5
834,50.0,486.5
834,50.0,513.5
834,50.0,531.5
834,50.0,541.5
834,50.0,554.5
834,50.0,563.5
834,50.0,634.5
834,50.0,643.5
834,50.0,647.5
834,50.0,661.5
834,50.0,708.5
834,50.0,712.5
834,50.0,727.5
834,50.0,732.5
834,50.0,758.5
834,50.0,764.5
834,50.0,769.5
835,50.0,1.5
835,50.0,47.5
835,50.0,110.5
835,50.0,125.5
835,50.0,127.5
835,50.0,146.5
835,50.0,155.5
835,50.0,177.5
835,50.0,212.5
835,50.0,254.5
835,50.0,267.5
835,50.0,294.5
835,50.0,359.5
835,50.0,395.5
835,50.0,415.5
835,50.0,441.5
835,50.0,447.5
835,50.0,467.5
835,50.0,476.5
835,50.0,508.5
835,50.0,564.5
835,50.0,573.5
835,50.0,635.5
835,50.0,688.5
835,50.0,713.5
835,50.0,724.5
835,50.0,734.5
835,50.0,781.5
835,50.0,796.5
836,50.0,1.5
836,50.0,49.5
836,50.0,63.5
836,50.0,72.5
836,50.0,140.5
836,50.0,161.5
836,50.0,243.5
836,50.0,248.5
836,50.0,329.5
836,50.0,417.5
836,50.0,451.5
836,50.0,458.5
836,50.0,481.5
836,50.0,501.5
836,50.0,601.5
836,50.0,613.5
836,50.0,617.5
836,50.0,750.5
836,50.0,790.5
837,50.0,42.5
837,50.0,48.5
837,50.0,126.5
837,50.0,153.5
837,50.0,170.5
837,50.0,179.5
837,50.0,181.5
837,50.0,231.5
837,50.0,296.5
837,50.0,298.5
837,50.0,350.5
837,50.0,356.5
837,50.0,370.5
837,50.0,428.5
837,50.0,442.5
837,50.0,460.5
837,50.0,476.5
837,50.0,482.5
837,50.0,501.5
837,50.0,552.5
837,50.0,571.5
837,50.0,606.5
837,50.0,796.5
838,50.0,23.5
838,50.0,54.5
838,50.0,55.5
838,50.0,270.5
838,50.0,328.5
838,50.0,479.5
838,50.0,482.5
838,50.0,496.5
838,50.0,505.5
838,50.0,509.5
838,50.0,694.5
838,50.0,745.5
838,50.0,758.5
838,50.0,762.5
838,50.0,777.5
838,50.0,782.5
838,50.0,785.5
838,50.0,795.5
839,50.0,20.5
839,50.0,22.5
839,50.0,43.5
839,50.0,45.5
839,50.0,55.5
839,50.0,144.5
839,50.0,145.5
839,50.0,154.5
839,50.0,167.5
839,50.0,178.5
839,50.0,228.5
839,50.0,237.5
839,50.0,277.5
839,50.0,378.5
839,50.0,410.5
839,50.0,415.5
839,50.0,538.5
839,50.0,586.5
839,50.0,670.5
839,50.0,671.5
839,50.0,734.5
839,50.0,741.5
839,50.0,768.5
839,50.0,775.5
839,50.0,779.5
839,50.0,785.5
839,50.0,788.5
839,50.0,794.5
840,50.0,61.5
840,50.0,62.5
840,50.0,126.5
840,50.0,149.5
840,50.0,180.5
840,50.0,242.5
840,50.0,246.5
840,50.0,280.5
840,50.0,329.5
840,50.0,407.5
840,50.0,415.5
840,50.0,445.5
840,50.0,471.5
840,50.0,487.5
840,50.0,506.5
840,50.0,508.5
840,50.0,569.5
840,50.0,590.5
840,50.0,686.5
840,50.0,721.5
840,50.0,736.5
840,50.0,744.5
840,50.0,758.5
840,50.0,759.5
840,50.0,764.5
840,50.0,771.5
841,50.0,18.5
841,50.0,26.5
841,50.0,192.5
841,50.0,233.5
841,50.0,256.5
841,50.0,302.5
841,50.0,308.5
841,50.0,313.5
841,50.0,503.5
841,50.0,582.5
841,50.0,584.5
841,50.0,585.5
841,50.0,619.5
841,50.0,670.5
841,50.0,717.5
841,50.0,740.5
842,50.0,9.5
842,50.0,95.5
842,50.0,107.5
842,50.0,116.5
842,50.0,160.5
842,50.0,166.5
842,50.0,194.5
842,50.0,197.5
842,50.0,233.5
842,50.0,235.5
842,50.0,252.5
842,50.0,254.5
842,50.0,271.5
842,50.0,283.5
842,50.0,308.5
842,50.0,320.5
842,50.0,326.5
842,50.0,374.5
842,50.0,420.5
842,50.0,478.5
842,50.0,498.5
842,50.0,535.5
842,50.0,657.5
842,50.0,667.5
842,50.0,705.5
842,50.0,718.5
842,50.0,730.5
842,50.0,765.5
842,50.0,772.5
843,50.0,25.5
843,50.0,44.5
843,50.0,55.5
843,50.0,56.5
843,50.0,82.5
843,50.0,89.5
843,50.0,98.5
843,50.0,101.5
843,50.0,119.5
843,50.0,192.5
843,50.0,221.5
843,50.0,271.5
843,50.0,286.5
843,50.0,352.5
843,50.0,371.5
843,50.0,393.5
843,50.0,412.5
843,50.0,417.5
843,50.0,422.5
843,50.0,428.5
843,50.0,469.5
843,50.0,478.5
843,50.0,549.5
843,50.0,558.5
843,50.0,580.5
843,50.0,666.5
843,50.0,720.5
843,50.0,728.5
844,50.0,11.5
844,50.0,60.5
844,50.0,138.5
844,50.0,199.5
844,50.0,203.5
844,50.0,206.5
844,50.0,213.5
844,50.0,217.5
844,50.0,270.5
844,50.0,285.5
844,50.0,359.5
844,50.0,366.5
844,50.0,472.5
844,50.0,504.5
844,50.0,530.5
844,50.0,547.5
844,50.0,568.5
844,50.0,570.5
844,50.0,574.5
844,50.0,580.5
844,50.0,623.5
844,50.0,651.5
844,50.0,702.5
844,50.0,715.5
844,50.0,773.5
844,50.0,793.5
845,50.0,91.5
845,50.0,183.5
845,50.0,252.5
845,50.0,291.5
845,50.0,375.5
845,50.0,414.5
845,50.0,533.5
845,50.0,551.5
845,50.0,597.5
845,50.0,640.5
845,50.0,655.5
845,50.0,777.5
846,50.0,19.5
846,50.0,25.5
846,50.0,95.5
846,50.0,102.5
846,50.0,116.5
846,50.0,123.5
846,50.0,149.5
846,50.0,166.5
846,50.0,172.5
846,50.0,191.5
846,50.0,224.5
846,50.0,243.5
846,50.0,244.5
846,50.0,253.5
846,50.0,276.5
846,50.0,288.5
846,50.0,309.5
846,50.0,327.5
846,50.0,399.5
846,50.0,498.5
846,50.0,560.5
846,50.0,564.5
846,50.0,565.5
846,50.0,577.5
846,50.0,583.5
846,50.0,640.5
846,50.0,642.5
846,50.0,643.5
846,50.0,669.5
846,50.0,728.5
846,50.0,793.5
847,50.0,8.5
847,50.0,41.5
847,50.0,74.5
847,50.0,138.5
847,50.0,150.5
847,50.0,175.5
847,50.0,195.5
847,50.0,201.5
847,50.0,202.5
847,50.0,268.5
847,50.0,341.5
847,50.0,350.5
847,50.0,366.5
847,50.0,382.5
847,50.0,447.5
847,50.0,474.5
847,50.0,526.5
847,50.0,534.5
847,50.0,615.5
847,50.0,690.5
847,50.0,773.5
848,50.0,35.5
848,50.0,39.5
848,50.0,99.5
848,50.0,173.5
848,50.0,217.5
848,50.0,241.5
848,50.0,283.5
848,50.0,311.5
848,50.0,320.5
848,50.0,414.5
848,50.0,433.5
848,50.0,437.5
848,50.0,454.5
848,50.0,456.5
848,50.0,484.5
848,50.0,499.5
848,50.0,503.5
848,50.0,519.5
848,50.0,543.5
848,50.0,548.5
848,50.0,574.5
848,50.0,605.5
848,50.0,616.5
848,50.0,633.5
848,50.0,671.5
848,50.0,672.5
848,50.0,705.5
848,50.0,707.5
848,50.0,732.5
848,50.0,769.5
848,50.0,799.5
849,50.0,15.5
849,50.0,19.5
849,50.0,46.5
849,50.0,78.5
849,50.0,100.5
849,50.0,164.5
849,50.0,166.5
849,50.0,172.5
849,50.0,193.5
849,50.0,204.5
849,50.0,218.5
849,50.0,261.5
849,50.0,313.5
849,50.0,398.5
849,50.0,424.5
849,50.0,456.5
849,50.0,468.5
849,50.0,482.5
849,50.0,491.5
849,50.0,496.5
849,50.0,553.5
849,50.0,582.5
849,50.0,589.5
849,50.0,596.5
849,50.0,640.5
849,50.0,641.5
849,50.0,698.5
849,50.0,721.5
850,50.0,30.5
850,50.0,41.5
850,50.0,50.5
850,50.0,84.5
850,50.0,103.5
850,50.0,169.5
850,50.0,179.5
850,50.0,190.5
850,50.0,222.5
850,50.0,278.5
850,50.0,288.5
850,50.0,303.5
850,50.0,357.5
850,50.0,395.5
850,50.0,402.5
850,50.0,422.5
850,50.0,492.5
850,50.0,522.5
850,50.0,533.5
850,50.0,540.5
850,50.0,562.5
850,50.0,616.5
850,50.0,625.5
850,50.0,630.5
850,50.0,641.5
850,50.0,653.5
850,50.0,680.5
850,50.0,705.5
851,50.0,3.5
851,50.0,64.5
851,50.0,88.5
851,50.0,209.5
851,50.0,210.5
851,50.0,275.5
851,50.0,289.5
851,50.0,290.5
851,50.0,291.5
851,50.0,321.5
851,50.0,375.5
851,50.0,392.5
851,50.0,431.5
851,50.0,437.5
851,50.0,466.5
851,50.0,507.5
851,50.0,528.5
851,50.0,570.5
851,50.0,574.5
851,50.0,578.5
851,50.0,606.5
851,50.0,622.5
851,50.0,623.5
851,50.0,649.5
851,50.0,662.5
851,50.0,722.5
851,50.0,732.5
851,50.0,754.5
851,50.0,783.5
852,50.0,13.5
852,50.0,29.5
852,50.0,51.5
852,50.0,55.5
852,50.0,128.5
852,50.0,139.5
852,50.0,168.5
852,50.0,184.5
852,50.0,215.5
852,50.0,218.5
852,50.0,229.5
852,50.0,271.5
852,50.0,289.5
852,50.0,290.5
852,50.0,306.5
852,50.0,308.5
852,50.0,326.5
852,50.0,331.5
852,50.0,333.5
852,50.0,345.5
852,50.0,346.5
852,50.0,353.5
852,50.0,358.5
852,50.0,384.5
852,50.0,396.5
852,50.0,419.5
852,50.0,434.5
852,50.0,451.5
852,50.0,474.5
852,50.0,483.5
852,50.0,492.5
852,50.0,587.5
852,50.0,592.5
852,50.0,605.5
852,50.0,613.5
852,50.0,685.5
852,50.0,702.5
852,50.0,711.5
852,50.0,715.5
852,50.0,726.5
852,50.0,757.5
852,50.0,760.5
852,50.0,779.5
853,50.0,5.5
853,50.0,11.5
853,50.0,37.5
853,50.0,104.5
853,50.0,206.5
853,50.0,261.5
853,50.0,272.5
853,50.0,274.5
853,50.0,382.5
853,50.0,414.5
853,50.0,432.5
853,50.0,451.5
853,50.0,560.5
853,50.0,567.5
853,50.0,622.5
853,50.0,623.5
853,50.0,624.5
853,50.0,708.5
853,50.0,710.5
853,50.0,716.5
854,50.0,31.5
854,50.0,54.5
854,50.0,60.5
854,50.0,107.5
854,50.0,126.5
854,50.0,130.5
854,50.0,200.5
854,50.0,250.5
854,50.0,277.5
854,50.0,278.5
854,50.0,285.5
854,50.0,304.5
854,50.0,305.5
854,50.0,319.5
854,50.0,333.5
854,50.0,353.5
854,50.0,360.5
854,50.0,371.5
854,50.0,390.5
854,50.0,427.5
854,50.0,432.5
854,50.0,467.5
854,50.0,488.5
854,50.0,551.5
854,50.0,562.5
854,50.0,570.5
854,50.0,623.5
854,50.0,638.5
854,50.0,647.5
854,50.0,660.5
854,50.0,674.5
854,50.0,692.5
854,50.0,761.5
854,50.0,781.5
854,50.0,794.5
855,50.0,87.5
855,50.0,115.5
855,50.0,147.5
855,50.0,151.5
855,50.0,199.5
855,50.0,237.5
855,50.0,257.5
855,50.0,328.5
855,50.0,346.5
855,50.0,409.5
855,50.0,534.5
855,50.0,536.5
855,50.0,537.5
855,50.0,578.5
855,50.0,597.5
855,50.0,606.5
855,50.0,610.5
855,50.0,619.5
855,50.0,678.5
855,50.0,681.5
855,50.0,722.5
855,50.0,729.5
855,50.0,757.5
855,50.0,783.5
855,50.0,799.5
856,50.0,4.5
856,50.0,35.5
856,50.0,39.5
856,50.0,40.5
856,50.0,79.5
856,50.0,92.5
856,50.0,122.5
856,50.0,126.5
856,50.0,159.5
856,50.0,209.5
856,50.0,214.5
856,50.0,230.5
856,50.0,256.5
856,50.0,260.5
856,50.0,287.5
856,50.0,294.5
856,50.0,332.5
856,50.0,338.5
856,50.0,368.5
856,50.0,452.5
856,50.0,490.5
856,50.0,494.5
856,50.0,545.5
856,50.0,559.5
856,50.0,626.5
856,50.0,682.5
856,50.0,712.5
856,50.0,750.5
856,50.0,770.5
856,50.0,782.5
856,50.0,791.5
857,50.0,19.5
857,50.0,35.5
857,50.0,51.5
857,50.0,65.5
857,50.0,72.5
857,50.0,87.5
857,50.0,142.5
857,50.0,189.5
857,50.0,236.5
857,50.0,257.5
857,50.0,285.5
857,50.0,389.5
857,50.0,416.5
857,50.0,437.5
857,50.0,537.5
857,50.0,587.5
857,50.0,699.5
858,50.0,9.5
858,50.0,21.5
858,50.0,31.5
858,50.0,48.5
858,50.0,57.5
858,50.0,66.5
858,50.0,67.5
858,50.0,78.5
858,50.0,102.5
858,50.0,120.5
858,50.0,131.5
858,50.0,140.5
858,50.0,159.5
858,50.0,172.5
858,50.0,215.5
858,50.0,227.5
858,50.0,245.5
858,50.0,253.5
858,50.0,255.5
858,50.0,259.5
858,50.0,314.5
858,50.0,317.5
858,50.0,352.5
858,50.0,363.5
858,50.0,407.5
858,50.0,443.5
858,50.0,445.5
858,50.0,462.5
858,50.0,467.5
858,50.0,486.5
858,50.0,502.5
858,50.0,504.5
858,50.0,512.5
858,50.0,577.5
858,50.0,591.5
858,50.0,632.5
858,50.0,694.5
858,50.0,697.5
858,50.0,709.5
858,50.0,714.5
858,50.0,737.5
858,50.0,786.5
858,50.0,790.5
859,50.0,52.5
859,50.0,74.5
859,50.0,129.5
859,50.0,132.5
859,50.0,161.5
859,50.0,187.5
859,50.0,191.5
859,50.0,208.5
859,50.0,228.5
859,50.0,232.5
859,50.0,235.5
859,50.0,239.5
859,50.0,252.5
859,50.0,262.5
859,50.0,275.5
859,50.0,327.5
859,50.0,335.5
859,50.0,394.5
859,50.0,411.5
859,50.0,516.5
859,50.0,535.5
859,50.0,608.5
859,50.0,658.5
859,50.0,671.5
859,50.0,674.5
859,50.0,717.5
859,50.0,750.5
860,50.0,50.5
860,50.0,122.5
860,50.0,143.5
860,50.0,173.5
860,50.0,176.5
860,50.0,199.5
860,50.0,291.5
860,50.0,362.5
860,50.0,408.5
860,50.0,412.5
860,50.0,416.5
860,50.0,421.5
860,50.0,451.5
860,50.0,470.5
860,50.0,558.5
860,50.0,576.5
860,50.0,590.5
860,50.0,612.5
860,50.0,651.5
860,50.0,653.5
860,50.0,665.5
860,50.0,682.5
860,50.0,689.5
861,50.0,13.5
861,50.0,19.5
861,50.0,90.5
861,50.0,92.5
861,50.0,146.5
861,50.0,153.5
861,50.0,155.5
861,50.0,266.5
861,50.0,285.5
861,50.0,351.5
861,50.0,378.5
861,50.0,381.5
861,50.0,382.5
861,50.0,433.5
861,50.0,519.5
861,50.0,524.5
861,50.0,597.5
861,50.0,611.5
861,50.0,619.5
861,50.0,631.5
861,50.0,695.5
861,50.0,711.5
861,50.0,725.5
861,50.0,743.5
861,50.0,754.5
862,50.0,92.5
862,50.0,96.5
862,50.0,97.5
862,50.0,138.5
862,50.0,147.5
862,50.0,158.5
862,50.0,238.5
862,50.0,239.5
862,50.0,247.5
862,50.0,269.5
862,50.0,284.5
862,50.0,309.5
862,50.0,351.5
862,50.0,455.5
862,50.0,457.5
862,50.0,490.5
862,50.0,493.5
862,50.0,500.5
862,50.0,528.5
862,50.0,592.5
862,50.0,602.5
862,50.0,619.5
862,50.0,714.5
862,50.0,729.5
862,50.0,750.5
863,50.0,85.5
863,50.0,111.5
863,50.0,129.5
863,50.0,132.5
863,50.0,165.5
863,50.0,219.5
863,50.0,229.5
863,50.0,233.5
863,50.0,291.5
863,50.0,342.5
863,50.0,352.5
863,50.0,378.5
863,50.0,383.5
863,50.0,391.5
863,50.0,407.5
863,50.0,433.5
863,50.0,459.5
863,50.0,492.5
863,50.0,512.5
863,50.0,545.5
863,50.0,582.5
863,50.0,592.5
863,50.0,602.5
863,50.0,609.5
863,50.0,610.5
863,50.0,647.5
863,50.0,728.5
863,50.0,744.5
863,50.0,788.5
863,50.0,795.5
864,50.0,4.5
864,50.0,27.5
864,50.0,36.5
864,50.0,41.5
864,50.0,52.5
864,50.0,72.5
864,50.0,80.5
864,50.0,118.5
864,50.0,135.5
864,50.0,155.5
864,50.0,165.5
864,50.0,195.5
864,50.0,246.5
864,50.0,260.5
864,50.0,272.5
864,50.0,276.5
864,50.0,289.5
864,50.0,297.5
864,50.0,330.5
864,50.0,352.5
864,50.0,369.5
864,50.0,403.5
864,50.0,413.5
864,50.0,416.5
864,50.0,494.5
864,50.0,521.5
864,50.0,541.5
864,50.0,576.5
864,50.0,582.5
864,50.0,584.5
864,50.0,628.5
864,50.0,685.5
864,50.0,718.5
864,50.0,741.5
864,50.0,747.5
864,50.0,752.5
864,50.0,759.5
865,50.0,3.5
865,50.0,102.5
865,50.0,125.5
865,50.0,154.5
865,50.0,161.5
865,50.0,234.5
865,50.0,254.5
865,50.0,266.5
865,50.0,323.5
865,50.0,348.5
865,50.0,357.5
865,50.0,378.5
865,50.0,483.5
865,50.0,490.5
865,50.0,575.5
865,50.0,604.5
865,50.0,633.5
865,50.0,666.5
865,50.0,687.5
865,50.0,697.5
865,50.0,707.5
865,50.0,747.5
865,50.0,771.5
865,50.0,785.5
865,50.0,789.5
866,50.0,85.5
866,50.0,116.5
866,50.0,147.5
866,50.0,205.5
866,50.0,232.5
866,50.0,380.5
866,50.0,381.5
866,50.0,400.5
866,50.0,438.5
866,50.0,441.5
866,50.0,499.5
866,50.0,507.5
866,50.0,525.5
866,50.0,535.5
866,50.0,554.5
866,50.0,556.5
866,50.0,576.5
866,50.0,582.5
866,50.0,599.5
866,50.0,616.5
866,50.0,646.5
866,50.0,664.5
866,50.0,680.5
866,50.0,684.5
866,50.0,685.5
866,50.0,695.5
866,50.0,711.5
866,50.0,745.5
866,50.0,766.5
866,50.0,787.5
867,50.0,39.5
867,50.0,68.5
867,50.0,128.5
867,50.0,138.5
867,50.0,202.5
867,50.0,205.5
867,50.0,288.5
867,50.0,289.5
867,50.0,295.5
867,50.0,299.5
867,50.0,305.5
867,50.0,327.5
867,50.0,332.5
867,50.0,352.5
867,50.0,397.5
867,50.0,399.5
867,50.0,411.5
867,50.0,422.5
867,50.0,440.5
867,50.0,449.5
867,50.0,451.5
867,50.0,454.5
867,50.0,460.5
867,50.0,521.5
867,50.0,528.5
867,50.0,534.5
867,50.0,624.5
867,50.0,641.5
867,50.0,643.5
867,50.0,671.5
867,50.0,678.5
867,50.0,701.5
867,50.0,705.5
867,50.0,738.5
867,50.0,789.5
867,50.0,793.5
867,50.0,799.5
868,50.0,0.5
868,50.0,4.5
868,50.0,5.5
868,50.0,30.5
868,50.0,34.5
868,50.0,35.5
868,50.0,43.5
868,50.0,61.5
868,50.0,102.5
868,50.0,125.5
868,50.0,142.5
868,50.0,159.5
868,50.0,213.5
868,50.0,222.5
868,50.0,224.5
868,50.0,302.5
868,50.0,304.5
868,50.0,322.5
868,50.0,371.5
868,50.0,392.5
868,50.0,394.5
868,50.0,410.5
868,50.0,502.5
868,50.0,537.5
868,50.0,593.5
868,50.0,668.5
868,50.0,671.5
868,50.0,742.5
868,50.0,772.5
868,50.0,781.5
869,50.0,57.5
869,50.0,60.5
869,50.0,104.5
869,50.0,118.5
869,50.0,125.5
869,50.0,126.5
869,50.0,127.5
869,50.0,167.5
869,50.0,170.5
869,50.0,233.5
869,50.0,337.5
869,50.0,390.5
869,50.0,395.5
869,50.0,401.5
869,50.0,427.5
869,50.0,458.5
869,50.0,514.5
869,50.0,535.5
869,50.0,556.5
869,50.0,605.5
869,50.0,608.5
869,50.0,627.5
869,50.0,644.5
869,50.0,677.5
869,50.0,678.5
869,50.0,716.5
870,50.0,7.5
870,50.0,33.5
870,50.0,63.5
870,50.0,99.5
870,50.0,120.5
870,50.0,172.5
870,50.0,205.5
870,50.0,226.5
870,50.0,238.5
870,50.0,279.5
870,50.0,317.5
870,50.0,347.5
870,50.0,367.5
870,50.0,388.5
870,50.0,391.5
870,50.0,446.5
870,50.0,447.5
870,50.0,469.5
870,50.0,471.5
870,50.0,478.5
870,50.0,500.5
870,50.0,555.5
870,50.0,565.5
870,50.0,579.5
870,50.0,582.5
870,50.0,607.5
870,50.0,609.5
870,50.0,671.5
870,50.0,681.5
870,50.0,698.5
870,50.0,726.5
870,50.0,730.5
870,50.0,731.5
870,50.0,765.5
870,50.0,776.5
870,50.0,797.5
871,50.0,62.5
871,50.0,63.5
871,50.0,64.5
871,50.0,114.5
871,50.0,136.5
871,50.0,152.5
871,50.0,158.5
871,50.0,166.5
871,50.0,219.5
871,50.0,241.5
871,50.0,246.5
871,50.0,276.5
871,50.0,286.5
871,50.0,294.5
871,50.0,378.5
871,50.0,392.5
871,50.0,435.5
871,50.0,442.5
871,50.0,457.5
871,50.0,461.5
871,50.0,491.5
871,50.0,502.5
871,50.0,528.5
871,50.0,530.5
871,50.0,534.5
871,50.0,536.5
871,50.0,540.5
871,50.0,554.5
871,50.0,589.5
871,50.0,618.5
871,50.0,622.5
871,50.0,628.5
871,50.0,629.5
871,50.0,650.5
871,50.0,666.5
871,50.0,669.5
871,50.0,698.5
871,50.0,760.5
871,50.0,770.5
872,50.0,3.5
872,50.0,7.5
872,50.0,55.5
872,50.0,65.5
872,50.0,99.5
872,50.0,103.5
872,50.0,108.5
872,50.0,126.5
872,50.0,135.5
872,50.0,136.5
872,50.0,177.5
872,50.0,327.5
872,50.0,336.5
872,50.0,357.5
872,50.0,367.5
872,50.0,384.5
872,50.0,429.5
872,50.0,464.5
872,50.0,465.5
872,50.0,539.5
872,50.0,586.5
872,50.0,658.5
872,50.0,677.5
872,50.0,686.5
872,50.0,729.5
872,50.0,745.5
872,50.0,752.5
872,50.0,763.5
873,50.0,12.5
873,50.0,35.5
873,50.0,40.5
873,50.0,51.5
873,50.0,58.5
873,50.0,76.5
873,50.0,118.5
873,50.0,239.5
873,50.0,241.5
873,50.0,345.5
873,50.0,437.5
873,50.0,446.5
873,50.0,459.5
873,50.0,491.5
873,50.0,495.5
873,50.0,513.5
873,50.0,521.5
873,50.0,568.5
873,50.0,587.5
873,50.0,593.5
873,50.0,594.5
873,50.0,646.5
873,50.0,792.5
873,50.0,799.5
874,50.0,12.5
874,50.0,15.5
874,50.0,65.5
874,50.0,87.5
874,50.0,107.5
874,50.0,123.5
874,50.0,133.5
874,50.0,178.5
874,50.0,205.5
874,50.0,230.5
874,50.0,274.5
874,50.0,285.5
874,50.0,354.5
874,50.0,355.5
874,50.0,399.5
874,50.0,433.5
874,50.0,439.5
874,50.0,448.5
874,50.0,449.5
874,50.0,471.5
874,50.0,473.5
874,50.0,499.5
874,50.0,517.5
874,50.0,518.5
874,50.0,539.5
874,50.0,548.5
874,50.0,568.5
874,50.0,582.5
874,50.0,610.5
874,50.0,637.5
874,50.0,638.5
874,50.0,678.5
874,50.0,684.5
874,50.0,708.5
874,50.0,748.5
874,50.0,797.5
874,50.0,799.5
875,50.0,6.5
875,50.0,23.5
875,50.0,37.5
875,50.0,142.5
875,50.0,148.5
875,50.0,164.5
875,50.0,223.5
875,50.0,306.5
875,50.0,344.5
875,50.0,349.5
875,50.0,415.5
875,50.0,443.5
875,50.0,510.5
875,50.0,551.5
875,50.0,564.5
875,50.0,578.5
875,50.0,591.5
876,50.0,29.5
876,50.0,75.5
876,50.0,108.5
876,50.0,131.5
876,50.0,172.5
876,50.0,282.5
876,50.0,311.5
876,50.0,336.5
876,50.0,337.5
876,50.0,341.5
876,50.0,346.5
876,50.0,355.5
876,50.0,359.5
876,50.0,361.5
876,50.0,383.5
876,50.0,403.5
876,50.0,417.5
876,50.0,465.5
876,50.0,512.5
876,50.0,621.5
876,50.0,629.5
876,50.0,636.5
876,50.0,676.5
876,50.0,678.5
876,50.0,693.5
876,50.0,714.5
876,50.0,794.5
877,50.0,10.5
877,50.0,18.5
877,50.0,34.5
877,50.0,65.5
877,50.0,69.5
877,50.0,98.5
877,50.0,122.5
877,50.0,136.5
877,50.0,146.5
877,50.0,185.5
877,50.0,214.5
877,50.0,227.5
877,50.0,234.5
877,50.0,240.5
877,50.0,247.5
877,50.0,249.5
877,50.0,253.5
877,50.0,291.5
877,50.0,308.5
877,50.0,319.5
877,50.0,324.5
877,50.0,337.5
877,50.0,363.5
877,50.0,366.5
877,50.0,370.5
877,50.0,376.5
877,50.0,390.5
877,50.0,419.5
877,50.0,424.5
877,50.0,445.5
877,50.0,447.5
877,50.0,464.5
877,50.0,477.5
877,50.0,520.5
877,50.0,587.5
877,50.0,640.5
877,50.0,653.5
877,50.0,732.5
877,50.0,739.5
877,50.0,765.5
877,50.0,766.5
877,50.0,782.5
878,50.0,1.5
878,50.0,51.5
878,50.0,72.5
878,50.0,135.5
878,50.0,198.5
878,50.0,249.5
878,50.0,305.5
878,50.0,317.5
878,50.0,330.5
878,50.0,359.5
878,50.0,442.5
878,50.0,598.5
878,50.0,609.5
878,50.0,669.5
878,50.0,673.5
878,50.0,674.5
878,50.0,678.5
878,50.0,680.5
878,50.0,693.5
878,50.0,725.5
878,50.0,738.5
878,50.0,756.5
878,50.0,772.5
878,50.0,776.5
878,50.0,791.5
879,50.0,70.5
879,50.0,101.5
879,50.0,105.5
879,50.0,155.5
879,50.0,169.5
879,50.0,222.5
879,50.0,240.5
879,50.0,249.5
879,50.0,250.5
879,50.0,252.5
879,50.0,265.5
879,50.0,325.5
879,50.0,360.5
879,50.0,361.5
879,50.0,397.5
879,50.0,450.5
879,50.0,510.5
879,50.0,542.5
879,50.0,553.5
879,50.0,607.5
879,50.0,615.5
879,50.0,627.5
879,50.0,683.5
879,50.0,701.5
879,50.0,762.5
879,50.0,764.5
879,50.0,770.5
880,50.0,40.5
880,50.0,161.5
880,50.0,173.5
880,50.0,192.5
880,50.0,238.5
880,50.0,247.5
880,50.0,341.5
880,50.0,358.5
880,50.0,362.5
880,50.0,379.5
880,50.0,405.5
880,50.0,416.5
880,50.0,441.5
880,50.0,453.5
880,50.0,486.5
880,50.0,545.5
880,50.0,546.5
880,50.0,559.5
880,50.0,576.5
880,50.0,653.5
880,50.0,696.5
880,50.0,700.5
880,50.0,723.5
880,50.0,799.5
881,50.0,2.5
881,50.0,4.5
881,50.0,42.5
881,50.0,71.5
881,50.0,95.5
881,50.0,139.5
881,50.0,167.5
881,50.0,173.5
881,50.0,231.5
881,50.0,233.5
881,50.0,276.5
881,50.0,280.5
881,50.0,290.5
881,50.0,303.5
881,50.0,317.5
881,50.0,323.5
881,50.0,502.5
881,50.0,516.5
881,50.0,527.5
881,50.0,714.5
882,50.0,51.5
882,50.0,54.5
882,50.0,96.5
882,50.0,97.5
882,50.0,163.5
882,50.0,191.5
882,50.0,212.5
882,50.0,219.5
882,50.0,310.5
882,50.0,352.5
882,50.0,391.5
882,50.0,399.5
882,50.0,405.5
882,50.0,427.5
882,50.0,468.5
882,50.0,486.5
882,50.0,547.5
882,50.0,556.5
882,50.0,565.5
882,50.0,655.5
882,50.0,677.5
882,50.0,682.5
882,50.0,709.5
882,50.0,717.5
882,50.0,760.5
882,50.0,767.5
883,50.0,38.5
883,50.0,108.5
883,50.0,122.5
883,50.0,154.5
883,50.0,156.5
883,50.0,168.5
883,50.0,226.5
883,50.0,291.5
883,50.0,315.5
883,50.0,336.5
883,50.0,374.5
883,50.0,411.5
883,50.0,414.5
883,50.0,415.5
883,50.0,432.5
883,50.0,489.5
883,50.0,556.5
883,50.0,566.5
883,50.0,600.5
883,50.0,604.5
883,50.0,610.5
883,50.0,611.5
883,50.0,645.5
883,50.0,651.5
883,50.0,662.5
883,50.0,726.5
883,50.0,742.5
883,50.0,759.5
884,50.0,19.5
884,50.0,28.5
884,50.0,49.5
884,50.0,54.5
884,50.0,57.5
884,50.0,61.5
884,50.0,62.5
884,50.0,85.5
884,50.0,100.5
884,50.0,105.5
884,50.0,107.5
884,50.0,135.5
884,50.0,142.5
884,50.0,177.5
884,50.0,202.5
884,50.0,238.5
884,50.0,265.5
884,50.0,269.5
884,50.0,277.5
884,50.0,282.5
884,50.0,346.5
884,50.0,361.5
884,50.0,380.5
884,50.0,409.5
884,50.0,435.5
884,50.0,539.5
884,50.0,545.5
884,50.0,603.5
884,50.0,627.5
884,50.0,635.5
884,50.0,636.5
884,50.0,673.5
884,50.0,674.5
884,50.0,693.5
884,50.0,714.5
884,50.0,756.5
884,50.0,774.5
884,50.0,779.5
884,50.0,792.5
884,50.0,796.5
885,50.0,48.5
885,50.0,111.5
885,50.0,121.5
885,50.0,147.5
885,50.0,185.5
885,50.0,236.5
885,50.0,267.5
885,50.0,314.5
885,50.0,322.5
885,50.0,328.5
885,50.0,401.5
885,50.0,421.5
885,50.0,447.5
885,50.0,451.5
885,50.0,460.5
885,50.0,466.5
885,50.0,478.5
885,50.0,593.5
885,50.0,627.5
885,50.0,632.5
885,50.0,669.5
885,50.0,679.5
885,50.0,689.5
886,50.0,5.5
886,50.0,37.5
886,50.0,57.5
886,50.0,59.5
886,50.0,61.5
886,50.0,64.5
886,50.0,70.5
886,50.0,72.5
886,50.0,91.5
886,50.0,131.5
886,50.0,153.5
886,50.0,169.5
886,50.0,208.5
886,50.0,213.5
886,50.0,263.5
886,50.0,279.5
886,50.0,300.5
886,50.0,307.5
886,50.0,321.5
886,50.0,325.5
886,50.0,460.5
886,50.0,466.5
886,50.0,522.5
886,50.0,531.5
886,50.0,572.5
886,50.0,581.5
886,50.0,584.5
886,50.0,616.5
886,50.0,644.5
886,50.0,749.5
886,50.0,755.5
886,50.0,762.5
886,50.0,789.5
886,50.0,798.5
887,50.0,8.5
887,50.0,33.5
887,50.0,55.5
887,50.0,85.5
887,50.0,181.5
887,50.0,209.5
887,50.0,241.5
887,50.0,242.5
887,50.0,289.5
887,50.0,298.5
887,50.0,303.5
887,50.0,305.5
887,50.0,336.5
887,50.0,348.5
887,50.0,381.5
887,50.0,403.5
887,50.0,435.5
887,50.0,441.5
887,50.0,447.5
887,50.0,488.5
887,50.0,509.5
887,50.0,556.5
887,50.0,566.5
887,50.0,582.5
887,50.0,593.5
887,50.0,606.5
887,50.0,692.5
887,50.0,696.5
887,50.0,741.5
887,50.0,778.5
887,50.0,797.5
888,50.0,7.5
888,50.0,20.5
888,50.0,62.5
888,50.0,78.5
888,50.0,97.5
888,50.0,111.5
888,50.0,118.5
888,50.0,190.5
888,50.0,229.5
888,50.0,316.5
888,50.0,349.5
888,50.0,442.5
888,50.0,480.5
888,50.0,607.5
888,50.0,665.5
888,50.0,678.5
888,50.0,679.5
888,50.0,721.5
889,50.0,4.5
889,50.0,39.5
889,50.0,83.5
889,50.0,101.5
889,50.0,102.5
889,50.0,140.5
889,50.0,244.5
889,50.0,254.5
889,50.0,288.5
889,50.0,352.5
889,50.0,369.5
889,50.0,390.5
889,50.0,391.5
889,50.0,417.5
889,50.0,420.5
889,50.0,450.5
889,50.0,453.5
889,50.0,467.5
889,50.0,482.5
889,50.0,486.5
889,50.0,501.5
889,50.0,525.5
889,50.0,576.5
889,50.0,595.5
889,50.0,620.5
889,50.0,647.5
889,50.0,668.5
889,50.0,669.5
889,50.0,725.5
890,50.0,2.5
890,50.0,80.5
890,50.0,83.5
890,50.0,125.5
890,50.0,175.5
890,50.0,197.5
890,50.0,226.5
890,50.0,271.5
890,50.0,273.5
890,50.0,280.5
890,50.0,304.5
890,50.0,316.5
890,50.0,333.5
890,50.0,360.5
890,50.0,561.5
890,50.0,588.5
890,50.0,607.5
890,50.0,635.5
890,50.0,642.5
890,50.0,696.5
890,50.0,699.5
890,50.0,706.5
890,50.0,730.5
890,50.0,740.5
890,50.0,783.5
891,50.0,81.5
891,50.0,94.5
891,50.0,95.5
891,50.0,103.5
891,50.0,117.5
891,50.0,118.5
891,50.0,121.5
891,50.0,122.5
891,50.0,149.5
891,50.0,155.5
891,50.0,197.5
891,50.0,198.5
891,50.0,225.5
891,50.0,227.5
891,50.0,339.5
891,50.0,342.5
891,50.0,385.5
891,50.0,387.5
891,50.0,417.5
891,50.0,470.5
891,50.0,486.5
891,50.0,490.5
891,50.0,494.5
891,50.0,549.5
891,50.0,571.5
891,50.0,577.5
891,50.0,601.5
891,50.0,615.5
891,50.0,662.5
891,50.0,748.5
891,50.0,759.5
891,50.0,764.5
891,50.0,767.5
891,50.0,790.5
892,50.0,15.5
892,50.0,16.5
892,50.0,32.5
892,50.0,53.5
892,50.0,55.5
892,50.0,80.5
892,50.0,126.5
892,50.0,148.5
892,50.0,275.5
892,50.0,276.5
892,50.0,291.5
892,50.0,309.5
892,50.0,315.5
892,50.0,319.5
892,50.0,381.5
892,50.0,425.5
892,50.0,483.5
892,50.0,501.5
892,50.0,506.5
892,50.0,512.5
892,50.0,522.5
892,50.0,537.5
892,50.0,544.5
892,50.0,578.5
892,50.0,687.5
892,50.0,719.5
892,50.0,756.5
892,50.0,798.5
893,50.0,29.5
893,50.0,48.5
893,50.0,80.5
893,50.0,120.5
893,50.0,141.5
893,50.0,153.5
893,50.0,174.5
893,50.0,242.5
893,50.0,337.5
893,50.0,343.5
893,50.0,472.5
893,50.0,474.5
893,50.0,575.5
893,50.0,643.5
894,50.0,4.5
894,50.0,29.5
894,50.0,41.5
894,50.0,87.5
894,50.0,141.5
894,50.0,178.5
894,50.0,189.5
894,50.0,214.5
894,50.0,220.5
894,50.0,222.5
894,50.0,265.5
894,50.0,270.5
894,50.0,296.5
894,50.0,303.5
894,50.0,351.5
894,50.0,389.5
894,50.0,516.5
894,50.0,566.5
894,50.0,576.5
894,50.0,599.5
894,50.0,613.5
894,50.0,629.5
894,50.0,644.5
894,50.0,704.5
894,50.0,725.5
895,50.0,102.5
895,50.0,169.5
895,50.0,226.5
895,50.0,230.5
895,50.0,296.5
895,50.0,299.5
895,50.0,323.5
895,50.0,324.5
895,50.0,410.5
895,50.0,424.5
895,50.0,448.5
895,50.0,534.5
895,50.0,539.5
895,50.0,562.5
895,50.0,590.5
895,50.0,594.5
895,50.0,684.5
895,50.0,689.5
895,50.0,758.5
895,50.0,769.5
896,50.0,8.5
896,50.0,18.5
896,50.0,59.5
896,50.0,144.5
896,50.0,256.5
896,50.0,294.5
896,50.0,382.5
896,50.0,502.5
896,50.0,512.5
896,50.0,563.5
896,50.0,564.5
896,50.0,635.5
896,50.0,637.5
896,50.0,653.5
896,50.0,668.5
896,50.0,679.5
896,50.0,698.5
896,50.0,700.5
896,50.0,721.5
896,50.0,753.5
897,50.0,2.5
897,50.0,48.5
897,50.0,52.5
897,50.0,67.5
897,50.0,77.5
897,50.0,90.5
897,50.0,93.5
897,50.0,106.5
897,50.0,121.5
897,50.0,156.5
897,50.0,183.5
897,50.0,229.5
897,50.0,347.5
897,50.0,365.5
897,50.0,471.5
897,50.0,476.5
897,50.0,515.5
897,50.0,558.5
897,50.0,566.5
897,50.0,586.5
897,50.0,593.5
897,50.0,608.5
897,50.0,640.5
897,50.0,652.5
897,50.0,677.5
897,50.0,743.5
897,50.0,746.5
897,50.0,769.5
897,50.0,773.5
897,50.0,777.5
897,50.0,781.5
897,50.0,797.5
898,50.0,4.5
898,50.0,42.5
898,50.0,81.5
898,50.0,113.5
898,50.0,292.5
898,50.0,362.5
898,50.0,367.5
898,50.0,383.5
898,50.0,423.5
898,50.0,431.5
898,50.0,434.5
898,50.0,460.5
898,50.0,465.5
898,50.0,478.5
898,50.0,552.5
898,50.0,556.5
898,50.0,576.5
898,50.0,582.5
898,50.0,585.5
898,50.0,598.5
898,50.0,630.5
898,50.0,666.5
898,50.0,694.5
898,50.0,701.5
898,50.0,778.5
899,50.0,140.5
899,50.0,145.5
899,50.0,153.5
899,50.0,185.5
899,50.0,202.5
899,50.0,291.5
899,50.0,358.5
899,50.0,405.5
899,50.0,459.5
899,50.0,470.5
899,50.0,471.5
899,50.0,523.5
899,50.0,529.5
899,50.0,541.5
899,50.0,605.5
899,50.0,691.5
899,50.0,720.5
899,50.0,735.5
899,50.0,739.5
899,50.0,765.5
899,50.0,783.5
900,50.0,11.5
900,50.0,95.5
900,50.0,173.5
900,50.0,295.5
900,50.0,318.5
900,50.0,332.5
900,50.0,369.5
900,50.0,406.5
900,50.0,433.5
900,50.0,443.5
900,50.0,489.5
900,50.0,490.5
900,50.0,512.5
900,50.0,541.5
900,50.0,560.5
900,50.0,592.5
900,50.0,597.5
900,50.0,632.5
900,50.0,680.5
900,50.0,778.5
901,50.0,45.5
901,50.0,50.5
901,50.0,77.5
901,50.0,116.5
901,50.0,129.5
901,50.0,131.5
901,50.0,166.5
901,50.0,177.5
901,50.0,240.5
901,50.0,269.5
901,50.0,276.5
901,50.0,300.5
901,50.0,336.5
901,50.0,401.5
901,50.0,404.5
901,50.0,487.5
901,50.0,493.5
901,50.0,505.5
901,50.0,553.5
901,50.0,609.5
901,50.0,615.5
901,50.0,657.5
901,50.0,663.5
901,50.0,665.5
901,50.0,687.5
901,50.0,701.5
901,50.0,705.5
901,50.0,712.5
901,50.0,720.5
901,50.0,769.5
901,50.0,771.5
902,50.0,49.5
902,50.0,65.5
902,50.0,89.5
902,50.0,91.5
902,50.0,139.5
902,50.0,159.5
902,50.0,310.5
902,50.0,317.5
902,50.0,335.5
902,50.0,406.5
902,50.0,449.5
902,50.0,546.5
902,50.0,629.5
902,50.0,735.5
903,50.0,24.5
903,50.0,207.5
903,50.0,231.5
903,50.0,481.5
903,50.0,532.5
903,50.0,586.5
903,50.0,683.5
903,50.0,690.5
903,50.0,728.5
903,50.0,740.5
904,50.0,42.5
904,50.0,111.5
904,50.0,117.5
904,50.0,119.5
904,50.0,123.5
904,50.0,199.5
904,50.0,218.5
904,50.0,235.5
904,50.0,293.5
904,50.0,296.5
904,50.0,312.5
904,50.0,318.5
904,50.0,328.5
904,50.0,334.5
904,50.0,349.5
904,50.0,369.5
904,50.0,379.5
904,50.0,384.5
904,50.0,404.5
904,50.0,422.5
904,50.0,439.5
904,50.0,458.5
904,50.0,462.5
904,50.0,476.5
904,50.0,545.5
904,50.0,546.5
904,50.0,565.5
904,50.0,616.5
904,50.0,624.5
904,50.0,669.5
904,50.0,702.5
904,50.0,706.5
905,50.0,9.5
905,50.0,20.5
905,50.0,37.5
905,50.0,41.5
905,50.0,43.5
905,50.0,64.5
905,50.0,86.5
905,50.0,103.5
905,50.0,162.5
905,50.0,182.5
905,50.0,190.5
905,50.0,200.5
905,50.0,208.5
905,50.0,399.5
905,50.0,436.5
905,50.0,470.5
905,50.0,474.5
905,50.0,479.5
905,50.0,483.5
905,50.0,504.5
905,50.0,554.5
905,50.0,559.5
905,50.0,566.5
905,50.0,598.5
905,50.0,618.5
905,50.0,630.5
905,50.0,679.5
905,50.0,708.5
905,50.0,735.5
905,50.0,737.5
905,50.0,739.5
905,50.0,763.5
905,50.0,782.5
905,50.0,798.5
906,50.0,57.5
906,50.0,58.5
906,50.0,70.5
906,50.0,108.5
906,50.0,145.5
906,50.0,232.5
906,50.0,240.5
906,50.0,325.5
906,50.0,393.5
906,50.0,395.5
906,50.0,403.5
906,50.0,522.5
906,50.0,549.5
906,50.0,584.5
906,50.0,596.5
906,50.0,607.5
906,50.0,611.5
906,50.0,653.5
906,50.0,699.5
906,50.0,749.5
906,50.0,762.5
906,50.0,770.5
906,50.0,798.5
907,50.0,8.5
907,50.0,54.5
907,50.0,74.5
907,50.0,102.5
907,50.0,169.5
907,50.0,366.5
907,50.0,370.5
907,50.0,410.5
907,50.0,432.5
907,50.0,505.5
907,50.0,543.5
907,50.0,549.5
907,50.0,554.5
907,50.0,563.5
907,50.0,637.5
907,50.0,638.5
907,50.0,658.5
907,50.0,664.5
907,50.0,695.5
907,50.0,701.5
907,50.0,717.5
907,50.0,760.5
907,50.0,774.5
907,50.0,787.5
907,50.0,796.5
908,50.0,32.5
908,50.0,39.5
908,50.0,40.5
908,50.0,149.5
908,50.0,153.5
908,50.0,178.5
908,50.0,185.5
908,50.0,188.5
908,50.0,196.5
908,50.0,267.5
908,50.0,274.5
908,50.0,286.5
908,50.0,306.5
908,50.0,379.5
908,50.0,386.5
908,50.0,389.5
908,50.0,451.5
908,50.0,458.5
908,50.0,529.5
908,50.0,591.5
908,50.0,699.5
908,50.0,701.5
908,50.0,702.5
908,50.0,749.5
909,50.0,5.5
909,50.0,25.5
909,50.0,53.5
909,50.0,61.5
909,50.0,70.5
909,50.0,74.5
909,50.0,87.5
909,50.0,88.5
909,50.0,95.5
909,50.0,117.5
909,50.0,195.5
909,50.0,205.5
909,50.0,208.5
909,50.0,231.5
909,50.0,239.5
909,50.0,242.5
909,50.0,247.5
909,50.0,267.5
909,50.0,272.5
909,50.0,289.5
909,50.0,300.5
909,50.0,312.5
909,50.0,368.5
909,50.0,381.5
909,50.0,393.5
909,50.0,481.5
909,50.0,495.5
909,50.0,516.5
909,50.0,601.5
909,50.0,630.5
909,50.0,637.5
909,50.0,688.5
909,50.0,708.5
909,50.0,718.5
909,50.0,735.5
909,50.0,758.5
909,50.0,791.5
909,50.0,796.5
910,50.0,72.5
910,50.0,202.5
910,50.0,225.5
910,50.0,307.5
910,50.0,320.5
910,50.0,357.5
910,50.0,471.5
910,50.0,549.5
910,50.0,565.5
910,50.0,583.5
910,50.0,587.5
910,50.0,623.5
910,50.0,766.5
910,50.0,783.5
911,50.0,28.5
911,50.0,74.5
911,50.0,130.5
911,50.0,135.5
911,50.0,186.5
911,50.0,212.5
911,50.0,219.5
911,50.0,357.5
911,50.0,415.5
911,50.0,416.5
911,50.0,427.5
911,50.0,436.5
911,50.0,452.5
911,50.0,516.5
911,50.0,612.5
911,50.0,679.5
911,50.0,738.5
911,50.0,760.5
911,50.0,765.5
911,50.0,779.5
912,50.0,4.5
912,50.0,30.5
912,50.0,36.5
912,50.0,45.5
912,50.0,53.5
912,50.0,56.5
912,50.0,70.5
912,50.0,82.5
912,50.0,109.5
912,50.0,122.5
912,50.0,129.5
912,50.0,166.5
912,50.0,196.5
912,50.0,225.5
912,50.0,228.5
912,50.0,253.5
912,50.0,273.5
912,50.0,299.5
912,50.0,366.5
912,50.0,440.5
912,50.0,461.5
912,50.0,484.5
912,50.0,536.5
912,50.0,607.5
912,50.0,623.5
912,50.0,637.5
912,50.0,655.5
912,50.0,657.5
912,50.0,672.5
912,50.0,692.5
912,50.0,717.5
912,50.0,719.5
912,50.0,742.5
912,50.0,745.5
912,50.0,755.5
912,50.0,778.5
913,50.0,5.5
913,50.0,15.5
913,50.0,17.5
913,50.0,81.5
913,50.0,83.5
913,50.0,108.5
913,50.0,119.5
913,50.0,122.5
913,50.0,135.5
913,50.0,139.5
913,50.0,161.5
913,50.0,173.5
913,50.0,210.5
913,50.0,224.5
913,50.0,272.5
913,50.0,280.5
913,50.0,281.5
913,50.0,288.5
913,50.0,319.5
913,50.0,331.5
913,50.0,339.5
913,50.0,395.5
913,50.0,398.5
913,50.0,419.5
913,50.0,456.5
913,50.0,468.5
913,50.0,487.5
913,50.0,508.5
913,50.0,534.5
913,50.0,535.5
913,50.0,554.5
913,50.0,602.5
913,50.0,606.5
913,50.0,607.5
913,50.0,623.5
913,50.0,625.5
913,50.0,692.5
913,50.0,696.5
913,50.0,731.5
913,50.0,764.5
913,50.0,796.5
914,50.0,5.5
914,50.0,15.5
914,50.0,50.5
914,50.0,177.5
914,50.0,271.5
914,50.0,376.5
914,50.0,407.5
914,50.0,425.5
914,50.0,433.5
914,50.0,439.5
914,50.0,510.5
914,50.0,552.5
914,50.0,561.5
914,50.0,622.5
914,50.0,707.5
914,50.0,797.5
915,50.0,21.5
915,50.0,56.5
915,50.0,67.5
915,50.0,71.5
915,50.0,110.5
915,50.0,133.5
915,50.0,174.5
915,50.0,232.5
915,50.0,246.5
915,50.0,256.5
915,50.0,263.5
915,50.0,312.5
915,50.0,332.5
915,50.0,354.5
915,50.0,412.5
915,50.0,445.5
915,50.0,463.5
915,50.0,530.5
915,50.0,561.5
915,50.0,630.5
915,50.0,641.5
915,50.0,686.5
915,50.0,712.5
915,50.0,723.5
915,50.0,769.5
915,50.0,778.5
916,50.0,32.5
916,50.0,40.5
916,50.0,58.5
916,50.0,77.5
916,50.0,85.5
916,50.0,110.5
916,50.0,169.5
916,50.0,212.5
916,50.0,252.5
916,50.0,255.5
916,50.0,274.5
916,50.0,299.5
916,50.0,308.5
916,50.0,315.5
916,50.0,327.5
916,50.0,332.5
916,50.0,333.5
916,50.0,340.5
916,50.0,344.5
916,50.0,367.5
916,50.0,470.5
916,50.0,503.5
916,50.0,516.5
916,50.0,561.5
916,50.0,573.5
916,50.0,639.5
916,50.0,640.5
916,50.0,645.5
916,50.0,650.5
916,50.0,708.5
916,50.0,761.5
916,50.0,794.5
917,50.0,1.5
917,50.0,65.5
917,50.0,92.5
917,50.0,97.5
917,50.0,106.5
917,50.0,107.5
917,50.0,113.5
917,50.0,143.5
917,50.0,151.5
917,50.0,180.5
917,50.0,236.5
917,50.0,268.5
917,50.0,269.5
917,50.0,274.5
917,50.0,287.5
917,50.0,394.5
917,50.0,445.5
917,50.0,451.5
917,50.0,512.5
917,50.0,513.5
917,50.0,520.5
917,50.0,536.5
917,50.0,569.5
917,50.0,576.5
917,50.0,582.5
917,50.0,590.5
917,50.0,610.5
917,50.0,615.5
917,50.0,618.5
917,50.0,638.5
917,50.0,652.5
917,50.0,694.5
917,50.0,705.5
917,50.0,717.5
917,50.0,730.5
918,50.0,73.5
918,50.0,92.5
918,50.0,155.5
918,50.0,173.5
918,50.0,181.5
918,50.0,236.5
918,50.0,267.5
918,50.0,365.5
918,50.0,406.5
918,50.0,407.5
918,50.0,410.5
918,50.0,442.5
918,50.0,491.5
918,50.0,592.5
918,50.0,594.5
918,50.0,623.5
918,50.0,640.5
918,50.0,649.5
918,50.0,671.5
918,50.0,719.5
918,50.0,750.5
918,50.0,795.5
919,50.0,34.5
919,50.0,72.5
919,50.0,88.5
919,50.0,89.5
919,50.0,99.5
919,50.0,122.5
919,50.0,126.5
919,50.0,131.5
919,50.0,176.5
919,50.0,180.5
919,50.0,202.5
919,50.0,226.5
919,50.0,258.5
919,50.0,283.5
919,50.0,300.5
919,50.0,381.5
919,50.0,388.5
919,50.0,408.5
919,50.0,434.5
919,50.0,443.5
919,50.0,543.5
919,50.0,551.5
919,50.0,631.5
919,50.0,634.5
919,50.0,691.5
919,50.0,706.5
920,50.0,59.5
920,50.0,111.5
920,50.0,124.5
920,50.0,190.5
920,50.0,224.5
920,50.0,258.5
920,50.0,373.5
920,50.0,408.5
920,50.0,419.5
920,50.0,459.5
920,50.0,480.5
920,50.0,502.5
920,50.0,528.5
920,50.0,530.5
920,50.0,548.5
920,50.0,562.5
920,50.0,583.5
920,50.0,606.5
920,50.0,634.5
920,50.0,637.5
920,50.0,678.5
920,50.0,781.5
921,50.0,9.5
921,50.0,16.5
921,50.0,147.5
921,50.0,229.5
921,50.0,234.5
921,50.0,261.5
921,50.0,279.5
921,50.0,283.5
921,50.0,297.5
921,50.0,301.5
921,50.0,382.5
921,50.0,412.5
921,50.0,430.5
921,50.0,433.5
921,50.0,597.5
921,50.0,633.5
921,50.0,690.5
921,50.0,785.5
921,50.0,789.5
922,50.0,28.5
922,50.0,50.5
922,50.0,61.5
922,50.0,105.5
922,50.0,186.5
922,50.0,196.5
922,50.0,198.5
922,50.0,232.5
922,50.0,257.5
922,50.0,310.5
922,50.0,311.5
922,50.0,323.5
922,50.0,361.5
922,50.0,397.5
922,50.0,419.5
922,50.0,421.5
922,50.0,431.5
922,50.0,444.5
922,50.0,547.5
922,50.0,595.5
922,50.0,610.5
922,50.0,619.5
922,50.0,686.5
922,50.0,742.5
923,50.0,48.5
923,50.0,103.5
923,50.0,122.5
923,50.0,186.5
923,50.0,209.5
923,50.0,254.5
923,50.0,261.5
923,50.0,319.5
923,50.0,323.5
923,50.0,375.5
923,50.0,380.5
923,50.0,468.5
923,50.0,528.5
923,50.0,558.5
923,50.0,704.5
923,50.0,725.5
923,50.0,742.5
924,50.0,12.5
924,50.0,16.5
924,50.0,75.5
924,50.0,101.5
924,50.0,124.5
924,50.0,269.5
924,50.0,277.5
924,50.0,330.5
924,50.0,333.5
924,50.0,461.5
924,50.0,471.5
924,50.0,550.5
924,50.0,555.5
924,50.0,586.5
924,50.0,587.5
924,50.0,603.5
924,50.0,607.5
924,50.0,631.5
924,50.0,686.5
924,50.0,704.5
925,50.0,10.5
925,50.0,12.5
925,50.0,24.5
925,50.0,32.5
925,50.0,97.5
925,50.0,178.5
925,50.0,199.5
925,50.0,227.5
925,50.0,235.5
925,50.0,252.5
925,50.0,253.5
925,50.0,261.5
925,50.0,286.5
925,50.0,318.5
925,50.0,322.5
925,50.0,349.5
925,50.0,357.5
925,50.0,374.5
925,50.0,381.5
925,50.0,387.5
925,50.0,418.5
925,50.0,425.5
925,50.0,449.5
925,50.0,451.5
925,50.0,462.5
925,50.0,486.5
925,50.0,494.5
925,50.0,501.5
925,50.0,527.5
925,50.0,533.5
925,50.0,566.5
925,50.0,574.5
925,50.0,628.5
925,50.0,640.5
925,50.0,659.5
925,50.0,671.5
925,50.0,673.5
925,50.0,674.5
925,50.0,682.5
925,50.0,696.5
925,50.0,721.5
925,50.0,723.5
925,50.0,776.5
926,50.0,14.5
926,50.0,24.5
926,50.0,32.5
926,50.0,63.5
926,50.0,76.5
926,50.0,100.5
926,50.0,118.5
926,50.0,177.5
926,50.0,193.5
926,50.0,262.5
926,50.0,268.5
926,50.0,311.5
926,50.0,332.5
926,50.0,349.5
926,50.0,393.5
926,50.0,410.5
926,50.0,457.5
926,50.0,466.5
926,50.0,478.5
926,50.0,481.5
926,50.0,488.5
926,50.0,496.5
926,50.0,524.5
926,50.0,544.5
926,50.0,594.5
926,50.0,615.5
926,50.0,629.5
927,50.0,34.5
927,50.0,45.5
927,50.0,97.5
927,50.0,106.5
927,50.0,111.5
927,50.0,163.5
927,50.0,164.5
927,50.0,187.5
927,50.0,202.5
927,50.0,234.5
927,50.0,307.5
927,50.0,352.5
927,50.0,447.5
927,50.0,448.5
927,50.0,468.5
927,50.0,472.5
927,50.0,483.5
927,50.0,511.5
927,50.0,521.5
927,50.0,530.5
927,50.0,573.5
927,50.0,597.5
927,50.0,685.5
927,50.0,749.5
927,50.0,793.5
927,50.0,797.5
928,50.0,14.5
928,50.0,42.5
928,50.0,49.5
928,50.0,70.5
928,50.0,79.5
928,50.0,103.5
928,50.0,105.5
928,50.0,109.5
928,50.0,110.5
928,50.0,115.5
928,50.0,155.5
928,50.0,167.5
928,50.0,176.5
928,50.0,181.5
928,50.0,216.5
928,50.0,217.5
928,50.0,250.5
928,50.0,252.5
928,50.0,256.5
928,50.0,338.5
928,50.0,372.5
928,50.0,425.5
928,50.0,442.5
928,50.0,452.5
928,50.0,461.5
928,50.0,470.5
928,50.0,541.5
928,50.0,567.5
928,50.0,656.5
928,50.0,703.5
928,50.0,729.5
928,50.0,746.5
928,50.0,766.5
929,50.0,4.5
929,50.0,19.5
929,50.0,66.5
929,50.0,168.5
929,50.0,209.5
929,50.0,223.5
929,50.0,232.5
929,50.0,237.5
929,50.0,265.5
929,50.0,329.5
929,50.0,379.5
929,50.0,389.5
929,50.0,524.5
929,50.0,574.5
929,50.0,593.5
929,50.0,671.5
929,50.0,731.5
930,50.0,3.5
930,50.0,21.5
930,50.0,70.5
930,50.0,100.5
930,50.0,109.5
930,50.0,182.5
930,50.0,241.5
930,50.0,242.5
930,50.0,245.5
930,50.0,253.5
930,50.0,260.5
930,50.0,270.5
930,50.0,275.5
930,50.0,315.5
930,50.0,339.5
930,50.0,384.5
930,50.0,410.5
930,50.0,450.5
930,50.0,465.5
930,50.0,484.5
930,50.0,495.5
930,50.0,507.5
930,50.0,524.5
930,50.0,568.5
930,50.0,572.5
930,50.0,590.5
930,50.0,625.5
930,50.0,639.5
930,50.0,728.5
930,50.0,737.5
930,50.0,757.5
930,50.0,777.5
931,50.0,35.5
931,50.0,47.5
931,50.0,87.5
931,50.0,99.5
931,50.0,138.5
931,50.0,160.5
931,50.0,172.5
931,50.0,213.5
931,50.0,243.5
931,50.0,262.5
931,50.0,380.5
931,50.0,396.5
931,50.0,434.5
931,50.0,441.5
931,50.0,450.5
931,50.0,600.5
931,50.0,648.5
931,50.0,659.5
931,50.0,703.5
931,50.0,770.5
931,50.0,778.5
931,50.0,779.5
932,50.0,0.5
932,50.0,12.5
932,50.0,51.5
932,50.0,104.5
932,50.0,121.5
932,50.0,183.5
932,50.0,186.5
932,50.0,206.5
932,50.0,232.5
932,50.0,239.5
932,50.0,330.5
932,50.0,338.5
932,50.0,436.5
932,50.0,454.5
932,50.0,472.5
932,50.0,576.5
932,50.0,595.5
932,50.0,617.5
932,50.0,619.5
932,50.0,705.5
932,50.0,725.5
932,50.0,798.5
933,50.0,123.5
933,50.0,151.5
933,50.0,252.5
933,50.0,280.5
933,50.0,302.5
933,50.0,307.5
933,50.0,339.5
933,50.0,375.5
933,50.0,417.5
933,50.0,436.5
933,50.0,625.5
933,50.0,714.5
933,50.0,784.5
934,50.0,1.5
934,50.0,17.5
934,50.0,45.5
934,50.0,62.5
934,50.0,82.5
934,50.0,122.5
934,50.0,151.5
934,50.0,156.5
934,50.0,177.5
934,50.0,191.5
934,50.0,220.5
934,50.0,301.5
934,50.0,474.5
934,50.0,515.5
934,50.0,519.5
934,50.0,561.5
934,50.0,589.5
934,50.0,604.5
934,50.0,625.5
934,50.0,719.5
934,50.0,732.5
935,50.0,4.5
935,50.0,85.5
935,50.0,95.5
935,50.0,130.5
935,50.0,139.5
935,50.0,226.5
935,50.0,254.5
935,50.0,279.5
935,50.0,299.5
935,50.0,302.5
935,50.0,329.5
935,50.0,395.5
935,50.0,402.5
935,50.0,446.5
935,50.0,603.5
935,50.0,688.5
935,50.0,721.5
935,50.0,725.5
936,50.0,15.5
936,50.0,19.5
936,50.0,28.5
936,50.0,39.5
936,50.0,42.5
936,50.0,56.5
936,50.0,64.5
936,50.0,101.5
936,50.0,105.5
936,50.0,119.5
936,50.0,166.5
936,50.0,245.5
936,50.0,266.5
936,50.0,271.5
936,50.0,301.5
936,50.0,366.5
936,50.0,376.5
936,50.0,377.5
936,50.0,379.5
936,50.0,395.5
936,50.0,396.5
936,50.0,412.5
936,50.0,414.5
936,50.0,432.5
936,50.0,476.5
936,50.0,554.5
936,50.0,567.5
936,50.0,614.5
936,50.0,633.5
936,50.0,697.5
936,50.0,739.5
936,50.0,741.5
936,50.0,784.5
937,50.0,33.5
937,50.0,223.5
937,50.0,268.5
937,50.0,274.5
937,50.0,279.5
937,50.0,313.5
937,50.0,361.5
937,50.0,384.5
937,50.0,391.5
937,50.0,416.5
937,50.0,426.5
937,50.0,434.5
937,50.0,483.5
937,50.0,506.5
937,50.0,527.5
937,50.0,574.5
937,50.0,580.5
937,50.0,626.5
937,50.0,647.5
937,50.0,656.5
937,50.0,683.5
937,50.0,721.5
937,50.0,764.5
937,50.0,768.5
937,50.0,770.5
937,50.0,771.5
938,50.0,6.5
938,50.0,44.5
938,50.0,52.5
938,50.0,73.5
938,50.0,83.5
938,50.0,96.5
938,50.0,117.5
938,50.0,138.5
938,50.0,202.5
938,50.0,357.5
938,50.0,386.5
938,50.0,457.5
938,50.0,483.5
938,50.0,531.5
938,50.0,579.5
938,50.0,595.5
938,50.0,661.5
938,50.0,682.5
938,50.0,693.5
938,50.0,712.5
938,50.0,719.5
938,50.0,727.5
938,50.0,728.5
938,50.0,766.5
938,50.0,784.5
938,50.0,799.5
939,50.0,41.5
939,50.0,113.5
939,50.0,122.5
939,50.0,143.5
939,50.0,167.5
939,50.0,214.5
939,50.0,215.5
939,50.0,219.5
939,50.0,232.5
939,50.0,250.5
939,50.0,267.5
939,50.0,283.5
939,50.0,306.5
939,50.0,323.5
939,50.0,332.5
939,50.0,340.5
939,50.0,352.5
939,50.0,355.5
939,50.0,374.5
939,50.0,387.5
939,50.0,401.5
939,50.0,459.5
939,50.0,463.5
939,50.0,490.5
939,50.0,491.5
939,50.0,507.5
939,50.0,588.5
939,50.0,634.5
939,50.0,705.5
939,50.0,763.5
939,50.0,772.5
939,50.0,781.5
939,50.0,791.5
940,50.0,59.5
940,50.0,89.5
940,50.0,109.5
940,50.0,128.5
940,50.0,203.5
940,50.0,231.5
940,50.0,272.5
940,50.0,286.5
940,50.0,302.5
940,50.0,361.5
940,50.0,372.5
940,50.0,393.5
940,50.0,465.5
940,50.0,470.5
940,50.0,472.5
940,50.0,514.5
940,50.0,559.5
940,50.0,605.5
940,50.0,648.5
940,50.0,699.5
940,50.0,704.5
940,50.0,747.5
941,50.0,25.5
941,50.0,43.5
941,50.0,49.5
941,50.0,76.5
941,50.0,114.5
941,50.0,196.5
941,50.0,214.5
941,50.0,297.5
941,50.0,315.5
941,50.0,320.5
941,50.0,339.5
941,50.0,368.5
941,50.0,411.5
941,50.0,442.5
941,50.0,447.5
941,50.0,448.5
941,50.0,473.5
941,50.0,490.5
941,50.0,530.5
941,50.0,556.5
941,50.0,558.5
941,50.0,607.5
941,50.0,611.5
941,50.0,620.5
941,50.0,625.5
941,50.0,645.5
941,50.0,701.5
941,50.0,723.5
941,50.0,729.5
942,50.0,5.5
942,50.0,22.5
942,50.0,77.5
942,50.0,91.5
942,50.0,106.5
942,50.0,338.5
942,50.0,364.5
942,50.0,382.5
942,50.0,567.5
942,50.0,716.5
942,50.0,763.5
942,50.0,770.5
943,50.0,13.5
943,50.0,66.5
943,50.0,69.5
943,50.0,73.5
943,50.0,74.5
943,50.0,87.5
943,50.0,102.5
943,50.0,104.5
943,50.0,122.5
943,50.0,190.5
943,50.0,222.5
943,50.0,258.5
943,50.0,262.5
943,50.0,340.5
943,50.0,349.5
943,50.0,352.5
943,50.0,533.5
943,50.0,578.5
943,50.0,622.5
943,50.0,656.5
943,50.0,737.5
943,50.0,764.5
943,50.0,774.5
943,50.0,793.5
944,50.0,5.5
944,50.0,67.5
944,50.0,85.5
944,50.0,154.5
944,50.0,225.5
944,50.0,358.5
944,50.0,460.5
944,50.0,472.5
944,50.0,474.5
944,50.0,505.5
944,50.0,557.5
944,50.0,579.5
944,50.0,614.5
944,50.0,645.5
944,50.0,714.5
944,50.0,724.5
944,50.0,733.5
944,50.0,768.5
944,50.0,778.5
944,50.0,789.5
944,50.0,794.5
945,50.0,5.5
945,50.0,11.5
945,50.0,39.5
945,50.0,79.5
945,50.0,98.5
945,50.0,124.5
945,50.0,169.5
945,50.0,206.5
945,50.0,250.5
945,50.0,282.5
945,50.0,299.5
945,50.0,406.5
945,50.0,417.5
945,50.0,423.5
945,50.0,457.5
945,50.0,516.5
945,50.0,549.5
945,50.0,566.5
945,50.0,584.5
945,50.0,585.5
945,50.0,591.5
945,50.0,598.5
945,50.0,613.5
945,50.0,632.5
945,50.0,639.5
945,50.0,672.5
945,50.0,732.5
945,50.0,763.5
945,50.0,769.5
945,50.0,774.5
945,50.0,780.5
946,50.0,24.5
946,50.0,62.5
946,50.0,66.5
946,50.0,79.5
946,50.0,94.5
946,50.0,133.5
946,50.0,167.5
946,50.0,257.5
946,50.0,277.5
946,50.0,288.5
946,50.0,311.5
946,50.0,336.5
946,50.0,369.5
946,50.0,377.5
946,50.0,379.5
946,50.0,430.5
946,50.0,483.5
946,50.0,493.5
946,50.0,499.5
946,50.0,567.5
946,50.0,571.5
946,50.0,592.5
946,50.0,598.5
946,50.0,628.5
946,50.0,675.5
946,50.0,738.5
946,50.0,779.5
947,50.0,32.5
947,50.0,37.5
947,50.0,113.5
947,50.0,114.5
947,50.0,123.5
947,50.0,177.5
947,50.0,231.5
947,50.0,283.5
947,50.0,323.5
947,50.0,343.5
947,50.0,344.5
947,50.0,364.5
947,50.0,368.5
947,50.0,403.5
947,50.0,432.5
947,50.0,455.5
947,50.0,519.5
947,50.0,551.5
947,50.0,560.5
947,50.0,561.5
947,50.0,568.5
947,50.0,599.5
947,50.0,628.5
947,50.0,668.5
947,50.0,684.5
947,50.0,686.5
947,50.0,689.5
947,50.0,763.5
948,50.0,0.5
948,50.0,48.5
948,50.0,66.5
948,50.0,223.5
948,50.0,252.5
948,50.0,307.5
948,50.0,327.5
948,50.0,420.5
948,50.0,437.5
948,50.0,469.5
948,50.0,666.5
948,50.0,786.5
948,50.0,794.5
949,50.0,18.5
949,50.0,19.5
949,50.0,47.5
949,50.0,69.5
949,50.0,85.5
949,50.0,140.5
949,50.0,178.5
949,50.0,184.5
949,50.0,250.5
949,50.0,271.5
949,50.0,292.5
949,50.0,363.5
949,50.0,383.5
949,50.0,394.5
949,50.0,428.5
949,50.0,485.5
949,50.0,513.5
949,50.0,531.5
949,50.0,550.5
949,50.0,598.5
949,50.0,610.5
949,50.0,674.5
949,50.0,675.5
949,50.0,717.5
949,50.0,768.5
949,50.0,782.5
949,50.0,794.5
950,50.0,10.5
950,50.0,55.5
950,50.0,60.5
950,50.0,68.5
950,50.0,90.5
950,50.0,102.5
950,50.0,140.5
950,50.0,155.5
950,50.0,172.5
950,50.0,203.5
950,50.0,208.5
950,50.0,212.5
950,50.0,242.5
950,50.0,245.5
950,50.0,307.5
950,50.0,346.5
950,50.0,364.5
950,50.0,398.5
950,50.0,418.5
950,50.0,423.5
950,50.0,469.5
950,50.0,516.5
950,50.0,553.5
950,50.0,570.5
950,50.0,576.5
950,50.0,654.5
950,50.0,673.5
950,50.0,689.5
950,50.0,696.5
950,50.0,708.5
950,50.0,781.5
950,50.0,792.5
951,50.0,1.5
951,50.0,4.5
951,50.0,19.5
951,50.0,29.5
951,50.0,42.5
951,50.0,94.5
951,50.0,103.5
951,50.0,162.5
951,50.0,171.5
951,50.0,199.5
951,50.0,205.5
951,50.0,336.5
951,50.0,368.5
951,50.0,396.5
951,50.0,402.5
951,50.0,465.5
951,50.0,471.5
951,50.0,621.5
951,50.0,630.5
951,50.0,638.5
951,50.0,661.5
951,50.0,676.5
951,50.0,740.5
951,50.0,796.5
952,50.0,16.5
952,50.0,25.5
952,50.0,101.5
952,50.0,171.5
952,50.0,187.5
952,50.0,201.5
952,50.0,237.5
952,50.0,274.5
952,50.0,291.5
952,50.0,455.5
952,50.0,482.5
952,50.0,527.5
952,50.0,580.5
952,50.0,600.5
952,50.0,611.5
952,50.0,620.5
952,50.0,639.5
952,50.0,643.5
952,50.0,691.5
952,50.0,733.5
952,50.0,742.5
952,50.0,774.5
952,50.0,775.5
953,50.0,12.5
953,50.0,13.5
953,50.0,26.5
953,50.0,52.5
953,50.0,65.5
953,50.0,119.5
953,50.0,231.5
953,50.0,245.5
953,50.0,293.5
953,50.0,304.5
953,50.0,306.5
953,50.0,315.5
953,50.0,338.5
953,50.0,392.5
953,50.0,433.5
953,50.0,460.5
953,50.0,510.5
953,50.0,607.5
953,50.0,619.5
953,50.0,624.5
953,50.0,682.5
953,50.0,710.5
953,50.0,746.5
953,50.0,761.5
953,50.0,792.5
954,50.0,51.5
954,50.0,150.5
954,50.0,164.5
954,50.0,186.5
954,50.0,224.5
954,50.0,251.5
954,50.0,294.5
954,50.0,314.5
954,50.0,320.5
954,50.0,335.5
954,50.0,348.5
954,50.0,376.5
954,50.0,395.5
954,50.0,431.5
954,50.0,561.5
954,50.0,571.5
954,50.0,642.5
954,50.0,654.5
954,50.0,701.5
954,50.0,730.5
955,50.0,84.5
955,50.0,107.5
955,50.0,228.5
955,50.0,234.5
955,50.0,244.5
955,50.0,251.5
955,50.0,281.5
955,50.0,354.5
955,50.0,360.5
955,50.0,375.5
955,50.0,458.5
955,50.0,481.5
955,50.0,487.5
955,50.0,531.5
955,50.0,533.5
955,50.0,561.5
955,50.0,592.5
955,50.0,748.5
955,50.0,762.5
956,50.0,96.5
956,50.0,173.5
956,50.0,194.5
956,50.0,253.5
956,50.0,366.5
956,50.0,387.5
956,50.0,431.5
956,50.0,469.5
956,50.0,484.5
956,50.0,578.5
956,50.0,587.5
956,50.0,617.5
956,50.0,630.5
956,50.0,648.5
956,50.0,683.5
956,50.0,711.5
956,50.0,723.5
956,50.0,744.5
956,50.0,753.5
956,50.0,780.5
957,50.0,27.5
957,50.0,57.5
957,50.0,75.5
957,50.0,100.5
957,50.0,118.5
957,50.0,150.5
957,50.0,164.5
957,50.0,168.5
957,50.0,169.5
957,50.0,186.5
957,50.0,238.5
957,50.0,251.5
957,50.0,330.5
957,50.0,438.5
957,50.0,441.5
957,50.0,585.5
957,50.0,591.5
957,50.0,617.5
957,50.0,650.5
957,50.0,709.5
957,50.0,718.5
957,50.0,756.5
958,50.0,3.5
958,50.0,16.5
958,50.0,44.5
958,50.0,111.5
958,50.0,136.5
958,50.0,184.5
958,50.0,228.5
958,50.0,229.5
958,50.0,323.5
958,50.0,346.5
958,50.0,357.5
958,50.0,368.5
958,50.0,401.5
958,50.0,442.5
958,50.0,459.5
958,50.0,506.5
958,50.0,517.5
958,50.0,546.5
958,50.0,555.5
958,50.0,593.5
958,50.0,636.5
958,50.0,651.5
958,50.0,707.5
958,50.0,712.5
958,50.0,745.5
959,50.0,0.5
959,50.0,28.5
959,50.0,44.5
959,50.0,83.5
959,50.0,86.5
959,50.0,94.5
959,50.0,95.5
959,50.0,148.5
959,50.0,167.5
959,50.0,238.5
959,50.0,295.5
959,50.0,310.5
959,50.0,314.5
959,50.0,337.5
959,50.0,339.5
959,50.0,364.5
959,50.0,374.5
959,50.0,385.5
959,50.0,398.5
959,50.0,415.5
959,50.0,467.5
959,50.0,487.5
959,50.0,492.5
959,50.0,526.5
959,50.0,533.5
959,50.0,552.5
959,50.0,553.5
959,50.0,611.5
959,50.0,645.5
959,50.0,648.5
959,50.0,659.5
959,50.0,680.5
959,50.0,702.5
959,50.0,766.5
960,50.0,109.5
960,50.0,119.5
960,50.0,144.5
960,50.0,149.5
960,50.0,150.5
960,50.0,206.5
960,50.0,213.5
960,50.0,282.5
960,50.0,288.5
960,50.0,320.5
960,50.0,334.5
960,50.0,345.5
960,50.0,374.5
960,50.0,383.5
960,50.0,404.5
960,50.0,420.5
960,50.0,423.5
960,50.0,435.5
960,50.0,469.5
960,50.0,509.5
960,50.0,518.5
960,50.0,524.5
960,50.0,531.5
960,50.0,543.5
960,50.0,567.5
960,50.0,574.5
960,50.0,615.5
960,50.0,662.5
960,50.0,698.5
960,50.0,712.5
960,50.0,722.5
960,50.0,751.5
960,50.0,758.5
960,50.0,772.5
961,50.0,7.5
961,50.0,90.5
961,50.0,96.5
961,50.0,98.5
961,50.0,100.5
961,50.0,123.5
961,50.0,187.5
961,50.0,194.5
961,50.0,258.5
961,50.0,263.5
961,50.0,271.5
961,50.0,363.5
961,50.0,364.5
961,50.0,367.5
961,50.0,371.5
961,50.0,374.5
961,50.0,376.5
961,50.0,382.5
961,50.0,392.5
961,50.0,498.5
961,50.0,529.5
961,50.0,533.5
961,50.0,594.5
961,50.0,607.5
961,50.0,656.5
961,50.0,668.5
961,50.0,702.5
961,50.0,732.5
961,50.0,747.5
961,50.0,794.5
962,50.0,60.5
962,50.0,76.5
962,50.0,95.5
962,50.0,171.5
962,50.0,200.5
962,50.0,207.5
962,50.0,235.5
962,50.0,350.5
962,50.0,376.5
962,50.0,493.5
962,50.0,500.5
962,50.0,534.5
962,50.0,552.5
962,50.0,562.5
962,50.0,628.5
962,50.0,639.5
962,50.0,641.5
962,50.0,665.5
962,50.0,683.5
962,50.0,703.5
962,50.0,778.5
963,50.0,3.5
963,50.0,79.5
963,50.0,88.5
963,50.0,109.5
963,50.0,178.5
963,50.0,181.5
963,50.0,190.5
963,50.0,295.5
963,50.0,299.5
963,50.0,304.5
963,50.0,305.5
963,50.0,316.5
963,50.0,324.5
963,50.0,352.5
963,50.0,380.5
963,50.0,400.5
963,50.0,464.5
963,50.0,500.5
963,50.0,534.5
963,50.0,584.5
963,50.0,586.5
963,50.0,644.5
963,50.0,672.5
963,50.0,709.5
963,50.0,718.5
963,50.0,737.5
963,50.0,785.5
963,50.0,794.5
964,50.0,6.5
964,50.0,41.5
964,50.0,58.5
964,50.0,89.5
964,50.0,108.5
964,50.0,111.5
964,50.0,130.5
964,50.0,163.5
964,50.0,180.5
964,50.0,203.5
964,50.0,216.5
964,50.0,315.5
964,50.0,327.5
964,50.0,375.5
964,50.0,410.5
964,50.0,416.5
964,50.0,432.5
964,50.0,435.5
964,50.0,441.5
964,50.0,482.5
964,50.0,496.5
964,50.0,515.5
964,50.0,549.5
964,50.0,588.5
964,50.0,661.5
964,50.0,686.5
964,50.0,730.5
964,50.0,731.5
964,50.0,735.5
964,50.0,749.5
964,50.0,772.5
965,50.0,8.5
965,50.0,97.5
965,50.0,155.5
965,50.0,177.5
965,50.0,215.5
965,50.0,255.5
965,50.0,281.5
965,50.0,302.5
965,50.0,303.5
965,50.0,335.5
965,50.0,337.5
965,50.0,360.5
965,50.0,401.5
965,50.0,420.5
965,50.0,424.5
965,50.0,444.5
965,50.0,459.5
965,50.0,498.5
965,50.0,499.5
965,50.0,554.5
965,50.0,597.5
965,50.0,600.5
965,50.0,607.5
965,50.0,656.5
965,50.0,708.5
965,50.0,727.5
965,50.0,741.5
966,50.0,32.5
966,50.0,36.5
966,50.0,49.5
966,50.0,104.5
966,50.0,114.5
966,50.0,130.5
966,50.0,234.5
966,50.0,489.5
966,50.0,493.5
966,50.0,544.5
966,50.0,628.5
966,50.0,638.5
966,50.0,653.5
966,50.0,661.5
966,50.0,704.5
966,50.0,712.5
966,50.0,714.5
966,50.0,723.5
966,50.0,782.5
966,50.0,791.5
967,50.0,80.5
967,50.0,103.5
967,50.0,121.5
967,50.0,165.5
967,50.0,192.5
967,50.0,241.5
967,50.0,278.5
967,50.0,329.5
967,50.0,331.5
967,50.0,338.5
967,50.0,343.5
967,50.0,395.5
967,50.0,441.5
967,50.0,491.5
967,50.0,495.5
967,50.0,504.5
967,50.0,538.5
967,50.0,617.5
967,50.0,627.5
967,50.0,647.5
967,50.0,651.5
967,50.0,703.5
967,50.0,746.5
967,50.0,756.5
967,50.0,763.5
967,50.0,787.5
968,50.0,7.5
968,50.0,18.5
968,50.0,32.5
968,50.0,96.5
968,50.0,153.5
968,50.0,196.5
968,50.0,220.5
968,50.0,234.5
968,50.0,279.5
968,50.0,287.5
968,50.0,311.5
968,50.0,336.5
968,50.0,385.5
968,50.0,392.5
968,50.0,394.5
968,50.0,408.5
968,50.0,415.5
968,50.0,435.5
968,50.0,463.5
968,50.0,471.5
968,50.0,504.5
968,50.0,520.5
968,50.0,557.5
968,50.0,602.5
968,50.0,606.5
968,50.0,607.5
968,50.0,608.5
968,50.0,624.5
968,50.0,627.5
968,50.0,629.5
968,50.0,633.5
968,50.0,788.5
968,50.0,794.5
969,50.0,41.5
969,50.0,82.5
969,50.0,112.5
969,50.0,136.5
969,50.0,152.5
969,50.0,204.5
969,50.0,215.5
969,50.0,270.5
969,50.0,279.5
969,50.0,337.5
969,50.0,339.5
969,50.0,355.5
969,50.0,360.5
969,50.0,367.5
969,50.0,381.5
969,50.0,427.5
969,50.0,434.5
969,50.0,461.5
969,50.0,470.5
969,50.0,496.5
969,50.0,511.5
969,50.0,525.5
969,50.0,528.5
969,50.0,583.5
969,50.0,626.5
969,50.0,640.5
969,50.0,663.5
969,50.0,709.5
969,50.0,712.5
969,50.0,748.5
969,50.0,778.5
970,50.0,45.5
970,50.0,52.5
970,50.0,166.5
970,50.0,173.5
970,50.0,190.5
970,50.0,191.5
970,50.0,203.5
970,50.0,249.5
970,50.0,296.5
970,50.0,335.5
970,50.0,346.5
970,50.0,402.5
970,50.0,419.5
970,50.0,462.5
970,50.0,465.5
970,50.0,511.5
970,50.0,571.5
970,50.0,659.5
970,50.0,661.5
970,50.0,663.5
970,50.0,678.5
970,50.0,687.5
970,50.0,692.5
970,50.0,750.5
970,50.0,757.5
970,50.0,762.5
970,50.0,797.5
971,50.0,27.5
971,50.0,29.5
971,50.0,78.5
971,50.0,80.5
971,50.0,118.5
971,50.0,134.5
971,50.0,141.5
971,50.0,153.5
971,50.0,166.5
971,50.0,179.5
971,50.0,221.5
971,50.0,298.5
971,50.0,355.5
971,50.0,366.5
971,50.0,369.5
971,50.0,377.5
971,50.0,425.5
971,50.0,443.5
971,50.0,486.5
971,50.0,566.5
971,50.0,591.5
971,50.0,616.5
971,50.0,617.5
971,50.0,628.5
971,50.0,683.5
971,50.0,706.5
971,50.0,737.5
971,50.0,747.5
971,50.0,783.5
971,50.0,785.5
972,50.0,51.5
972,50.0,55.5
972,50.0,62.5
972,50.0,122.5
972,50.0,150.5
972,50.0,162.5
972,50.0,238.5
972,50.0,246.5
972,50.0,267.5
972,50.0,281.5
972,50.0,289.5
972,50.0,315.5
972,50.0,351.5
972,50.0,369.5
972,50.0,374.5
972,50.0,402.5
972,50.0,405.5
972,50.0,416.5
972,50.0,425.5
972,50.0,434.5
972,50.0,481.5
972,50.0,536.5
972,50.0,546.5
972,50.0,574.5
972,50.0,576.5
972,50.0,644.5
972,50.0,649.5
972,50.0,671.5
972,50.0,714.5
972,50.0,726.5
972,50.0,728.5
972,50.0,733.5
972,50.0,746.5
972,50.0,763.5
972,50.0,783.5
972,50.0,785.5
972,50.0,786.5
972,50.0,794.5
973,50.0,4.5
973,50.0,51.5
973,50.0,75.5
973,50.0,113.5
973,50.0,117.5
973,50.0,132.5
973,50.0,188.5
973,50.0,199.5
973,50.0,242.5
973,50.0,264.5
973,50.0,269.5
973,50.0,287.5
973,50.0,310.5
973,50.0,396.5
973,50.0,403.5
973,50.0,435.5
973,50.0,546.5
973,50.0,580.5
973,50.0,590.5
973,50.0,602.5
973,50.0,683.5
973,50.0,723.5
973,50.0,734.5
973,50.0,745.5
973,50.0,764.5
973,50.0,797.5
974,50.0,19.5
974,50.0,37.5
974,50.0,87.5
974,50.0,145.5
974,50.0,148.5
974,50.0,149.5
974,50.0,186.5
974,50.0,233.5
974,50.0,245.5
974,50.0,287.5
974,50.0,317.5
974,50.0,327.5
974,50.0,352.5
974,50.0,405.5
974,50.0,414.5
974,50.0,433.5
974,50.0,465.5
974,50.0,484.5
974,50.0,492.5
974,50.0,516.5
974,50.0,582.5
974,50.0,590.5
974,50.0,618.5
974,50.0,629.5
974,50.0,665.5
974,50.0,693.5
974,50.0,694.5
974,50.0,760.5
974,50.0,767.5
974,50.0,786.5
974,50.0,798.5
975,50.0,41.5
975,50.0,43.5
975,50.0,101.5
975,50.0,120.5
975,50.0,153.5
975,50.0,154.5
975,50.0,157.5
975,50.0,167.5
975,50.0,210.5
975,50.0,224.5
975,50.0,235.5
975,50.0,252.5
975,50.0,295.5
975,50.0,306.5
975,50.0,328.5
975,50.0,332.5
975,50.0,352.5
975,50.0,357.5
975,50.0,464.5
975,50.0,469.5
975,50.0,480.5
975,50.0,498.5
975,50.0,523.5
975,50.0,546.5
975,50.0,553.5
975,50.0,608.5
975,50.0,625.5
975,50.0,630.5
975,50.0,702.5
975,50.0,711.5
975,50.0,722.5
975,50.0,764.5
976,50.0,21.5
976,50.0,25.5
976,50.0,30.5
976,50.0,59.5
976,50.0,70.5
976,50.0,80.5
976,50.0,97.5
976,50.0,132.5
976,50.0,175.5
976,50.0,181.5
976,50.0,192.5
976,50.0,197.5
976,50.0,200.5
976,50.0,219.5
976,50.0,241.5
976,50.0,338.5
976,50.0,395.5
976,50.0,405.5
976,50.0,421.5
976,50.0,451.5
976,50.0,461.5
976,50.0,470.5
976,50.0,472.5
976,50.0,486.5
976,50.0,518.5
976,50.0,523.5
976,50.0,546.5
976,50.0,593.5
976,50.0,605.5
976,50.0,621.5
976,50.0,633.5
976,50.0,644.5
976,50.0,682.5
976,50.0,700.5
976,50.0,752.5
976,50.0,761.5
977,50.0,9.5
977,50.0,12.5
977,50.0,17.5
977,50.0,42.5
977,50.0,50.5
977,50.0,54.5
977,50.0,57.5
977,50.0,61.5
977,50.0,82.5
977,50.0,154.5
977,50.0,183.5
977,50.0,232.5
977,50.0,248.5
977,50.0,298.5
977,50.0,348.5
977,50.0,374.5
977,50.0,379.5
977,50.0,391.5
977,50.0,398.5
977,50.0,460.5
977,50.0,468.5
977,50.0,483.5
977,50.0,560.5
977,50.0,639.5
977,50.0,648.5
977,50.0,653.5
977,50.0,678.5
977,50.0,694.5
977,50.0,712.5
977,50.0,724.5
977,50.0,757.5
977,50.0,761.5
978,50.0,22.5
978,50.0,102.5
978,50.0,189.5
978,50.0,222.5
978,50.0,228.5
978,50.0,264.5
978,50.0,268.5
978,50.0,320.5
978,50.0,343.5
978,50.0,363.5
978,50.0,430.5
978,50.0,460.5
978,50.0,464.5
978,50.0,476.5
978,50.0,494.5
978,50.0,505.5
978,50.0,541.5
978,50.0,566.5
978,50.0,577.5
978,50.0,580.5
978,50.0,593.5
978,50.0,600.5
978,50.0,638.5
978,50.0,639.5
978,50.0,666.5
978,50.0,671.5
978,50.0,678.5
978,50.0,718.5
978,50.0,727.5
978,50.0,739.5
978,50.0,742.5
978,50.0,769.5
978,50.0,791.5
979,50.0,5.5
979,50.0,7.5
979,50.0,14.5
979,50.0,86.5
979,50.0,109.5
979,50.0,112.5
979,50.0,120.5
979,50.0,215.5
979,50.0,222.5
979,50.0,243.5
979,50.0,280.5
979,50.0,298.5
979,50.0,303.5
979,50.0,326.5
979,50.0,333.5
979,50.0,343.5
979,50.0,362.5
979,50.0,410.5
979,50.0,443.5
979,50.0,482.5
979,50.0,507.5
979,50.0,525.5
979,50.0,555.5
979,50.0,558.5
979,50.0,566.5
979,50.0,568.5
979,50.0,581.5
979,50.0,591.5
979,50.0,720.5
979,50.0,762.5
979,50.0,770.5
979,50.0,771.5
980,50.0,16.5
980,50.0,27.5
980,50.0,37.5
980,50.0,77.5
980,50.0,137.5
980,50.0,157.5
980,50.0,202.5
980,50.0,302.5
980,50.0,332.5
980,50.0,367.5
980,50.0,388.5
980,50.0,405.5
980,50.0,409.5
980,50.0,424.5
980,50.0,447.5
980,50.0,555.5
980,50.0,611.5
980,50.0,612.5
980,50.0,655.5
980,50.0,664.5
980,50.0,674.5
980,50.0,709.5
980,50.0,713.5
980,50.0,786.5
980,50.0,796.5
981,50.0,19.5
981,50.0,21.5
981,50.0,70.5
981,50.0,86.5
981,50.0,109.5
981,50.0,118.5
981,50.0,119.5
981,50.0,123.5
981,50.0,132.5
981,50.0,135.5
981,50.0,241.5
981,50.0,310.5
981,50.0,315.5
981,50.0,323.5
981,50.0,349.5
981,50.0,374.5
981,50.0,391.5
981,50.0,415.5
981,50.0,432.5
981,50.0,525.5
981,50.0,625.5
981,50.0,673.5
981,50.0,677.5
981,50.0,684.5
982,50.0,32.5
982,50.0,58.5
982,50.0,74.5
982,50.0,77.5
982,50.0,153.5
982,50.0,194.5
982,50.0,273.5
982,50.0,286.5
982,50.0,311.5
982,50.0,327.5
982,50.0,436.5
982,50.0,454.5
982,50.0,461.5
982,50.0,478.5
982,50.0,500.5
982,50.0,536.5
982,50.0,574.5
982,50.0,576.5
982,50.0,582.5
982,50.0,620.5
982,50.0,635.5
982,50.0,640.5
982,50.0,669.5
982,50.0,674.5
982,50.0,681.5
982,50.0,730.5
982,50.0,748.5
982,50.0,764.5
982,50.0,788.5
982,50.0,792.5
983,50.0,19.5
983,50.0,90.5
983,50.0,97.5
983,50.0,103.5
983,50.0,106.5
983,50.0,237.5
983,50.0,290.5
983,50.0,300.5
983,50.0,302.5
983,50.0,305.5
983,50.0,315.5
983,50.0,338.5
983,50.0,345.5
983,50.0,353.5
983,50.0,363.5
983,50.0,369.5
983,50.0,408.5
983,50.0,413.5
983,50.0,420.5
983,50.0,425.5
983,50.0,443.5
983,50.0,464.5
983,50.0,501.5
983,50.0,506.5
983,50.0,525.5
983,50.0,587.5
983,50.0,667.5
983,50.0,704.5
983,50.0,721.5
983,50.0,729.5
983,50.0,740.5
983,50.0,741.5
983,50.0,749.5
983,50.0,750.5
983,50.0,768.5
984,50.0,12.5
984,50.0,21.5
984,50.0,22.5
984,50.0,50.5
984,50.0,106.5
984,50.0,131.5
984,50.0,150.5
984,50.0,156.5
984,50.0,194.5
984,50.0,220.5
984,50.0,231.5
984,50.0,233.5
984,50.0,251.5
984,50.0,288.5
984,50.0,290.5
984,50.0,302.5
984,50.0,311.5
984,50.0,326.5
984,50.0,441.5
984,50.0,493.5
984,50.0,494.5
984,50.0,497.5
984,50.0,527.5
984,50.0,547.5
984,50.0,629.5
984,50.0,632.5
984,50.0,639.5
984,50.0,666.5
984,50.0,671.5
984,50.0,682.5
984,50.0,689.5
984,50.0,711.5
984,50.0,746.5
984,50.0,758.5
985,50.0,39.5
985,50.0,81.5
985,50.0,96.5
985,50.0,110.5
985,50.0,119.5
985,50.0,129.5
985,50.0,148.5
985,50.0,362.5
985,50.0,367.5
985,50.0,399.5
985,50.0,410.5
985,50.0,423.5
985,50.0,489.5
985,50.0,604.5
985,50.0,606.5
985,50.0,628.5
985,50.0,629.5
985,50.0,636.5
985,50.0,651.5
985,50.0,677.5
985,50.0,698.5
985,50.0,717.5
985,50.0,755.5
985,50.0,761.5
985,50.0,762.5
985,50.0,781.5
986,50.0,4.5
986,50.0,111.5
986,50.0,113.5
986,50.0,165.5
986,50.0,186.5
986,50.0,245.5
986,50.0,249.5
986,50.0,313.5
986,50.0,349.5
986,50.0,373.5
986,50.0,405.5
986,50.0,412.5
986,50.0,417.5
986,50.0,453.5
986,50.0,463.5
986,50.0,480.5
986,50.0,517.5
986,50.0,521.5
986,50.0,605.5
986,50.0,606.5
986,50.0,618.5
986,50.0,621.5
986,50.0,622.5
986,50.0,688.5
986,50.0,728.5
986,50.0,762.5
986,50.0,764.5
986,50.0,766.5
986,50.0,795.5
987,50.0,67.5
987,50.0,92.5
987,50.0,99.5
987,50.0,157.5
987,50.0,168.5
987,50.0,172.5
987,50.0,180.5
987,50.0,181.5
987,50.0,188.5
987,50.0,193.5
987,50.0,201.5
987,50.0,220.5
987,50.0,222.5
987,50.0,232.5
987,50.0,239.5
987,50.0,343.5
987,50.0,344.5
987,50.0,346.5
987,50.0,354.5
987,50.0,370.5
987,50.0,378.5
987,50.0,391.5
987,50.0,432.5
987,50.0,442.5
987,50.0,470.5
987,50.0,471.5
987,50.0,535.5
987,50.0,537.5
987,50.0,539.5
987,50.0,614.5
987,50.0,618.5
987,50.0,652.5
987,50.0,750.5
987,50.0,777.5
988,50.0,18.5
988,50.0,25.5
988,50.0,30.5
988,50.0,34.5
988,50.0,40.5
988,50.0,55.5
988,50.0,145.5
988,50.0,154.5
988,50.0,158.5
988,50.0,180.5
988,50.0,219.5
988,50.0,251.5
988,50.0,311.5
988,50.0,314.5
988,50.0,359.5
988,50.0,363.5
988,50.0,372.5
988,50.0,376.5
988,50.0,389.5
988,50.0,476.5
988,50.0,483.5
988,50.0,498.5
988,50.0,517.5
988,50.0,569.5
988,50.0,586.5
988,50.0,602.5
988,50.0,627.5
988,50.0,651.5
988,50.0,671.5
988,50.0,757.5
988,50.0,763.5
989,50.0,37.5
989,50.0,72.5
989,50.0,143.5
989,50.0,154.5
989,50.0,155.5
989,50.0,160.5
989,50.0,166.5
989,50.0,221.5
989,50.0,224.5
989,50.0,274.5
989,50.0,302.5
989,50.0,325.5
989,50.0,340.5
989,50.0,366.5
989,50.0,442.5
989,50.0,457.5
989,50.0,480.5
989,50.0,498.5
989,50.0,509.5
989,50.0,512.5
989,50.0,527.5
989,50.0,536.5
989,50.0,556.5
989,50.0,661.5
989,50.0,668.5
989,50.0,719.5
989,50.0,737.5
989,50.0,740.5
989,50.0,742.5
989,50.0,788.5
990,50.0,110.5
990,50.0,111.5
990,50.0,113.5
990,50.0,151.5
990,50.0,156.5
990,50.0,188.5
990,50.0,217.5
990,50.0,300.5
990,50.0,347.5
990,50.0,426.5
990,50.0,479.5
990,50.0,485.5
990,50.0,493.5
990,50.0,507.5
990,50.0,541.5
990,50.0,558.5
990,50.0,566.5
990,50.0,591.5
990,50.0,640.5
990,50.0,653.5
990,50.0,656.5
990,50.0,680.5
991,50.0,8.5
991,50.0,20.5
991,50.0,83.5
991,50.0,114.5
991,50.0,115.5
991,50.0,125.5
991,50.0,128.5
991,50.0,140.5
991,50.0,164.5
991,50.0,212.5
991,50.0,221.5
991,50.0,227.5
991,50.0,282.5
991,50.0,367.5
991,50.0,388.5
991,50.0,396.5
991,50.0,417.5
991,50.0,444.5
991,50.0,474.5
991,50.0,476.5
991,50.0,481.5
991,50.0,488.5
991,50.0,568.5
991,50.0,576.5
991,50.0,588.5
991,50.0,670.5
991,50.0,702.5
991,50.0,730.5
991,50.0,751.5
991,50.0,783.5
992,50.0,9.5
992,50.0,41.5
992,50.0,49.5
992,50.0,57.5
992,50.0,85.5
992,50.0,135.5
992,50.0,138.5
992,50.0,225.5
992,50.0,232.5
992,50.0,328.5
992,50.0,401.5
992,50.0,438.5
992,50.0,458.5
992,50.0,460.5
992,50.0,465.5
992,50.0,472.5
992,50.0,539.5
992,50.0,566.5
992,50.0,579.5
992,50.0,612.5
992,50.0,633.5
992,50.0,639.5
992,50.0,652.5
992,50.0,660.5
992,50.0,667.5
992,50.0,675.5
992,50.0,707.5
992,50.0,743.5
992,50.0,766.5
992,50.0,793.5
993,50.0,27.5
993,50.0,35.5
993,50.0,62.5
993,50.0,67.5
993,50.0,68.5
993,50.0,77.5
993,50.0,78.5
993,50.0,128.5
993,50.0,187.5
993,50.0,195.5
993,50.0,216.5
993,50.0,247.5
993,50.0,267.5
993,50.0,271.5
993,50.0,295.5
993,50.0,312.5
993,50.0,390.5
993,50.0,415.5
993,50.0,416.5
993,50.0,452.5
993,50.0,453.5
993,50.0,474.5
993,50.0,494.5
993,50.0,497.5
993,50.0,558.5
993,50.0,559.5
993,50.0,657.5
993,50.0,667.5
993,50.0,720.5
993,50.0,736.5
993,50.0,781.5
994,50.0,37.5
994,50.0,42.5
994,50.0,44.5
994,50.0,45.5
994,50.0,49.5
994,50.0,53.5
994,50.0,71.5
994,50.0,92.5
994,50.0,187.5
994,50.0,258.5
994,50.0,263.5
994,50.0,283.5
994,50.0,295.5
994,50.0,306.5
994,50.0,330.5
994,50.0,365.5
994,50.0,410.5
994,50.0,418.5
994,50.0,424.5
994,50.0,471.5
994,50.0,511.5
994,50.0,600.5
994,50.0,601.5
994,50.0,605.5
994,50.0,663.5
994,50.0,667.5
994,50.0,673.5
994,50.0,718.5
994,50.0,740.5
994,50.0,752.5
994,50.0,782.5
994,50.0,792.5
995,50.0,21.5
995,50.0,56.5
995,50.0,82.5
995,50.0,84.5
995,50.0,102.5
995,50.0,204.5
995,50.0,254.5
995,50.0,271.5
995,50.0,282.5
995,50.0,320.5
995,50.0,332.5
995,50.0,334.5
995,50.0,405.5
995,50.0,406.5
995,50.0,434.5
995,50.0,484.5
995,50.0,493.5
995,50.0,519.5
995,50.0,544.5
995,50.0,572.5
995,50.0,579.5
995,50.0,682.5
995,50.0,691.5
995,50.0,712.5
995,50.0,724.5
995,50.0,729.5
995,50.0,764.5
995,50.0,782.5
995,50.0,788.5
996,50.0,19.5
996,50.0,31.5
996,50.0,43.5
996,50.0,52.5
996,50.0,58.5
996,50.0,75.5
996,50.0,76.5
996,50.0,84.5
996,50.0,96.5
996,50.0,101.5
996,50.0,114.5
996,50.0,177.5
996,50.0,186.5
996,50.0,229.5
996,50.0,264.5
996,50.0,315.5
996,50.0,355.5
996,50.0,376.5
996,50.0,389.5
996,50.0,403.5
996,50.0,428.5
996,50.0,432.5
996,50.0,474.5
996,50.0,481.5
996,50.0,488.5
996,50.0,518.5
996,50.0,544.5
996,50.0,564.5
996,50.0,574.5
996,50.0,602.5
996,50.0,624.5
996,50.0,627.5
996,50.0,631.5
996,50.0,699.5
996,50.0,723.5
996,50.0,784.5
997,50.0,14.5
997,50.0,67.5
997,50.0,69.5
997,50.0,71.5
997,50.0,95.5
997,50.0,172.5
997,50.0,175.5
997,50.0,179.5
997,50.0,218.5
997,50.0,246.5
997,50.0,262.5
997,50.0,341.5
997,50.0,399.5
997,50.0,467.5
997,50.0,656.5
997,50.0,728.5
998,50.0,45.5
998,50.0,141.5
998,50.0,171.5
998,50.0,218.5
998,50.0,224.5
998,50.0,247.5
998,50.0,272.5
998,50.0,289.5
998,50.0,332.5
998,50.0,345.5
998,50.0,365.5
998,50.0,372.5
998,50.0,437.5
998,50.0,488.5
998,50.0,533.5
998,50.0,557.5
998,50.0,648.5
998,50.0,660.5
998,50.0,744.5
999,50.0,7.5
999,50.0,17.5
999,50.0,97.5
999,50.0,108.5
999,50.0,130.5
999,50.0,141.5
999,50.0,146.5
999,50.0,149.5
999,50.0,150.5
999,50.0,154.5
999,50.0,181.5
999,50.0,249.5
999,50.0,262.5
999,50.0,287.5
999,50.0,306.5
999,50.0,393.5
999,50.0,412.5
999,50.0,452.5
999,50.0,497.5
999,50.0,509.5
999,50.0,535.5
999,50.0,536.5
999,50.0,550.5
999,50.0,592.5
999,50.0,636.5
999,50.0,684.5
999,50.0,738.5
999,50.0,740.5
1000,100.0,1.5
1000,100.0,5.5
1000,100.0,27.5
1000,100.0,31.5
1000,100.0,32.5
1000,100.0,36.5
1000,100.0,41.5
1000,100.0,70.5
1000,100.0,91.5
1000,100.0,122.5
1000,100.0,143.5
1000,100.0,172.5
1000,100.0,194.5
1000,100.0,212.5
1000,100.0,267.5
1000,100.0,320.5
1000,100.0,334.5
1000,100.0,359.5
1000,100.0,387.5
1000,100.0,424.5
1000,100.0,490.5
1000,100.0,494.5
1000,100.0,495.5
1000,100.0,507.5
1000,100.0,531.5
1000,100.0,561.5
1000,100.0,576.5
1000,100.0,582.5
1000,100.0,585.5
1000,100.0,632.5
1000,100.0,675.5
1000,100.0,678.5
1000,100.0,685.5
1000,100.0,686.5
1000,100.0,687.5
1000,100.0,709.5
1000,100.0,731.5
1000,100.0,746.5
1000,100.0,766.5
1001,100.0,16.5
1001,100.0,50.5
1001,100.0,104.5
1001,100.0,122.5
1001,100.0,161.5
1001,100.0,182.5
1001,100.0,192.5
1001,100.0,220.5
1001,100.0,231.5
1001,100.0,312.5
1001,100.0,324.5
1001,100.0,346.5
1001,100.0,437.5
1001,100.0,472.5
1001,100.0,479.5
1001,100.0,500.5
1001,100.0,502.5
1001,100.0,558.5
1001,100.0,652.5
1001,100.0,671.5
1001,100.0,752.5
1001,100.0,771.5
1002,100.0,20.5
1002,100.0,37.5
1002,100.0,43.5
1002,100.0,55.5
1002,100.0,63.5
1002,100.0,152.5
1002,100.0,165.5
1002,100.0,285.5
1002,100.0,319.5
1002,100.0,364.5
1002,100.0,369.5
1002,100.0,413.5
1002,100.0,414.5
1002,100.0,419.5
1002,100.0,443.5
1002,100.0,453.5
1002,100.0,457.5
1002,100.0,465.5
1002,100.0,488.5
1002,100.0,504.5
1002,100.0,521.5
1002,100.0,532.5
1002,100.0,538.5
1002,100.0,543.5
1002,100.0,544.5
1002,100.0,554.5
1002,100.0,564.5
1002,100.0,565.5
1002,100.0,566.5
1002,100.0,579.5
1002,100.0,591.5
1002,100.0,597.5
1002,100.0,609.5
1002,100.0,656.5
1002,100.0,670.5
1002,100.0,772.5
1002,100.0,773.5
1003,100.0,62.5
1003,100.0,121.5
1003,100.0,145.5
1003,100.0,221.5
1003,100.0,222.5
1003,100.0,433.5
1003,100.0,464.5
1003,100.0,478.5
1003,100.0,498.5
1003,100.0,661.5
1003,100.0,683.5
1003,100.0,689.5
1003,100.0,718.5
1003,100.0,730.5
1003,100.0,731.5
1004,100.0,1.5
1004,100.0,3.5
1004,100.0,9.5
1004,100.0,14.5
1004,100.0,30.5
1004,100.0,41.5
1004,100.0,52.5
1004,100.0,53.5
1004,100.0,62.5
1004,100.0,78.5
1004,100.0,89.5
1004,100.0,131.5
1004,100.0,170.5
1004,100.0,173.5
1004,100.0,196.5
1004,100.0,197.5
1004,100.0,214.5
1004,100.0,225.5
1004,100.0,256.5
1004,100.0,321.5
1004,100.0,359.5
1004,100.0,370.5
1004,100.0,375.5
1004,100.0,429.5
1004,100.0,434.5
1004,100.0,439.5
1004,100.0,475.5
1004,100.0,479.5
1004,100.0,482.5
1004,100.0,516.5
1004,100.0,519.5
1004,100.0,538.5
1004,100.0,595.5
1004,100.0,644.5
1004,100.0,668.5
1004,100.0,672.5
1004,100.0,677.5
1004,100.0,679.5
1004,100.0,685.5
1004,100.0,701.5
1004,100.0,705.5
1004,100.0,714.5
1004,100.0,721.5
1004,100.0,731.5
1004,100.0,752.5
1004,100.0,754.5
1004,100.0,756.5
1004,100.0,757.5
1004,100.0,767.5
1005,100.0,4.5
1005,100.0,47.5
1005,100.0,50.5
1005,100.0,54.5
1005,100.0,82.5
1005,100.0,87.5
1005,100.0,106.5
1005,100.0,113.5
1005,100.0,119.5
1005,100.0,145.5
1005,100.0,156.5
1005,100.0,179.5
1005,100.0,333.5
1005,100.0,402.5
1005,100.0,468.5
1005,100.0,529.5
1005,100.0,540.5
1005,100.0,574.5
1005,100.0,576.5
1005,100.0,588.5
1005,100.0,628.5
1005,100.0,653.5
1005,100.0,679.5
1005,100.0,694.5
1005,100.0,710.5
1005,100.0,738.5
1005,100.0,764.5
1005,100.0,798.5
1006,100.0,85.5
1006,100.0,142.5
1006,100.0,145.5
1006,100.0,149.5
1006,100.0,197.5
1006,100.0,247.5
1006,100.0,304.5
1006,100.0,337.5
1006,100.0,339.5
1006,100.0,371.5
1006,100.0,404.5
1006,100.0,466.5
1006,100.0,523.5
1006,100.0,527.5
1006,100.0,545.5
1006,100.0,581.5
1006,100.0,595.5
1006,100.0,621.5
1006,100.0,659.5
1006,100.0,663.5
1006,100.0,670.5
1006,100.0,678.5
1006,100.0,694.5
1006,100.0,711.5
1006,100.0,718.5
1006,100.0,782.5
1007,100.0,12.5
1007,100.0,48.5
1007,100.0,93.5
1007,100.0,126.5
1007,100.0,141.5
1007,100.0,168.5
1007,100.0,255.5
1007,100.0,262.5
1007,100.0,271.5
1007,100.0,302.5
1007,100.0,306.5
1007,100.0,323.5
1007,100.0,349.5
1007,100.0,393.5
1007,100.0,459.5
1007,100.0,470.5
1007,100.0,530.5
1007,100.0,544.5
1007,100.0,548.5
1007,100.0,573.5
1007,100.0,597.5
1007,100.0,600.5
1007,100.0,683.5
1007,100.0,707.5
1007,100.0,784.5
1007,100.0,799.5
1008,100.0,9.5
1008,100.0,12.5
1008,100.0,29.5
1008,100.0,30.5
1008,100.0,54.5
1008,100.0,61.5
1008,100.0,81.5
1008,100.0,83.5
1008,100.0,125.5
1008,100.0,130.5
1008,100.0,153.5
1008,100.0,155.5
1008,100.0,185.5
1008,100.0,195.5
1008,100.0,207.5
1008,100.0,230.5
1008,100.0,250.5
1008,100.0,259.5
1008,100.0,350.5
1008,100.0,358.5
1008,100.0,391.5
1008,100.0,395.5
1008,100.0,415.5
1008,100.0,434.5
1008,100.0,445.5
1008,100.0,485.5
1008,100.0,515.5
1008,100.0,519.5
1008,100.0,527.5
1008,100.0,533.5
1008,100.0,538.5
1008,100.0,561.5
1008,100.0,585.5
1008,100.0,620.5
1008,100.0,628.5
1008,100.0,673.5
1008,100.0,705.5
1008,100.0,714.5
1008,100.0,746.5
1008,100.0,754.5
1008,100.0,762.5
1008,100.0,780.5
1009,100.0,8.5
1009,100.0,35.5
1009,100.0,61.5
1009,100.0,82.5
1009,100.0,100.5
1009,100.0,256.5
1009,100.0,306.5
1009,100.0,320.5
1009,100.0,329.5
1009,100.0,342.5
1009,100.0,415.5
1009,100.0,419.5
1009,100.0,423.5
1009,100.0,433.5
1009,100.0,437.5
1009,100.0,499.5
1009,100.0,593.5
1009,100.0,689.5
1009,100.0,728.5
1009,100.0,732.5
1010,100.0,11.5
1010,100.0,90.5
1010,100.0,122.5
1010,100.0,154.5
1010,100.0,155.5
1010,100.0,165.5
1010,100.0,184.5
1010,100.0,256.5
1010,100.0,389.5
1010,100.0,402.5
1010,100.0,432.5
1010,100.0,473.5
1010,100.0,492.5
1010,100.0,500.5
1010,100.0,609.5
1010,100.0,615.5
1010,100.0,621.5
1010,100.0,637.5
1010,100.0,643.5
1010,100.0,649.5
1010,100.0,671.5
1010,100.0,683.5
1010,100.0,724.5
1010,100.0,744.5
1010,100.0,773.5
1010,100.0,786.5
1010,100.0,789.5
1011,100.0,11.5
1011,100.0,33.5
1011,100.0,67.5
1011,100.0,76.5
1011,100.0,77.5
1011,100.0,122.5
1011,100.0,134.5
1011,100.0,143.5
1011,100.0,218.5
1011,100.0,225.5
1011,100.0,246.5
1011,100.0,381.5
1011,100.0,389.5
1011,100.0,424.5
1011,100.0,430.5
1011,100.0,437.5
1011,100.0,454.5
1011,100.0,502.5
1011,100.0,581.5
1011,100.0,598.5
1011,100.0,686.5
1011,100.0,693.5
1011,100.0,724.5
1011,100.0,784.5
1012,100.0,15.5
1012,100.0,17.5
1012,100.0,67.5
1012,100.0,79.5
1012,100.0,148.5
1012,100.0,177.5
1012,100.0,188.5
1012,100.0,202.5
1012,100.0,211.5
1012,100.0,215.5
1012,100.0,248.5
1012,100.0,256.5
1012,100.0,277.5
1012,100.0,283.5
1012,100.0,307.5
1012,100.0,351.5
1012,100.0,357.5
1012,100.0,371.5
1012,100.0,381.5
1012,100.0,385.5
1012,100.0,411.5
1012,100.0,424.5
1012,100.0,506.5
1012,100.0,507.5
1012,100.0,536.5
1012,100.0,537.5
1012,100.0,567.5
1012,100.0,599.5
1012,100.0,647.5
1012,100.0,651.5
1012,100.0,672.5
1012,100.0,688.5
1012,100.0,695.5
1012,100.0,711.5
1012,100.0,737.5
1012,100.0,745.5
1012,100.0,796.5
1013,100.0,2.5
1013,100.0,8.5
1013,100.0,17.5
1013,100.0,35.5
1013,100.0,57.5
1013,100.0,72.5
1013,100.0,82.5
1013,100.0,92.5
1013,100.0,109.5
1013,100.0,131.5
1013,100.0,177.5
1013,100.0,248.5
1013,100.0,274.5
1013,100.0,338.5
1013,100.0,362.5
1013,100.0,392.5
1013,100.0,397.5
1013,100.0,408.5
1013,100.0,429.5
1013,100.0,436.5
1013,100.0,446.5
1013,100.0,528.5
1013,100.0,536.5
1013,100.0,549.5
1013,100.0,633.5
1013,100.0,663.5
1013,100.0,754.5
1013,100.0,759.5
1014,100.0,20.5
1014,100.0,41.5
1014,100.0,77.5
1014,100.0,123.5
1014,100.0,126.5
1014,100.0,136.5
1014,100.0,175.5
1014,100.0,243.5
1014,100.0,252.5
1014,100.0,339.5
1014,100.0,353.5
1014,100.0,365.5
1014,100.0,476.5
1014,100.0,505.5
1014,100.0,511.5
1014,100.0,564.5
1014,100.0,654.5
1014,100.0,696.5
1014,100.0,702.5
1014,100.0,705.5
1015,100.0,16.5
1015,100.0,21.5
1015,100.0,25.5
1015,100.0,40.5
1015,100.0,61.5
1015,100.0,69.5
1015,100.0,97.5
1015,100.0,98.5
1015,100.0,114.5
1015,100.0,133.5
1015,100.0,164.5
1015,100.0,177.5
1015,100.0,207.5
1015,100.0,211.5
1015,100.0,232.5
1015,100.0,250.5
1015,100.0,275.5
1015,100.0,293.5
1015,100.0,296.5
1015,100.0,343.5
1015,100.0,345.5
1015,100.0,350.5
1015,100.0,441.5
1015,100.0,451.5
1015,100.0,499.5
1015,100.0,513.5
1015,100.0,529.5
1015,100.0,538.5
1015,100.0,563.5
1015,100.0,571.5
1015,100.0,592.5
1015,100.0,596.5
1015,100.0,602.5
1015,100.0,613.5
1015,100.0,624.5
1015,100.0,627.5
1015,100.0,630.5
1015,100.0,635.5
1015,100.0,661.5
1015,100.0,672.5
1015,100.0,686.5
1015,100.0,712.5
1015,100.0,723.5
1015,100.0,747.5
1015,100.0,786.5
1015,100.0,791.5
1016,100.0,3.5
1016,100.0,125.5
1016,100.0,132.5
1016,100.0,136.5
1016,100.0,139.5
1016,100.0,152.5
1016,100.0,208.5
1016,100.0,266.5
1016,100.0,308.5
1016,100.0,330.5
1016,100.0,332.5
1016,100.0,344.5
1016,100.0,372.5
1016,100.0,439.5
1016,100.0,444.5
1016,100.0,500.5
1016,100.0,577.5
1016,100.0,585.5
1016,100.0,636.5
1016,100.0,648.5
1016,100.0,662.5
1016,100.0,677.5
1016,100.0,699.5
1016,100.0,778.5
1017,100.0,1.5
1017,100.0,65.5
1017,100.0,70.5
1017,100.0,81.5
1017,100.0,100.5
1017,100.0,121.5
1017,100.0,122.5
1017,100.0,188.5
1017,100.0,199.5
1017,100.0,205.5
1017,100.0,207.5
1017,100.0,236.5
1017,100.0,242.5
1017,100.0,354.5
1017,100.0,378.5
1017,100.0,419.5
1017,100.0,437.5
1017,100.0,478.5
1017,100.0,486.5
1017,100.0,515.5
1017,100.0,539.5
1017,100.0,549.5
1017,100.0,579.5
1017,100.0,630.5
1017,100.0,643.5
1017,100.0,708.5
1018,100.0,5.5
1018,100.0,11.5
1018,100.0,16.5
1018,100.0,74.5
1018,100.0,109.5
1018,100.0,132.5
1018,100.0,152.5
1018,100.0,253.5
1018,100.0,257.5
1018,100.0,278.5
1018,100.0,360.5
1018,100.0,363.5
1018,100.0,418.5
1018,100.0,428.5
1018,100.0,432.5
1018,100.0,460.5
1018,100.0,474.5
1018,100.0,481.5
1018,100.0,498.5
1018,100.0,515.5
1018,100.0,524.5
1018,100.0,531.5
1018,100.0,563.5
1018,100.0,574.5
1018,100.0,593.5
1018,100.0,607.5
1018,100.0,625.5
1018,100.0,643.5
1018,100.0,682.5
1018,100.0,710.5
1018,100.0,761.5
1018,100.0,770.5
1018,100.0,786.5
1018,100.0,789.5
1018,100.0,790.5
1019,100.0,47.5
1019,100.0,102.5
1019,100.0,134.5
1019,100.0,178.5
1019,100.0,192.5
1019,100.0,199.5
1019,100.0,258.5
1019,100.0,259.5
1019,100.0,269.5
1019,100.0,272.5
1019,100.0,360.5
1019,100.0,409.5
1019,100.0,434.5
1019,100.0,456.5
1019,100.0,468.5
1019,100.0,512.5
1019,100.0,543.5
1019,100.0,580.5
1019,100.0,601.5
1019,100.0,628.5
1019,100.0,676.5
1019,100.0,698.5
1019,100.0,700.5
1019,100.0,710.5
1019,100.0,738.5
1020,100.0,23.5
1020,100.0,54.5
1020,100.0,59.5
1020,100.0,67.5
1020,100.0,74.5
1020,100.0,162.5
1020,100.0,236.5
1020,100.0,253.5
1020,100.0,307.5
1020,100.0,313.5
1020,100.0,353.5
1020,100.0,373.5
1020,100.0,382.5
1020,100.0,391.5
1020,100.0,413.5
1020,100.0,438.5
1020,100.0,450.5
1020,100.0,479.5
1020,100.0,497.5
1020,100.0,507.5
1020,100.0,513.5
1020,100.0,524.5
1020,100.0,577.5
1020,100.0,581.5
1020,100.0,601.5
1020,100.0,624.5
1020,100.0,637.5
1020,100.0,638.5
1020,100.0,646.5
1020,100.0,651.5
1020,100.0,667.5
1020,100.0,688.5
1020,100.0,723.5
1020,100.0,737.5
1020,100.0,783.5
1021,100.0,0.5
1021,100.0,24.5
1021,100.0,45.5
1021,100.0,99.5
1021,100.0,103.5
1021,100.0,117.5
1021,100.0,139.5
1021,100.0,151.5
1021,100.0,195.5
1021,100.0,210.5
1021,100.0,227.5
1021,100.0,247.5
1021,100.0,260.5
1021,100.0,272.5
1021,100.0,281.5
1021,100.0,293.5
1021,100.0,298.5
1021,100.0,348.5
1021,100.0,356.5
1021,100.0,360.5
1021,100.0,361.5
1021,100.0,364.5
1021,100.0,381.5
1021,100.0,392.5
1021,100.0,446.5
1021,100.0,563.5
1021,100.0,565.5
1021,100.0,575.5
1021,100.0,587.5
1021,100.0,602.5
1021,100.0,613.5
1021,100.0,638.5
1021,100.0,655.5
1021,100.0,656.5
1021,100.0,750.5
1022,100.0,7.5
1022,100.0,9.5
1022,100.0,39.5
1022,100.0,57.5
1022,100.0,62.5
1022,100.0,93.5
1022,100.0,159.5
1022,100.0,173.5
1022,100.0,250.5
1022,100.0,277.5
1022,100.0,317.5
1022,100.0,343.5
1022,100.0,346.5
1022,100.0,350.5
1022,100.0,355.5
1022,100.0,401.5
1022,100.0,455.5
1022,100.0,463.5
1022,100.0,498.5
1022,100.0,504.5
1022,100.0,523.5
1022,100.0,550.5
1022,100.0,580.5
1022,100.0,587.5
1022,100.0,612.5
1022,100.0,618.5
1022,100.0,641.5
1022,100.0,642.5
1022,100.0,679.5
1022,100.0,685.5
1022,100.0,734.5
1022,100.0,762.5
1023,100.0,0.5
1023,100.0,18.5
1023,100.0,20.5
1023,100.0,65.5
1023,100.0,66.5
1023,100.0,90.5
1023,100.0,121.5
1023,100.0,158.5
1023,100.0,169.5
1023,100.0,180.5
1023,100.0,183.5
1023,100.0,256.5
1023,100.0,264.5
1023,100.0,278.5
1023,100.0,289.5
1023,100.0,292.5
1023,100.0,413.5
1023,100.0,424.5
1023,100.0,428.5
1023,100.0,458.5
1023,100.0,498.5
1023,100.0,532.5
1023,100.0,544.5
1023,100.0,554.5
1023,100.0,559.5
1023,100.0,599.5
1023,100.0,625.5
1023,100.0,648.5
1023,100.0,650.5
1023,100.0,696.5
1023,100.0,699.5
1023,100.0,738.5
1023,100.0,783.5
1023,100.0,785.5
1023,100.0,786.5
1024,100.0,57.5
1024,100.0,71.5
1024,100.0,122.5
1024,100.0,171.5
1024,100.0,191.5
1024,100.0,198.5
1024,100.0,199.5
1024,100.0,227.5
1024,100.0,235.5
1024,100.0,274.5
1024,100.0,315.5
1024,100.0,322.5
1024,100.0,408.5
1024,100.0,484.5
1024,100.0,520.5
1024,100.0,696.5
1024,100.0,770.5
1024,100.0,798.5
1025,100.0,20.5
1025,100.0,46.5
1025,100.0,67.5
1025,100.0,73.5
1025,100.0,102.5
1025,100.0,115.5
1025,100.0,140.5
1025,100.0,150.5
1025,100.0,159.5
1025,100.0,165.5
1025,100.0,191.5
1025,100.0,209.5
1025,100.0,223.5
1025,100.0,243.5
1025,100.0,255.5
1025,100.0,298.5
1025,100.0,308.5
1025,100.0,346.5
1025,100.0,391.5
1025,100.0,437.5
1025,100.0,442.5
1025,100.0,522.5
1025,100.0,554.5
1025,100.0,575.5
1025,100.0,637.5
1025,100.0,638.5
1025,100.0,755.5
1025,100.0,759.5
1026,100.0,1.5
1026,100.0,13.5
1026,100.0,24.5
1026,100.0,50.5
1026,100.0,72.5
1026,100.0,73.5
1026,100.0,95.5
1026,100.0,104.5
1026,100.0,141.5
1026,100.0,155.5
1026,100.0,164.5
1026,100.0,170.5
1026,100.0,253.5
1026,100.0,264.5
1026,100.0,306.5
1026,100.0,308.5
1026,100.0,309.5
1026,100.0,316.5
1026,100.0,318.5
1026,100.0,327.5
1026,100.0,337.5
1026,100.0,357.5
1026,100.0,359.5
1026,100.0,366.5
1026,100.0,461.5
1026,100.0,474.5
1026,100.0,493.5
1026,100.0,497.5
1026,100.0,501.5
1026,100.0,505.5
1026,100.0,509.5
1026,100.0,543.5
1026,100.0,585.5
1026,100.0,602.5
1026,100.0,634.5
1026,100.0,669.5
1026,100.0,671.5
1026,100.0,706.5
1026,100.0,725.5
1026,100.0,738.5
1026,100.0,774.5
1026,100.0,785.5
1027,100.0,16.5
1027,100.0,23.5
1027,100.0,123.5
1027,100.0,149.5
1027,100.0,166.5
1027,100.0,234.5
1027,100.0,241.5
1027,100.0,242.5
1027,100.0,291.5
1027,100.0,295.5
1027,100.0,303.5
1027,100.0,324.5
1027,100.0,371.5
1027,100.0,377.5
1027,100.0,386.5
1027,100.0,391.5
1027,100.0,397.5
1027,100.0,404.5
1027,100.0,409.5
1027,100.0,423.5
1027,100.0,437.5
1027,100.0,447.5
1027,100.0,478.5
1027,100.0,502.5
1027,100.0,514.5
1027,100.0,556.5
1027,100.0,570.5
1027,100.0,579.5
1027,100.0,589.5
1027,100.0,601.5
1027,100.0,643.5
1027,100.0,651.5
1027,100.0,661.5
1027,100.0,687.5
1027,100.0,694.5
1027,100.0,714.5
1027,100.0,716.5
1027,100.0,753.5
1027,100.0,781.5
1027,100.0,790.5
1028,100.0,6.5
1028,100.0,36.5
1028,100.0,46.5
1028,100.0,57.5
1028,100.0,69.5
1028,100.0,73.5
1028,100.0,76.5
1028,100.0,81.5
1028,100.0,104.5
1028,100.0,140.5
1028,100.0,143.5
1028,100.0,147.5
1028,100.0,210.5
1028,100.0,225.5
1028,100.0,233.5
1028,100.0,236.5
1028,100.0,237.5
1028,100.0,241.5
1028,100.0,278.5
1028,100.0,330.5
1028,100.0,354.5
1028,100.0,365.5
1028,100.0,371.5
1028,100.0,383.5
1028,100.0,402.5
1028,100.0,420.5
1028,100.0,424.5
1028,100.0,427.5
1028,100.0,443.5
1028,100.0,444.5
1028,100.0,466.5
1028,100.0,484.5
1028,100.0,490.5
1028,100.0,493.5
1028,100.0,542.5
1028,100.0,548.5
1028,100.0,567.5
1028,100.0,588.5
1028,100.0,635.5
1028,100.0,645.5
1028,100.0,661.5
1028,100.0,684.5
1028,100.0,687.5
1028,100.0,709.5
1028,100.0,720.5
1028,100.0,724.5
1028,100.0,725.5
1028,100.0,762.5
1028,100.0,780.5
1029,100.0,90.5
1029,100.0,145.5
1029,100.0,147.5
1029,100.0,184.5
1029,100.0,188.5
1029,100.0,189.5
1029,100.0,225.5
1029,100.0,298.5
1029,100.0,363.5
1029,100.0,373.5
1029,100.0,391.5
1029,100.0,401.5
1029,100.0,494.5
1029,100.0,500.5
1029,100.0,509.5
1029,100.0,528.5
1029,100.0,572.5
1029,100.0,578.5
1029,100.0,678.5
1029,100.0,701.5
1029,100.0,707.5
1029,100.0,736.5
1029,100.0,744.5
1029,100.0,790.5
1029,100.0,792.5
1030,100.0,5.5
1030,100.0,69.5
1030,100.0,124.5
1030,100.0,131.5
1030,100.0,196.5
1030,100.0,222.5
1030,100.0,299.5
1030,100.0,333.5
1030,100.0,357.5
1030,100.0,408.5
1030,100.0,438.5
1030,100.0,551.5
1030,100.0,601.5
1030,100.0,615.5
1030,100.0,624.5
1030,100.0,632.5
1030,100.0,654.5
1030,100.0,658.5
1030,100.0,709.5
1030,100.0,728.5
1030,100.0,778.5
1030,100.0,785.5
1030,100.0,792.5
1031,100.0,5.5
1031,100.0,25.5
1031,100.0,30.5
1031,100.0,58.5
1031,100.0,95.5
1031,100.0,99.5
1031,100.0,115.5
1031,100.0,127.5
1031,100.0,142.5
1031,100.0,176.5
1031,100.0,181.5
1031,100.0,236.5
1031,100.0,257.5
1031,100.0,289.5
1031,100.0,308.5
1031,100.0,332.5
1031,100.0,353.5
1031,100.0,364.5
1031,100.0,416.5
1031,100.0,441.5
1031,100.0,462.5
1031,100.0,483.5
1031,100.0,536.5
1031,100.0,624.5
1031,100.0,637.5
1031,100.0,658.5
1031,100.0,682.5
1031,100.0,695.5
1031,100.0,712.5
1031,100.0,742.5
1032,100.0,37.5
1032,100.0,52.5
1032,100.0,111.5
1032,100.0,113.5
1032,100.0,131.5
1032,100.0,166.5
1032,100.0,184.5
1032,100.0,269.5
1032,100.0,277.5
1032,100.0,282.5
1032,100.0,301.5
1032,100.0,305.5
1032,100.0,314.5
1032,100.0,332.5
1032,100.0,342.5
1032,100.0,344.5
1032,100.0,348.5
1032,100.0,389.5
1032,100.0,399.5
1032,100.0,412.5
1032,100.0,424.5
1032,100.0,440.5
1032,100.0,487.5
1032,100.0,496.5
1032,100.0,503.5
1032,100.0,533.5
1032,100.0,582.5
1032,100.0,604.5
1032,100.0,630.5
1032,100.0,725.5
1032,100.0,753.5
1032,100.0,756.5
1033,100.0,1.5
1033,100.0,18.5
1033,100.0,51.5
1033,100.0,54.5
1033,100.0,73.5
1033,100.0,74.5
1033,100.0,82.5
1033,100.0,89.5
1033,100.0,100.5
1033,100.0,111.5
1033,100.0,133.5
1033,100.0,205.5
1033,100.0,233.5
1033,100.0,237.5
1033,100.0,258.5
1033,100.0,278.5
1033,100.0,302.5
1033,100.0,364.5
1033,100.0,370.5
1033,100.0,401.5
1033,100.0,404.5
1033,100.0,503.5
1033,100.0,509.5
1033,100.0,510.5
1033,100.0,511.5
1033,100.0,516.5
1033,100.0,521.5
1033,100.0,535.5
1033,100.0,559.5
1033,100.0,578.5
1033,100.0,641.5
1033,100.0,649.5
1033,100.0,654.5
1033,100.0,671.5
1033,100.0,696.5
1033,100.0,699.5
1033,100.0,704.5
1033,100.0,706.5
1033,100.0,709.5
1033,100.0,738.5
1033,100.0,762.5
1033,100.0,774.5
1033,100.0,784.5
1033,100.0,785.5
1033,100.0,796.5
1034,100.0,17.5
1034,100.0,53.5
1034,100.0,62.5
1034,100.0,72.5
1034,100.0,100.5
1034,100.0,118.5
1034,100.0,131.5
1034,100.0,174.5
1034,100.0,175.5
1034,100.0,182.5
1034,100.0,191.5
1034,100.0,211.5
1034,100.0,297.5
1034,100.0,317.5
1034,100.0,334.5
1034,100.0,405.5
1034,100.0,477.5
1034,100.0,535.5
1034,100.0,600.5
1034,100.0,604.5
1034,100.0,606.5
1034,100.0,645.5
1034,100.0,709.5
1034,100.0,719.5
1034,100.0,745.5
1034,100.0,796.5
1035,100.0,8.5
1035,100.0,38.5
1035,100.0,39.5
1035,100.0,60.5
1035,100.0,87.5
1035,100.0,146.5
1035,100.0,160.5
1035,100.0,163.5
1035,100.0,180.5
1035,100.0,232.5
1035,100.0,333.5
1035,100.0,358.5
1035,100.0,441.5
1035,100.0,481.5
1035,100.0,482.5
1035,100.0,492.5
1035,100.0,508.5
1035,100.0,510.5
1035,100.0,520.5
1035,100.0,640.5
1035,100.0,644.5
1035,100.0,648.5
1035,100.0,654.5
1035,100.0,656.5
1035,100.0,668.5
1035,100.0,671.5
1035,100.0,743.5
1035,100.0,753.5
1036,100.0,35.5
1036,100.0,36.5
1036,100.0,105.5
1036,100.0,179.5
1036,100.0,263.5
1036,100.0,294.5
1036,100.0,354.5
1036,100.0,409.5
1036,100.0,415.5
1036,100.0,478.5
1036,100.0,489.5
1036,100.0,500.5
1036,100.0,504.5
1036,100.0,575.5
1036,100.0,578.5
1036,100.0,626.5
1036,100.0,633.5
1036,100.0,698.5
1036,100.0,725.5
1036,100.0,763.5
1037,100.0,12.5
1037,100.0,57.5
1037,100.0,60.5
1037,100.0,82.5
1037,100.0,84.5
1037,100.0,122.5
1037,100.0,195.5
1037,100.0,205.5
1037,100.0,225.5
1037,100.0,281.5
1037,100.0,336.5
1037,100.0,337.5
1037,100.0,343.5
1037,100.0,348.5
1037,100.0,361.5
1037,100.0,363.5
1037,100.0,395.5
1037,100.0,429.5
1037,100.0,431.5
1037,100.0,600.5
1037,100.0,606.5
1037,100.0,615.5
1037,100.0,629.5
1037,100.0,631.5
1037,100.0,642.5
1037,100.0,652.5
1037,100.0,653.5
1037,100.0,663.5
1037,100.0,725.5
1037,100.0,728.5
1037,100.0,731.5
1037,100.0,752.5
1037,100.0,754.5
1037,100.0,768.5
1038,100.0,1.5
1038,100.0,2.5
1038,100.0,110.5
1038,100.0,147.5
1038,100.0,150.5
1038,100.0,155.5
1038,100.0,182.5
1038,100.0,192.5
1038,100.0,206.5
1038,100.0,215.5
1038,100.0,218.5
1038,100.0,240.5
1038,100.0,270.5
1038,100.0,283.5
1038,100.0,284.5
1038,100.0,310.5
1038,100.0,333.5
1038,100.0,351.5
1038,100.0,353.5
1038,100.0,362.5
1038,100.0,385.5
1038,100.0,399.5
1038,100.0,451.5
1038,100.0,508.5
1038,100.0,547.5
1038,100.0,583.5
1038,100.0,666.5
1038,100.0,670.5
1038,100.0,683.5
1038,100.0,689.5
1038,100.0,763.5
1038,100.0,778.5
1038,100.0,781.5
1038,100.0,784.5
1038,100.0,798.5
1039,100.0,9.5
1039,100.0,11.5
1039,100.0,85.5
1039,100.0,92.5
1039,100.0,104.5
1039,100.0,107.5
1039,100.0,129.5
1039,100.0,171.5
1039,100.0,174.5
1039,100.0,184.5
1039,100.0,209.5
1039,100.0,233.5
1039,100.0,235.5
1039,100.0,271.5
1039,100.0,288.5
1039,100.0,291.5
1039,100.0,301.5
1039,100.0,315.5
1039,100.0,319.5
1039,100.0,325.5
1039,100.0,326.5
1039,100.0,347.5
1039,100.0,350.5
1039,100.0,382.5
1039,100.0,393.5
1039,100.0,395.5
1039,100.0,445.5
1039,100.0,447.5
1039,100.0,448.5
1039,100.0,451.5
1039,100.0,464.5
1039,100.0,483.5
1039,100.0,499.5
1039,100.0,518.5
1039,100.0,574.5
1039,100.0,597.5
1039,100.0,632.5
1039,100.0,683.5
1039,100.0,688.5
1039,100.0,700.5
1039,100.0,727.5
1039,100.0,735.5
1039,100.0,750.5
1039,100.0,761.5
1039,100.0,773.5
1039,100.0,787.5
1040,100.0,15.5
1040,100.0,24.5
1040,100.0,27.5
1040,100.0,31.5
1040,100.0,58.5
1040,100.0,64.5
1040,100.0,89.5
1040,100.0,95.5
1040,100.0,97.5
1040,100.0,109.5
1040,100.0,134.5
1040,100.0,186.5
1040,100.0,244.5
1040,100.0,249.5
1040,100.0,256.5
1040,100.0,309.5
1040,100.0,343.5
1040,100.0,383.5
1040,100.0,407.5
1040,100.0,416.5
1040,100.0,426.5
1040,100.0,430.5
1040,100.0,471.5
1040,100.0,474.5
1040,100.0,486.5
1040,100.0,508.5
1040,100.0,515.5
1040,100.0,547.5
1040,100.0,574.5
1040,100.0,577.5
1040,100.0,608.5
1040,100.0,653.5
1040,100.0,676.5
1040,100.0,698.5
1040,100.0,715.5
1040,100.0,754.5
1040,100.0,772.5
1040,100.0,781.5
1040,100.0,786.5
1041,100.0,1.5
1041,100.0,3.5
1041,100.0,66.5
1041,100.0,102.5
1041,100.0,110.5
1041,100.0,135.5
1041,100.0,174.5
1041,100.0,206.5
1041,100.0,219.5
1041,100.0,237.5
1041,100.0,240.5
1041,100.0,348.5
1041,100.0,361.5
1041,100.0,389.5
1041,100.0,397.5
1041,100.0,404.5
1041,100.0,409.5
1041,100.0,477.5
1041,100.0,490.5
1041,100.0,573.5
1041,100.0,595.5
1041,100.0,621.5
1041,100.0,681.5
1041,100.0,687.5
1041,100.0,756.5
1041,100.0,797.5
1042,100.0,24.5
1042,100.0,25.5
1042,100.0,33.5
1042,100.0,37.5
1042,100.0,40.5
1042,100.0,74.5
1042,100.0,104.5
1042,100.0,106.5
1042,100.0,126.5
1042,100.0,135.5
1042,100.0,148.5
1042,100.0,192.5
1042,100.0,227.5
1042,100.0,233.5
1042,100.0,238.5
1042,100.0,260.5
1042,100.0,269.5
1042,100.0,272.5
1042,100.0,277.5
1042,100.0,340.5
1042,100.0,354.5
1042,100.0,359.5
1042,100.0,364.5
1042,100.0,371.5
1042,100.0,374.5
1042,100.0,398.5
1042,100.0,435.5
1042,100.0,447.5
1042,100.0,454.5
1042,100.0,507.5
1042,100.0,612.5
1042,100.0,622.5
1042,100.0,646.5
1042,100.0,709.5
1042,100.0,722.5
1042,100.0,738.5
1042,100.0,751.5
1042,100.0,774.5
1042,100.0,792.5
1043,100.0,18.5
1043,100.0,47.5
1043,100.0,71.5
1043,100.0,89.5
1043,100.0,159.5
1043,100.0,204.5
1043,100.0,234.5
1043,100.0,248.5
1043,100.0,312.5
1043,100.0,324.5
1043,100.0,358.5
1043,100.0,367.5
1043,100.0,396.5
1043,100.0,415.5
1043,100.0,452.5
1043,100.0,487.5
1043,100.0,536.5
1043,100.0,597.5
1043,100.0,702.5
1043,100.0,738.5
1044,100.0,18.5
1044,100.0,28.5
1044,100.0,34.5
1044,100.0,67.5
1044,100.0,92.5
1044,100.0,102.5
1044,100.0,110.5
1044,100.0,179.5
1044,100.0,188.5
1044,100.0,191.5
1044,100.0,198.5
1044,100.0,247.5
1044,100.0,268.5
1044,100.0,297.5
1044,100.0,312.5
1044,100.0,342.5
1044,100.0,352.5
1044,100.0,354.5
1044,100.0,361.5
1044,100.0,396.5
1044,100.0,453.5
1044,100.0,456.5
1044,100.0,463.5
1044,100.0,499.5
1044,100.0,508.5
1044,100.0,515.5
1044,100.0,550.5
1044,100.0,553.5
1044,100.0,571.5
1044,100.0,582.5
1044,100.0,587.5
1044,100.0,619.5
1044,100.0,668.5
1044,100.0,679.5
1044,100.0,697.5
1044,100.0,709.5
1044,100.0,711.5
1044,100.0,723.5
1044,100.0,733.5
1044,100.0,741.5
1044,100.0,766.5
1044,100.0,773.5
1044,100.0,779.5
1044,100.0,792.5
1045,100.0,16.5
1045,100.0,28.5
1045,100.0,142.5
1045,100.0,146.5
1045,100.0,164.5
1045,100.0,199.5
1045,100.0,251.5
1045,100.0,279.5
1045,100.0,346.5
1045,100.0,364.5
1045,100.0,392.5
1045,100.0,411.5
1045,100.0,417.5
1045,100.0,439.5
1045,100.0,506.5
1045,100.0,528.5
1045,100.0,534.5
1045,100.0,548.5
1045,100.0,561.5
1045,100.0,569.5
1045,100.0,599.5
1045,100.0,633.5
1045,100.0,646.5
1045,100.0,651.5
1045,100.0,669.5
1045,100.0,675.5
1045,100.0,681.5
1045,100.0,694.5
1045,100.0,750.5
1045,100.0,757.5
1045,100.0,789.5
1046,100.0,45.5
1046,100.0,59.5
1046,100.0,242.5
1046,100.0,262.5
1046,100.0,266.5
1046,100.0,277.5
1046,100.0,282.5
1046,100.0,313.5
1046,100.0,329.5
1046,100.0,346.5
1046,100.0,408.5
1046,100.0,425.5
1046,100.0,501.5
1046,100.0,535.5
1046,100.0,561.5
1046,100.0,570.5
1046,100.0,588.5
1046,100.0,603.5
1046,100.0,672.5
1046,100.0,754.5
1047,100.0,16.5
1047,100.0,38.5
1047,100.0,97.5
1047,100.0,104.5
1047,100.0,125.5
1047,100.0,181.5
1047,100.0,224.5
1047,100.0,233.5
1047,100.0,268.5
1047,100.0,273.5
1047,100.0,286.5
1047,100.0,290.5
1047,100.0,305.5
1047,100.0,310.5
1047,100.0,343.5
1047,100.0,370.5
1047,100.0,372.5
1047,100.0,378.5
1047,100.0,379.5
1047,100.0,437.5
1047,100.0,450.5
1047,100.0,460.5
1047,100.0,485.5
1047,100.0,535.5
1047,100.0,537.5
1047,100.0,549.5
1047,100.0,558.5
1047,100.0,563.5
1047,100.0,622.5
1047,100.0,684.5
1047,100.0,716.5
1047,100.0,724.5
1047,100.0,733.5
1047,100.0,764.5
1047,100.0,770.5
1047,100.0,779.5
1048,100.0,43.5
1048,100.0,77.5
1048,100.0,82.5
1048,100.0,118.5
1048,100.0,133.5
1048,100.0,135.5
1048,100.0,200.5
1048,100.0,223.5
1048,100.0,250.5
1048,100.0,263.5
1048,100.0,276.5
1048,100.0,277.5
1048,100.0,286.5
1048,100.0,301.5
1048,100.0,309.5
1048,100.0,333.5
1048,100.0,407.5
1048,100.0,418.5
1048,100.0,420.5
1048,100.0,428.5
1048,100.0,462.5
1048,100.0,533.5
1048,100.0,550.5
1048,100.0,556.5
1048,100.0,587.5
1048,100.0,591.5
1048,100.0,620.5
1048,100.0,642.5
1048,100.0,663.5
1048,100.0,699.5
1048,100.0,743.5
1048,100.0,744.5
1048,100.0,776.5
1048,100.0,794.5
1049,100.0,12.5
1049,100.0,16.5
1049,100.0,74.5
1049,100.0,95.5
1049,100.0,112.5
1049,100.0,115.5
1049,100.0,173.5
1049,100.0,179.5
1049,100.0,184.5
1049,100.0,205.5
1049,100.0,226.5
1049,100.0,242.5
1049,100.0,289.5
1049,100.0,296.5
1049,100.0,396.5
1049,100.0,431.5
1049,100.0,470.5
1049,100.0,500.5
1049,100.0,518.5
1049,100.0,545.5
1049,100.0,588.5
1049,100.0,603.5
1049,100.0,609.5
1049,100.0,677.5
1049,100.0,684.5
1049,100.0,689.5
1049,100.0,690.5
1049,100.0,691.5
1049,100.0,750.5
1049,100.0,752.5
1049,100.0,774.5
1049,100.0,775.5
1049,100.0,784.5
1049,100.0,791.5
1050,100.0,19.5
1050,100.0,29.5
1050,100.0,37.5
1050,100.0,75.5
1050,100.0,154.5
1050,100.0,168.5
1050,100.0,190.5
1050,100.0,212.5
1050,100.0,238.5
1050,100.0,239.5
1050,100.0,271.5
1050,100.0,272.5
1050,100.0,308.5
1050,100.0,336.5
1050,100.0,340.5
1050,100.0,354.5
1050,100.0,382.5
1050,100.0,435.5
1050,100.0,441.5
1050,100.0,484.5
1050,100.0,548.5
1050,100.0,564.5
1050,100.0,614.5
1050,100.0,668.5
1050,100.0,682.5
1050,100.0,692.5
1050,100.0,704.5
1050,100.0,762.5
1050,100.0,778.5
1050,100.0,781.5
1050,100.0,799.5
1051,100.0,1.5
1051,100.0,76.5
1051,100.0,91.5
1051,100.0,136.5
1051,100.0,138.5
1051,100.0,189.5
1051,100.0,255.5
1051,100.0,271.5
1051,100.0,309.5
1051,100.0,327.5
1051,100.0,384.5
1051,100.0,398.5
1051,100.0,403.5
1051,100.0,410.5
1051,100.0,462.5
1051,100.0,479.5
1051,100.0,531.5
1051,100.0,541.5
1051,100.0,552.5
1051,100.0,556.5
1051,100.0,570.5
1051,100.0,575.5
1051,100.0,593.5
1051,100.0,612.5
1051,100.0,625.5
1051,100.0,642.5
1051,100.0,647.5
1051,100.0,699.5
1051,100.0,714.5
1051,100.0,718.5
1052,100.0,4.5
1052,100.0,36.5
1052,100.0,66.5
1052,100.0,74.5
1052,100.0,159.5
1052,100.0,201.5
1052,100.0,214.5
1052,100.0,232.5
1052,100.0,251.5
1052,100.0,278.5
1052,100.0,294.5
1052,100.0,311.5
1052,100.0,473.5
1052,100.0,482.5
1052,100.0,493.5
1052,100.0,502.5
1052,100.0,529.5
1052,100.0,556.5
1052,100.0,561.5
1052,100.0,562.5
1052,100.0,570.5
1052,100.0,588.5
1052,100.0,601.5
1052,100.0,626.5
1052,100.0,652.5
1052,100.0,665.5
1052,100.0,702.5
1052,100.0,744.5
1052,100.0,752.5
1052,100.0,775.5
1052,100.0,776.5
1053,100.0,10.5
1053,100.0,169.5
1053,100.0,190.5
1053,100.0,191.5
1053,100.0,203.5
1053,100.0,222.5
1053,100.0,231.5
1053,100.0,270.5
1053,100.0,315.5
1053,100.0,357.5
1053,100.0,373.5
1053,100.0,390.5
1053,100.0,393.5
1053,100.0,479.5
1053,100.0,491.5
1053,100.0,575.5
1053,100.0,632.5
1053,100.0,636.5
1053,100.0,643.5
1053,100.0,705.5
1053,100.0,711.5
1053,100.0,720.5
1053,100.0,742.5
1053,100.0,751.5
1053,100.0,762.5
1054,100.0,24.5
1054,100.0,47.5
1054,100.0,52.5
1054,100.0,64.5
1054,100.0,81.5
1054,100.0,97.5
1054,100.0,138.5
1054,100.0,184.5
1054,100.0,229.5
1054,100.0,234.5
1054,100.0,246.5
1054,100.0,259.5
1054,100.0,346.5
1054,100.0,365.5
1054,100.0,379.5
1054,100.0,393.5
1054,100.0,421.5
1054,100.0,422.5
1054,100.0,424.5
1054,100.0,445.5
1054,100.0,455.5
1054,100.0,471.5
1054,100.0,488.5
1054,100.0,502.5
1054,100.0,534.5
1054,100.0,541.5
1054,100.0,554.5
1054,100.0,612.5
1054,100.0,711.5
1054,100.0,717.5
1054,100.0,756.5
1054,100.0,773.5
1054,100.0,778.5
1054,100.0,787.5
1055,100.0,19.5
1055,100.0,23.5
1055,100.0,33.5
1055,100.0,39.5
1055,100.0,76.5
1055,100.0,81.5
1055,100.0,102.5
1055,100.0,115.5
1055,100.0,202.5
1055,100.0,245.5
1055,100.0,269.5
1055,100.0,277.5
1055,100.0,278.5
1055,100.0,297.5
1055,100.0,321.5
1055,100.0,325.5
1055,100.0,338.5
1055,100.0,354.5
1055,100.0,363.5
1055,100.0,379.5
1055,100.0,425.5
1055,100.0,478.5
1055,100.0,489.5
1055,100.0,494.5
1055,100.0,522.5
1055,100.0,546.5
1055,100.0,559.5
1055,100.0,587.5
1055,100.0,606.5
1055,100.0,655.5
1055,100.0,699.5
1055,100.0,728.5
1055,100.0,746.5
1055,100.0,774.5
1056,100.0,12.5
1056,100.0,26.5
1056,100.0,63.5
1056,100.0,200.5
1056,100.0,201.5
1056,100.0,216.5
1056,100.0,218.5
1056,100.0,238.5
1056,100.0,285.5
1056,100.0,296.5
1056,100.0,360.5
1056,100.0,377.5
1056,100.0,378.5
1056,100.0,384.5
1056,100.0,393.5
1056,100.0,426.5
1056,100.0,449.5
1056,100.0,465.5
1056,100.0,487.5
1056,100.0,586.5
1056,100.0,601.5
1056,100.0,700.5
1056,100.0,706.5
1056,100.0,708.5
1056,100.0,749.5
1056,100.0,761.5
1056,100.0,788.5
1057,100.0,220.5
1057,100.0,239.5
1057,100.0,241.5
1057,100.0,259.5
1057,100.0,284.5
1057,100.0,324.5
1057,100.0,338.5
1057,100.0,352.5
1057,100.0,377.5
1057,100.0,414.5
1057,100.0,430.5
1057,100.0,465.5
1057,100.0,467.5
1057,100.0,532.5
1057,100.0,536.5
1057,100.0,564.5
1057,100.0,584.5
1057,100.0,657.5
1057,100.0,671.5
1057,100.0,675.5
1057,100.0,706.5
1057,100.0,735.5
1057,100.0,786.5
1058,100.0,51.5
1058,100.0,166.5
1058,100.0,176.5
1058,100.0,180.5
1058,100.0,210.5
1058,100.0,222.5
1058,100.0,233.5
1058,100.0,243.5
1058,100.0,290.5
1058,100.0,318.5
1058,100.0,365.5
1058,100.0,366.5
1058,100.0,399.5
1058,100.0,404.5
1058,100.0,442.5
1058,100.0,486.5
1058,100.0,536.5
1058,100.0,576.5
1058,100.0,578.5
1058,100.0,605.5
1058,100.0,645.5
1058,100.0,646.5
1058,100.0,674.5
1058,100.0,691.5
1058,100.0,718.5
1058,100.0,792.5
1058,100.0,795.5
1058,100.0,796.5
1059,100.0,13.5
1059,100.0,22.5
1059,100.0,52.5
1059,100.0,77.5
1059,100.0,97.5
1059,100.0,163.5
1059,100.0,298.5
1059,100.0,304.5
1059,100.0,371.5
1059,100.0,388.5
1059,100.0,401.5
1059,100.0,428.5
1059,100.0,441.5
1059,100.0,508.5
1059,100.0,531.5
1059,100.0,559.5
1059,100.0,583.5
1059,100.0,601.5
1059,100.0,610.5
1059,100.0,625.5
1059,100.0,772.5
1060,100.0,10.5
1060,100.0,16.5
1060,100.0,28.5
1060,100.0,30.5
1060,100.0,73.5
1060,100.0,102.5
1060,100.0,120.5
1060,100.0,136.5
1060,100.0,143.5
1060,100.0,157.5
1060,100.0,185.5
1060,100.0,191.5
1060,100.0,197.5
1060,100.0,264.5
1060,100.0,308.5
1060,100.0,328.5
1060,100.0,355.5
1060,100.0,370.5
1060,100.0,375.5
1060,100.0,395.5
1060,100.0,421.5
1060,100.0,422.5
1060,100.0,437.5
1060,100.0,489.5
1060,100.0,497.5
1060,100.0,523.5
1060,100.0,527.5
1060,100.0,568.5
1060,100.0,571.5
1060,100.0,573.5
1060,100.0,587.5
1060,100.0,612.5
1060,100.0,616.5
1060,100.0,632.5
1060,100.0,674.5
1060,100.0,692.5
1060,100.0,721.5
1060,100.0,743.5
1060,100.0,748.5
1060,100.0,751.5
1060,100.0,763.5
1060,100.0,768.5
1060,100.0,774.5
1060,100.0,780.5
1061,100.0,7.5
1061,100.0,17.5
1061,100.0,37.5
1061,100.0,107.5
1061,100.0,214.5
1061,100.0,275.5
1061,100.0,286.5
1061,100.0,422.5
1061,100.0,428.5
1061,100.0,529.5
1061,100.0,545.5
1061,100.0,632.5
1061,100.0,648.5
1061,100.0,670.5
1061,100.0,701.5
1061,100.0,742.5
1061,100.0,751.5
1062,100.0,24.5
1062,100.0,38.5
1062,100.0,59.5
1062,100.0,61.5
1062,100.0,64.5
1062,100.0,72.5
1062,100.0,126.5
1062,100.0,174.5
1062,100.0,241.5
1062,100.0,338.5
1062,100.0,361.5
1062,100.0,395.5
1062,100.0,484.5
1062,100.0,507.5
1062,100.0,516.5
1062,100.0,525.5
1062,100.0,539.5
1062,100.0,546.5
1062,100.0,562.5
1062,100.0,612.5
1062,100.0,615.5
1062,100.0,663.5
1062,100.0,750.5
1062,100.0,751.5
1062,100.0,771.5
1062,100.0,778.5
1062,100.0,798.5
1063,100.0,9.5
1063,100.0,47.5
1063,100.0,51.5
1063,100.0,62.5
1063,100.0,70.5
1063,100.0,89.5
1063,100.0,90.5
1063,100.0,96.5
1063,100.0,98.5
1063,100.0,124.5
1063,100.0,164.5
1063,100.0,205.5
1063,100.0,269.5
1063,100.0,329.5
1063,100.0,338.5
1063,100.0,346.5
1063,100.0,356.5
1063,100.0,388.5
1063,100.0,477.5
1063,100.0,509.5
1063,100.0,542.5
1063,100.0,596.5
1063,100.0,608.5
1063,100.0,614.5
1063,100.0,656.5
1063,100.0,698.5
1063,100.0,705.5
1063,100.0,742.5
1063,100.0,743.5
1063,100.0,781.5
1063,100.0,792.5
1064,100.0,9.5
1064,100.0,87.5
1064,100.0,180.5
1064,100.0,182.5
1064,100.0,184.5
1064,100.0,246.5
1064,100.0,296.5
1064,100.0,315.5
1064,100.0,328.5
1064,100.0,330.5
1064,100.0,369.5
1064,100.0,422.5
1064,100.0,429.5
1064,100.0,446.5
1064,100.0,492.5
1064,100.0,530.5
1064,100.0,588.5
1064,100.0,613.5
1064,100.0,678.5
1064,100.0,692.5
1064,100.0,756.5
1064,100.0,767.5
1065,100.0,40.5
1065,100.0,50.5
1065,100.0,88.5
1065,100.0,122.5
1065,100.0,135.5
1065,100.0,146.5
1065,100.0,211.5
1065,100.0,220.5
1065,100.0,244.5
1065,100.0,269.5
1065,100.0,410.5
1065,100.0,522.5
1065,100.0,546.5
1065,100.0,573.5
1065,100.0,586.5
1065,100.0,590.5
1065,100.0,643.5
1065,100.0,650.5
1065,100.0,675.5
1065,100.0,686.5
1065,100.0,704.5
1065,100.0,772.5
1066,100.0,7.5
1066,100.0,22.5
1066,100.0,25.5
1066,100.0,37.5
1066,100.0,48.5
1066,100.0,72.5
1066,100.0,85.5
1066,100.0,88.5
1066,100.0,128.5
1066,100.0,203.5
1066,100.0,206.5
1066,100.0,207.5
1066,100.0,218.5
1066,100.0,223.5
1066,100.0,224.5
1066,100.0,225.5
1066,100.0,252.5
1066,100.0,257.5
1066,100.0,273.5
1066,100.0,286.5
1066,100.0,296.5
1066,100.0,300.5
1066,100.0,310.5
1066,100.0,314.5
1066,100.0,318.5
1066,100.0,328.5
1066,100.0,380.5
1066,100.0,397.5
1066,100.0,409.5
1066,100.0,424.5
1066,100.0,467.5
1066,100.0,512.5
1066,100.0,516.5
1066,100.0,522.5
1066,100.0,554.5
1066,100.0,563.5
1066,100.0,565.5
1066,100.0,569.5
1066,100.0,600.5
1066,100.0,609.5
1066,100.0,616.5
1066,100.0,633.5
1066,100.0,655.5
1066,100.0,684.5
1066,100.0,709.5
1066,100.0,721.5
1066,100.0,723.5
1066,100.0,798.5
1067,100.0,13.5
1067,100.0,58.5
1067,100.0,78.5
1067,100.0,147.5
1067,100.0,153.5
1067,100.0,175.5
1067,100.0,201.5
1067,100.0,252.5
1067,100.0,305.5
1067,100.0,308.5
1067,100.0,359.5
1067,100.0,366.5
1067,100.0,411.5
1067,100.0,444.5
1067,100.0,461.5
1067,100.0,491.5
1067,100.0,492.5
1067,100.0,535.5
1067,100.0,543.5
1067,100.0,599.5
1067,100.0,642.5
1067,100.0,674.5
1067,100.0,717.5
1067,100.0,728.5
1067,100.0,733.5
1067,100.0,761.5
1067,100.0,764.5
1067,100.0,788.5
1067,100.0,797.5
1068,100.0,15.5
1068,100.0,34.5
1068,100.0,84.5
1068,100.0,86.5
1068,100.0,110.5
1068,100.0,161.5
1068,100.0,182.5
1068,100.0,217.5
1068,100.0,221.5
1068,100.0,263.5
1068,100.0,281.5
1068,100.0,360.5
1068,100.0,389.5
1068,100.0,421.5
1068,100.0,426.5
1068,100.0,503.5
1068,100.0,538.5
1068,100.0,624.5
1068,100.0,656.5
1068,100.0,697.5
1068,100.0,715.5
1068,100.0,727.5
1068,100.0,748.5
1068,100.0,775.5
1068,100.0,784.5
1069,100.0,26.5
1069,100.0,27.5
1069,100.0,42.5
1069,100.0,66.5
1069,100.0,69.5
1069,100.0,117.5
1069,100.0,145.5
1069,100.0,174.5
1069,100.0,180.5
1069,100.0,193.5
1069,100.0,203.5
1069,100.0,212.5
1069,100.0,262.5
1069,100.0,371.5
1069,100.0,380.5
1069,100.0,390.5
1069,100.0,415.5
1069,100.0,436.5
1069,100.0,469.5
1069,100.0,472.5
1069,100.0,487.5
1069,100.0,528.5
1069,100.0,538.5
1069,100.0,553.5
1069,100.0,560.5
1069,100.0,602.5
1069,100.0,624.5
1069,100.0,634.5
1069,100.0,644.5
1069,100.0,651.5
1069,100.0,658.5
1069,100.0,674.5
1069,100.0,678.5
1069,100.0,685.5
1069,100.0,700.5
1069,100.0,740.5
1069,100.0,770.5
1069,100.0,776.5
1069,100.0,797.5
1070,100.0,26.5
1070,100.0,48.5
1070,100.0,53.5
1070,100.0,81.5
1070,100.0,137.5
1070,100.0,149.5
1070,100.0,176.5
1070,100.0,196.5
1070,100.0,202.5
1070,100.0,231.5
1070,100.0,261.5
1070,100.0,267.5
1070,100.0,283.5
1070,100.0,360.5
1070,100.0,370.5
1070,100.0,372.5
1070,100.0,374.5
1070,100.0,400.5
1070,100.0,430.5
1070,100.0,437.5
1070,100.0,439.5
1070,100.0,485.5
1070,100.0,492.5
1070,100.0,508.5
1070,100.0,551.5
1070,100.0,667.5
1070,100.0,705.5
1070,100.0,728.5
1070,100.0,749.5
1070,100.0,773.5
1070,100.0,790.5
1070,100.0,794.5
1071,100.0,28.5
1071,100.0,88.5
1071,100.0,152.5
1071,100.0,162.5
1071,100.0,219.5
1071,100.0,223.5
1071,100.0,237.5
1071,100.0,238.5
1071,100.0,277.5
1071,100.0,301.5
1071,100.0,302.5
1071,100.0,304.5
1071,100.0,313.5
1071,100.0,346.5
1071,100.0,350.5
1071,100.0,354.5
1071,100.0,358.5
1071,100.0,398.5
1071,100.0,400.5
1071,100.0,433.5
1071,100.0,504.5
1071,100.0,516.5
1071,100.0,546.5
1071,100.0,612.5
1071,100.0,651.5
1071,100.0,654.5
1071,100.0,670.5
1071,100.0,691.5
1071,100.0,709.5
1071,100.0,733.5
1071,100.0,769.5
1071,100.0,780.5
1071,100.0,799.5
1072,100.0,24.5
1072,100.0,64.5
1072,100.0,163.5
1072,100.0,172.5
1072,100.0,212.5
1072,100.0,246.5
1072,100.0,256.5
1072,100.0,280.5
1072,100.0,290.5
1072,100.0,300.5
1072,100.0,338.5
1072,100.0,342.5
1072,100.0,353.5
1072,100.0,367.5
1072,100.0,375.5
1072,100.0,381.5
1072,100.0,390.5
1072,100.0,392.5
1072,100.0,476.5
1072,100.0,492.5
1072,100.0,542.5
1072,100.0,544.5
1072,100.0,560.5
1072,100.0,656.5
1072,100.0,663.5
1072,100.0,704.5
1072,100.0,725.5
1072,100.0,752.5
1072,100.0,775.5
1073,100.0,28.5
1073,100.0,76.5
1073,100.0,171.5
1073,100.0,274.5
1073,100.0,277.5
1073,100.0,283.5
1073,100.0,319.5
1073,100.0,338.5
1073,100.0,342.5
1073,100.0,379.5
1073,100.0,479.5
1073,100.0,480.5
1073,100.0,482.5
1073,100.0,496.5
1073,100.0,527.5
1073,100.0,571.5
1073,100.0,576.5
1073,100.0,582.5
1073,100.0,620.5
1073,100.0,633.5
1073,100.0,651.5
1073,100.0,762.5
1073,100.0,778.5
1073,100.0,786.5
1073,100.0,797.5
1074,100.0,137.5
1074,100.0,239.5
1074,100.0,257.5
1074,100.0,297.5
1074,100.0,321.5
1074,100.0,336.5
1074,100.0,340.5
1074,100.0,357.5
1074,100.0,416.5
1074,100.0,466.5
1074,100.0,477.5
1074,100.0,496.5
1074,100.0,513.5
1074,100.0,514.5
1074,100.0,521.5
1074,100.0,540.5
1074,100.0,638.5
1074,100.0,645.5
1074,100.0,671.5
1074,100.0,700.5
1074,100.0,770.5
1074,100.0,771.5
1074,100.0,773.5
1074,100.0,795.5
1074,100.0,796.5
1075,100.0,22.5
1075,100.0,39.5
1075,100.0,41.5
1075,100.0,46.5
1075,100.0,48.5
1075,100.0,76.5
1075,100.0,79.5
1075,100.0,128.5
1075,100.0,145.5
1075,100.0,164.5
1075,100.0,180.5
1075,100.0,243.5
1075,100.0,249.5
1075,100.0,270.5
1075,100.0,271.5
1075,100.0,301.5
1075,100.0,322.5
1075,100.0,327.5
1075,100.0,345.5
1075,100.0,363.5
1075,100.0,375.5
1075,100.0,398.5
1075,100.0,411.5
1075,100.0,438.5
1075,100.0,529.5
1075,100.0,544.5
1075,100.0,556.5
1075,100.0,562.5
1075,100.0,616.5
1075,100.0,647.5
1075,100.0,655.5
1075,100.0,676.5
1075,100.0,680.5
1075,100.0,688.5
1075,100.0,715.5
1075,100.0,755.5
1075,100.0,760.5
1075,100.0,791.5
1075,100.0,795.5
1076,100.0,15.5
1076,100.0,19.5
1076,100.0,108.5
1076,100.0,110.5
1076,100.0,234.5
1076,100.0,283.5
1076,100.0,340.5
1076,100.0,351.5
1076,100.0,370.5
1076,100.0,397.5
1076,100.0,400.5
1076,100.0,411.5
1076,100.0,418.5
1076,100.0,429.5
1076,100.0,447.5
1076,100.0,479.5
1076,100.0,494.5
1076,100.0,506.5
1076,100.0,509.5
1076,100.0,513.5
1076,100.0,632.5
1076,100.0,644.5
1076,100.0,682.5
1076,100.0,737.5
1076,100.0,739.5
1076,100.0,764.5
1076,100.0,773.5
1076,100.0,782.5
1077,100.0,0.5
1077,100.0,2.5
1077,100.0,36.5
1077,100.0,79.5
1077,100.0,85.5
1077,100.0,103.5
1077,100.0,142.5
1077,100.0,153.5
1077,100.0,177.5
1077,100.0,196.5
1077,100.0,222.5
1077,100.0,246.5
1077,100.0,286.5
1077,100.0,343.5
1077,100.0,352.5
1077,100.0,361.5
1077,100.0,390.5
1077,100.0,408.5
1077,100.0,419.5
1077,100.0,434.5
1077,100.0,484.5
1077,100.0,495.5
1077,100.0,497.5
1077,100.0,507.5
1077,100.0,515.5
1077,100.0,516.5
1077,100.0,518.5
1077,100.0,553.5
1077,100.0,617.5
1077,100.0,668.5
1077,100.0,709.5
1077,100.0,749.5
1077,100.0,751.5
1077,100.0,760.5
1077,100.0,792.5
1078,100.0,36.5
1078,100.0,49.5
1078,100.0,57.5
1078,100.0,62.5
1078,100.0,110.5
1078,100.0,164.5
1078,100.0,183.5
1078,100.0,192.5
1078,100.0,227.5
1078,100.0,240.5
1078,100.0,298.5
1078,100.0,314.5
1078,100.0,316.5
1078,100.0,324.5
1078,100.0,363.5
1078,100.0,450.5
1078,100.0,482.5
1078,100.0,500.5
1078,100.0,518.5
1078,100.0,524.5
1078,100.0,604.5
1078,100.0,606.5
1078,100.0,607.5
1078,100.0,641.5
1078,100.0,647.5
1078,100.0,688.5
1078,100.0,703.5
1078,100.0,721.5
1079,100.0,67.5
1079,100.0,94.5
1079,100.0,152.5
1079,100.0,159.5
1079,100.0,162.5
1079,100.0,164.5
1079,100.0,203.5
1079,100.0,284.5
1079,100.0,318.5
1079,100.0,435.5
1079,100.0,449.5
1079,100.0,508.5
1079,100.0,524.5
1079,100.0,573.5
1079,100.0,574.5
1079,100.0,651.5
1079,100.0,698.5
1079,100.0,706.5
1079,100.0,739.5
1079,100.0,748.5
1079,100.0,771.5
1079,100.0,793.5
1080,100.0,1.5
1080,100.0,39.5
1080,100.0,45.5
1080,100.0,69.5
1080,100.0,129.5
1080,100.0,143.5
1080,100.0,153.5
1080,100.0,164.5
1080,100.0,175.5
1080,100.0,180.5
1080,100.0,181.5
1080,100.0,189.5
1080,100.0,202.5
1080,100.0,205.5
1080,100.0,210.5
1080,100.0,219.5
1080,100.0,222.5
1080,100.0,239.5
1080,100.0,252.5
1080,100.0,259.5
1080,100.0,266.5
1080,100.0,285.5
1080,100.0,309.5
1080,100.0,319.5
1080,100.0,334.5
1080,100.0,339.5
1080,100.0,349.5
1080,100.0,351.5
1080,100.0,358.5
1080,100.0,360.5
1080,100.0,366.5
1080,100.0,423.5
1080,100.0,461.5
1080,100.0,471.5
1080,100.0,474.5
1080,100.0,520.5
1080,100.0,568.5
1080,100.0,592.5
1080,100.0,597.5
1080,100.0,614.5
1080,100.0,627.5
1080,100.0,657.5
1080,100.0,660.5
1080,100.0,686.5
1080,100.0,710.5
1080,100.0,739.5
1080,100.0,740.5
1080,100.0,742.5
1080,100.0,782.5
1080,100.0,797.5
1080,100.0,798.5
1081,100.0,6.5
1081,100.0,86.5
1081,100.0,140.5
1081,100.0,141.5
1081,100.0,143.5
1081,100.0,180.5
1081,100.0,231.5
1081,100.0,251.5
1081,100.0,265.5
1081,100.0,274.5
1081,100.0,312.5
1081,100.0,316.5
1081,100.0,337.5
1081,100.0,350.5
1081,100.0,355.5
1081,100.0,366.5
1081,100.0,380.5
1081,100.0,382.5
1081,100.0,444.5
1081,100.0,455.5
1081,100.0,479.5
1081,100.0,480.5
1081,100.0,492.5
1081,100.0,527.5
1081,100.0,629.5
1081,100.0,631.5
1081,100.0,643.5
1081,100.0,671.5
1081,100.0,698.5
1081,100.0,707.5
1081,100.0,719.5
1081,100.0,792.5
1082,100.0,4.5
1082,100.0,128.5
1082,100.0,201.5
1082,100.0,209.5
1082,100.0,219.5
1082,100.0,222.5
1082,100.0,248.5
1082,100.0,281.5
1082,100.0,321.5
1082,100.0,332.5
1082,100.0,349.5
1082,100.0,403.5
1082,100.0,443.5
1082,100.0,458.5
1082,100.0,555.5
1082,100.0,577.5
1082,100.0,584.5
1082,100.0,614.5
1082,100.0,642.5
1082,100.0,734.5
1082,100.0,738.5
1082,100.0,755.5
1083,100.0,19.5
1083,100.0,46.5
1083,100.0,76.5
1083,100.0,95.5
1083,100.0,105.5
1083,100.0,125.5
1083,100.0,161.5
1083,100.0,170.5
1083,100.0,183.5
1083,100.0,191.5
1083,100.0,253.5
1083,100.0,294.5
1083,100.0,302.5
1083,100.0,317.5
1083,100.0,404.5
1083,100.0,486.5
1083,100.0,512.5
1083,100.0,535.5
1083,100.0,543.5
1083,100.0,621.5
1083,100.0,635.5
1083,100.0,644.5
1083,100.0,652.5
1083,100.0,656.5
1083,100.0,701.5
1084,100.0,3.5
1084,100.0,17.5
1084,100.0,32.5
1084,100.0,42.5
1084,100.0,47.5
1084,100.0,93.5
1084,100.0,104.5
1084,100.0,130.5
1084,100.0,135.5
1084,100.0,139.5
1084,100.0,142.5
1084,100.0,146.5
1084,100.0,151.5
1084,100.0,178.5
1084,100.0,189.5
1084,100.0,236.5
1084,100.0,257.5
1084,100.0,270.5
1084,100.0,282.5
1084,100.0,288.5
1084,100.0,337.5
1084,100.0,361.5
1084,100.0,382.5
1084,100.0,512.5
1084,100.0,586.5
1084,100.0,609.5
1084,100.0,614.5
1084,100.0,634.5
1084,100.0,648.5
1084,100.0,668.5
1084,100.0,687.5
1084,100.0,689.5
1084,100.0,702.5
1084,100.0,725.5
1084,100.0,753.5
1084,100.0,756.5
1084,100.0,763.5
1085,100.0,56.5
1085,100.0,59.5
1085,100.0,62.5
1085,100.0,152.5
1085,100.0,208.5
1085,100.0,219.5
1085,100.0,231.5
1085,100.0,235.5
1085,100.0,256.5
1085,100.0,325.5
1085,100.0,344.5
1085,100.0,367.5
1085,100.0,416.5
1085,100.0,417.5
1085,100.0,420.5
1085,100.0,430.5
1085,100.0,528.5
1085,100.0,531.5
1085,100.0,533.5
1085,100.0,539.5
1085,100.0,567.5
1085,100.0,670.5
1085,100.0,681.5
1085,100.0,728.5
1085,100.0,731.5
1086,100.0,11.5
1086,100.0,39.5
1086,100.0,44.5
1086,100.0,61.5
1086,100.0,98.5
1086,100.0,100.5
1086,100.0,127.5
1086,100.0,160.5
1086,100.0,166.5
1086,100.0,187.5
1086,100.0,195.5
1086,100.0,200.5
1086,100.0,223.5
1086,100.0,244.5
1086,100.0,282.5
1086,100.0,286.5
1086,100.0,299.5
1086,100.0,314.5
1086,100.0,356.5
1086,100.0,375.5
1086,100.0,378.5
1086,100.0,404.5
1086,100.0,406.5
1086,100.0,435.5
1086,100.0,463.5
1086,100.0,465.5
1086,100.0,496.5
1086,100.0,515.5
1086,100.0,521.5
1086,100.0,542.5
1086,100.0,586.5
1086,100.0,597.5
1086,100.0,598.5
1086,100.0,609.5
1086,100.0,645.5
1086,100.0,677.5
1086,100.0,686.5
1086,100.0,709.5
1086,100.0,722.5
1086,100.0,732.5
1086,100.0,733.5
1087,100.0,32.5
1087,100.0,80.5
1087,100.0,132.5
1087,100.0,158.5
1087,100.0,166.5
1087,100.0,200.5
1087,100.0,236.5
1087,100.0,238.5
1087,100.0,259.5
1087,100.0,291.5
1087,100.0,308.5
1087,100.0,316.5
1087,100.0,377.5
1087,100.0,425.5
1087,100.0,434.5
1087,100.0,435.5
1087,100.0,440.5
1087,100.0,468.5
1087,100.0,512.5
1087,100.0,570.5
1087,100.0,572.5
1087,100.0,611.5
1087,100.0,652.5
1087,100.0,674.5
1087,100.0,703.5
1087,100.0,705.5
1087,100.0,769.5
1087,100.0,772.5
1088,100.0,4.5
1088,100.0,27.5
1088,100.0,76.5
1088,100.0,142.5
1088,100.0,182.5
1088,100.0,229.5
1088,100.0,231.5
1088,100.0,232.5
1088,100.0,277.5
1088,100.0,288.5
1088,100.0,345.5
1088,100.0,347.5
1088,100.0,459.5
1088,100.0,473.5
1088,100.0,480.5
1088,100.0,481.5
1088,100.0,493.5
1088,100.0,499.5
1088,100.0,519.5
1088,100.0,526.5
1088,100.0,533.5
1088,100.0,541.5
1088,100.0,581.5
1088,100.0,668.5
1088,100.0,675.5
1088,100.0,713.5
1088,100.0,760.5
1088,100.0,786.5
1088,100.0,790.5
1088,100.0,796.5
1089,100.0,61.5
1089,100.0,95.5
1089,100.0,149.5
1089,100.0,194.5
1089,100.0,266.5
1089,100.0,278.5
1089,100.0,287.5
1089,100.0,318.5
1089,100.0,328.5
1089,100.0,430.5
1089,100.0,437.5
1089,100.0,450.5
1089,100.0,506.5
1089,100.0,510.5
1089,100.0,601.5
1089,100.0,613.5
1089,100.0,641.5
1089,100.0,730.5
1089,100.0,741.5
1089,100.0,742.5
1089,100.0,747.5
1089,100.0,763.5
1089,100.0,785.5
1089,100.0,799.5
1090,100.0,2.5
1090,100.0,76.5
1090,100.0,83.5
1090,100.0,92.5
1090,100.0,98.5
1090,100.0,128.5
1090,100.0,132.5
1090,100.0,159.5
1090,100.0,188.5
1090,100.0,209.5
1090,100.0,238.5
1090,100.0,253.5
1090,100.0,259.5
1090,100.0,277.5
1090,100.0,288.5
1090,100.0,298.5
1090,100.0,312.5
1090,100.0,390.5
1090,100.0,409.5
1090,100.0,412.5
1090,100.0,420.5
1090,100.0,428.5
1090,100.0,441.5
1090,100.0,469.5
1090,100.0,475.5
1090,100.0,481.5
1090,100.0,482.5
1090,100.0,537.5
1090,100.0,556.5
1090,100.0,629.5
1090,100.0,664.5
1090,100.0,691.5
1090,100.0,719.5
1090,100.0,726.5
1090,100.0,737.5
1090,100.0,748.5
1090,100.0,767.5
1091,100.0,67.5
1091,100.0,104.5
1091,100.0,117.5
1091,100.0,118.5
1091,100.0,137.5
1091,100.0,141.5
1091,100.0,152.5
1091,100.0,178.5
1091,100.0,207.5
1091,100.0,269.5
1091,100.0,300.5
1091,100.0,305.5
1091,100.0,363.5
1091,100.0,420.5
1091,100.0,434.5
1091,100.0,459.5
1091,100.0,482.5
1091,100.0,527.5
1091,100.0,529.5
1091,100.0,531.5
1091,100.0,584.5
1091,100.0,598.5
1091,100.0,613.5
1091,100.0,637.5
1091,100.0,687.5
1091,100.0,694.5
1091,100.0,784.5
1092,100.0,15.5
1092,100.0,148.5
1092,100.0,161.5
1092,100.0,219.5
1092,100.0,252.5
1092,100.0,294.5
1092,100.0,301.5
1092,100.0,326.5
1092,100.0,337.5
1092,100.0,365.5
1092,100.0,394.5
1092,100.0,443.5
1092,100.0,525.5
1092,100.0,597.5
1092,100.0,625.5
1092,100.0,628.5
1092,100.0,646.5
1092,100.0,662.5
1092,100.0,686.5
1092,100.0,715.5
1093,100.0,6.5
1093,100.0,38.5
1093,100.0,42.5
1093,100.0,71.5
1093,100.0,124.5
1093,100.0,193.5
1093,100.0,210.5
1093,100.0,218.5
1093,100.0,221.5
1093,100.0,227.5
1093,100.0,242.5
1093,100.0,344.5
1093,100.0,363.5
1093,100.0,376.5
1093,100.0,411.5
1093,100.0,419.5
1093,100.0,448.5
1093,100.0,477.5
1093,100.0,528.5
1093,100.0,530.5
1093,100.0,534.5
1093,100.0,569.5
1093,100.0,574.5
1093,100.0,577.5
1093,100.0,592.5
1093,100.0,635.5
1093,100.0,641.5
1093,100.0,695.5
1093,100.0,730.5
1093,100.0,779.5
1093,100.0,782.5
1094,100.0,124.5
1094,100.0,203.5
1094,100.0,259.5
1094,100.0,309.5
1094,100.0,321.5
1094,100.0,359.5
1094,100.0,377.5
1094,100.0,415.5
1094,100.0,544.5
1094,100.0,566.5
1094,100.0,621.5
1094,100.0,631.5
1094,100.0,671.5
1094,100.0,678.5
1094,100.0,689.5
1094,100.0,730.5
1094,100.0,763.5
1095,100.0,1.5
1095,100.0,2.5
1095,100.0,7.5
1095,100.0,24.5
1095,100.0,53.5
1095,100.0,56.5
1095,100.0,73.5
1095,100.0,108.5
1095,100.0,180.5
1095,100.0,238.5
1095,100.0,285.5
1095,100.0,289.5
1095,100.0,298.5
1095,100.0,313.5
1095,100.0,325.5
1095,100.0,384.5
1095,100.0,385.5
1095,100.0,417.5
1095,100.0,437.5
1095,100.0,450.5
1095,100.0,495.5
1095,100.0,562.5
1095,100.0,598.5
1095,100.0,600.5
1095,100.0,610.5
1095,100.0,618.5
1095,100.0,676.5
1095,100.0,677.5
1095,100.0,712.5
1095,100.0,737.5
1095,100.0,763.5
1095,100.0,773.5
1096,100.0,64.5
1096,100.0,79.5
1096,100.0,93.5
1096,100.0,150.5
1096,100.0,151.5
1096,100.0,164.5
1096,100.0,187.5
1096,100.0,196.5
1096,100.0,234.5
1096,100.0,317.5
1096,100.0,322.5
1096,100.0,330.5
1096,100.0,361.5
1096,100.0,380.5
1096,100.0,414.5
1096,100.0,449.5
1096,100.0,455.5
1096,100.0,467.5
1096,100.0,525.5
1096,100.0,542.5
1096,100.0,544.5
1096,100.0,579.5
1096,100.0,597.5
1096,100.0,639.5
1096,100.0,647.5
1096,100.0,675.5
1096,100.0,696.5
1096,100.0,740.5
1096,100.0,746.5
1096,100.0,752.5
1096,100.0,767.5
1096,100.0,780.5
1097,100.0,12.5
1097,100.0,14.5
1097,100.0,29.5
1097,100.0,50.5
1097,100.0,57.5
1097,100.0,61.5
1097,100.0,71.5
1097,100.0,110.5
1097,100.0,112.5
1097,100.0,138.5
1097,100.0,191.5
1097,100.0,196.5
1097,100.0,200.5
1097,100.0,239.5
1097,100.0,290.5
1097,100.0,305.5
1097,100.0,363.5
1097,100.0,383.5
1097,100.0,432.5
1097,100.0,438.5
1097,100.0,455.5
1097,100.0,495.5
1097,100.0,507.5
1097,100.0,519.5
1097,100.0,550.5
1097,100.0,591.5
1097,100.0,622.5
1097,100.0,634.5
1097,100.0,689.5
1097,100.0,723.5
1097,100.0,767.5
1098,100.0,15.5
1098,100.0,72.5
1098,100.0,103.5
1098,100.0,127.5
1098,100.0,187.5
1098,100.0,189.5
1098,100.0,193.5
1098,100.0,209.5
1098,100.0,221.5
1098,100.0,254.5
1098,100.0,300.5
1098,100.0,325.5
1098,100.0,337.5
1098,100.0,345.5
1098,100.0,347.5
1098,100.0,357.5
1098,100.0,361.5
1098,100.0,362.5
1098,100.0,498.5
1098,100.0,529.5
1098,100.0,534.5
1098,100.0,548.5
1098,100.0,565.5
1098,100.0,569.5
1098,100.0,586.5
1098,100.0,588.5
1098,100.0,589.5
1098,100.0,594.5
1098,100.0,599.5
1098,100.0,612.5
1098,100.0,613.5
1098,100.0,632.5
1098,100.0,633.5
1098,100.0,643.5
1098,100.0,644.5
1098,100.0,653.5
1098,100.0,668.5
1098,100.0,710.5
1098,100.0,775.5
1098,100.0,786.5
1099,100.0,7.5
1099,100.0,13.5
1099,100.0,20.5
1099,100.0,139.5
1099,100.0,140.5
1099,100.0,169.5
1099,100.0,236.5
1099,100.0,237.5
1099,100.0,244.5
1099,100.0,330.5
1099,100.0,380.5
1099,100.0,392.5
1099,100.0,407.5
1099,100.0,452.5
1099,100.0,496.5
1099,100.0,518.5
1099,100.0,572.5
1099,100.0,586.5
1099,100.0,615.5
1099,100.0,639.5
1099,100.0,642.5
1099,100.0,647.5
1099,100.0,703.5
1099,100.0,728.5
1099,100.0,740.5
1099,100.0,744.5
1099,100.0,749.5
1099,100.0,758.5
1099,100.0,790.5
1100,100.0,7.5
1100,100.0,52.5
1100,100.0,58.5
1100,100.0,60.5
1100,100.0,68.5
1100,100.0,166.5
1100,100.0,180.5
1100,100.0,195.5
1100,100.0,203.5
1100,100.0,210.5
1100,100.0,212.5
1100,100.0,216.5
1100,100.0,242.5
1100,100.0,258.5
1100,100.0,309.5
1100,100.0,327.5
1100,100.0,358.5
1100,100.0,456.5
1100,100.0,516.5
1100,100.0,554.5
1100,100.0,613.5
1100,100.0,629.5
1100,100.0,644.5
1100,100.0,654.5
1100,100.0,669.5
1100,100.0,677.5
1100,100.0,682.5
1100,100.0,755.5
1101,100.0,8.5
1101,100.0,45.5
1101,100.0,64.5
1101,100.0,69.5
1101,100.0,128.5
1101,100.0,133.5
1101,100.0,151.5
1101,100.0,153.5
1101,100.0,159.5
1101,100.0,170.5
1101,100.0,176.5
1101,100.0,195.5
1101,100.0,203.5
1101,100.0,234.5
1101,100.0,366.5
1101,100.0,433.5
1101,100.0,440.5
1101,100.0,444.5
1101,100.0,526.5
1101,100.0,576.5
1101,100.0,588.5
1101,100.0,635.5
1101,100.0,675.5
1101,100.0,720.5
1101,100.0,731.5
1101,100.0,786.5
1101,100.0,795.5
1102,100.0,57.5
1102,100.0,92.5
1102,100.0,127.5
1102,100.0,135.5
1102,100.0,138.5
1102,100.0,142.5
1102,100.0,203.5
1102,100.0,303.5
1102,100.0,331.5
1102,100.0,357.5
1102,100.0,361.5
1102,100.0,365.5
1102,100.0,389.5
1102,100.0,454.5
1102,100.0,468.5
1102,100.0,473.5
1102,100.0,529.5
1102,100.0,551.5
1102,100.0,557.5
1102,100.0,580.5
1102,100.0,581.5
1102,100.0,596.5
1102,100.0,618.5
1102,100.0,638.5
1102,100.0,641.5
1102,100.0,670.5
1102,100.0,693.5
1102,100.0,721.5
1102,100.0,724.5
1102,100.0,787.5
1103,100.0,4.5
1103,100.0,32.5
1103,100.0,39.5
1103,100.0,76.5
1103,100.0,95.5
1103,100.0,101.5
1103,100.0,110.5
1103,100.0,115.5
1103,100.0,124.5
1103,100.0,128.5
1103,100.0,130.5
1103,100.0,148.5
1103,100.0,164.5
1103,100.0,175.5
1103,100.0,178.5
1103,100.0,226.5
1103,100.0,227.5
1103,100.0,272.5
1103,100.0,333.5
1103,100.0,334.5
1103,100.0,339.5
1103,100.0,450.5
1103,100.0,491.5
1103,100.0,501.5
1103,100.0,526.5
1103,100.0,542.5
1103,100.0,584.5
1103,100.0,601.5
1103,100.0,602.5
1103,100.0,625.5
1103,100.0,634.5
1103,100.0,639.5
1103,100.0,654.5
1103,100.0,705.5
1103,100.0,732.5
1103,100.0,766.5
1103,100.0,774.5
1104,100.0,33.5
1104,100.0,45.5
1104,100.0,96.5
1104,100.0,102.5
1104,100.0,131.5
1104,100.0,154.5
1104,100.0,191.5
1104,100.0,226.5
1104,100.0,273.5
1104,100.0,294.5
1104,100.0,314.5
1104,100.0,345.5
1104,100.0,374.5
1104,100.0,397.5
1104,100.0,412.5
1104,100.0,438.5
1104,100.0,456.5
1104,100.0,501.5
1104,100.0,536.5
1104,100.0,539.5
1104,100.0,547.5
1104,100.0,555.5
1104,100.0,584.5
1104,100.0,605.5
1104,100.0,606.5
1104,100.0,607.5
1104,100.0,630.5
1104,100.0,663.5
1104,100.0,671.5
1104,100.0,680.5
1104,100.0,698.5
1104,100.0,722.5
1104,100.0,766.5
1104,100.0,774.5
1104,100.0,784.5
1104,100.0,796.5
1105,100.0,98.5
1105,100.0,100.5
1105,100.0,178.5
1105,100.0,189.5
1105,100.0,276.5
1105,100.0,314.5
1105,100.0,372.5
1105,100.0,513.5
1105,100.0,517.5
1105,100.0,575.5
1105,100.0,616.5
1105,100.0,625.5
1105,100.0,650.5
1105,100.0,670.5
1106,100.0,0.5
1106,100.0,14.5
1106,100.0,30.5
1106,100.0,39.5
1106,100.0,44.5
1106,100.0,58.5
1106,100.0,73.5
1106,100.0,156.5
1106,100.0,164.5
1106,100.0,185.5
1106,100.0,225.5
1106,100.0,229.5
1106,100.0,234.5
1106,100.0,235.5
1106,100.0,275.5
1106,100.0,276.5
1106,100.0,305.5
1106,100.0,307.5
1106,100.0,318.5
1106,100.0,326.5
1106,100.0,334.5
1106,100.0,352.5
1106,100.0,355.5
1106,100.0,366.5
1106,100.0,404.5
1106,100.0,406.5
1106,100.0,411.5
1106,100.0,419.5
1106,100.0,435.5
1106,100.0,441.5
1106,100.0,446.5
1106,100.0,454.5
1106,100.0,471.5
1106,100.0,483.5
1106,100.0,533.5
1106,100.0,548.5
1106,100.0,568.5
1106,100.0,601.5
1106,100.0,603.5
1106,100.0,686.5
1106,100.0,764.5
1106,100.0,792.5
1107,100.0,4.5
1107,100.0,34.5
1107,100.0,69.5
1107,100.0,85.5
1107,100.0,100.5
1107,100.0,122.5
1107,100.0,128.5
1107,100.0,244.5
1107,100.0,250.5
1107,100.0,277.5
1107,100.0,311.5
1107,100.0,335.5
1107,100.0,418.5
1107,100.0,469.5
1107,100.0,495.5
1107,100.0,505.5
1107,100.0,507.5
1107,100.0,526.5
1107,100.0,542.5
1107,100.0,545.5
1107,100.0,563.5
1107,100.0,579.5
1107,100.0,590.5
1107,100.0,601.5
1107,100.0,673.5
1107,100.0,674.5
1107,100.0,683.5
1107,100.0,710.5
1107,100.0,773.5
1107,100.0,774.5
1107,100.0,788.5
1108,100.0,36.5
1108,100.0,47.5
1108,100.0,67.5
1108,100.0,128.5
1108,100.0,132.5
1108,100.0,156.5
1108,100.0,167.5
1108,100.0,207.5
1108,100.0,264.5
1108,100.0,268.5
1108,100.0,295.5
1108,100.0,343.5
1108,100.0,353.5
1108,100.0,365.5
1108,100.0,410.5
1108,100.0,425.5
1108,100.0,432.5
1108,100.0,437.5
1108,100.0,454.5
1108,100.0,504.5
1108,100.0,527.5
1108,100.0,529.5
1108,100.0,553.5
1108,100.0,574.5
1108,100.0,602.5
1108,100.0,608.5
1108,100.0,619.5
1108,100.0,661.5
1108,100.0,729.5
1108,100.0,730.5
1108,100.0,742.5
1108,100.0,750.5
1108,100.0,758.5
1109,100.0,10.5
1109,100.0,35.5
1109,100.0,40.5
1109,100.0,153.5
1109,100.0,168.5
1109,100.0,202.5
1109,100.0,227.5
1109,100.0,261.5
1109,100.0,295.5
1109,100.0,296.5
1109,100.0,318.5
1109,100.0,346.5
1109,100.0,352.5
1109,100.0,356.5
1109,100.0,357.5
1109,100.0,359.5
1109,100.0,390.5
1109,100.0,460.5
1109,100.0,461.5
1109,100.0,465.5
1109,100.0,469.5
1109,100.0,484.5
1109,100.0,485.5
1109,100.0,540.5
1109,100.0,607.5
1109,100.0,622.5
1109,100.0,640.5
1109,100.0,661.5
1109,100.0,785.5
1110,100.0,11.5
1110,100.0,62.5
1110,100.0,99.5
1110,100.0,101.5
1110,100.0,116.5
1110,100.0,125.5
1110,100.0,132.5
1110,100.0,157.5
1110,100.0,192.5
1110,100.0,203.5
1110,100.0,210.5
1110,100.0,246.5
1110,100.0,295.5
1110,100.0,332.5
1110,100.0,362.5
1110,100.0,373.5
1110,100.0,393.5
1110,100.0,398.5
1110,100.0,404.5
1110,100.0,495.5
1110,100.0,572.5
1110,100.0,638.5
1110,100.0,674.5
1110,100.0,702.5
1110,100.0,707.5
1110,100.0,742.5
1111,100.0,8.5
1111,100.0,14.5
1111,100.0,37.5
1111,100.0,39.5
1111,100.0,58.5
1111,100.0,73.5
1111,100.0,81.5
1111,100.0,83.5
1111,100.0,116.5
1111,100.0,152.5
1111,100.0,220.5
1111,100.0,244.5
1111,100.0,289.5
1111,100.0,299.5
1111,100.0,321.5
1111,100.0,343.5
1111,100.0,382.5
1111,100.0,399.5
1111,100.0,413.5
1111,100.0,442.5
1111,100.0,463.5
1111,100.0,516.5
1111,100.0,526.5
1111,100.0,553.5
1111,100.0,565.5
1111,100.0,594.5
1111,100.0,611.5
1111,100.0,633.5
1111,100.0,684.5
1111,100.0,691.5
1111,100.0,699.5
1111,100.0,768.5
1111,100.0,780.5
1111,100.0,783.5
1111,100.0,785.5
1112,100.0,11.5
1112,100.0,55.5
1112,100.0,86.5
1112,100.0,196.5
1112,100.0,261.5
1112,100.0,286.5
1112,100.0,314.5
1112,100.0,401.5
1112,100.0,403.5
1112,100.0,423.5
1112,100.0,463.5
1112,100.0,480.5
1112,100.0,481.5
1112,100.0,488.5
1112,100.0,501.5
1112,100.0,561.5
1112,100.0,571.5
1112,100.0,584.5
1112,100.0,590.5
1112,100.0,591.5
1112,100.0,615.5
1112,100.0,643.5
1112,100.0,665.5
1112,100.0,687.5
1112,100.0,714.5
1112,100.0,744.5
1112,100.0,770.5
1112,100.0,790.5
1113,100.0,1.5
1113,100.0,11.5
1113,100.0,16.5
1113,100.0,17.5
1113,100.0,18.5
1113,100.0,26.5
1113,100.0,55.5
1113,100.0,64.5
1113,100.0,88.5
1113,100.0,93.5
1113,100.0,111.5
1113,100.0,156.5
1113,100.0,191.5
1113,100.0,206.5
1113,100.0,210.5
1113,100.0,259.5
1113,100.0,332.5
1113,100.0,357.5
1113,100.0,399.5
1113,100.0,401.5
1113,100.0,406.5
1113,100.0,419.5
1113,100.0,422.5
1113,100.0,475.5
1113,100.0,507.5
1113,100.0,518.5
1113,100.0,524.5
1113,100.0,538.5
1113,100.0,542.5
1113,100.0,567.5
1113,100.0,575.5
1113,100.0,579.5
1113,100.0,580.5
1113,100.0,639.5
1113,100.0,686.5
1113,100.0,690.5
1113,100.0,719.5
1113,100.0,775.5
1113,100.0,783.5
1113,100.0,793.5
1113,100.0,797.5
1114,100.0,9.5
1114,100.0,23.5
1114,100.0,42.5
1114,100.0,97.5
1114,100.0,150.5
1114,100.0,174.5
1114,100.0,179.5
1114,100.0,224.5
1114,100.0,230.5
1114,100.0,294.5
1114,100.0,315.5
1114,100.0,376.5
1114,100.0,400.5
1114,100.0,421.5
1114,100.0,463.5
1114,100.0,466.5
1114,100.0,508.5
1114,100.0,525.5
1114,100.0,562.5
1114,100.0,567.5
1114,100.0,598.5
1114,100.0,674.5
1114,100.0,684.5
1114,100.0,706.5
1114,100.0,780.5
1114,100.0,782.5
1115,100.0,22.5
1115,100.0,27.5
1115,100.0,30.5
1115,100.0,36.5
1115,100.0,38.5
1115,100.0,39.5
1115,100.0,50.5
1115,100.0,78.5
1115,100.0,124.5
1115,100.0,141.5
1115,100.0,148.5
1115,100.0,163.5
1115,100.0,170.5
1115,100.0,171.5
1115,100.0,173.5
1115,100.0,209.5
1115,100.0,261.5
1115,100.0,268.5
1115,100.0,310.5
1115,100.0,330.5
1115,100.0,339.5
1115,100.0,357.5
1115,100.0,466.5
1115,100.0,504.5
1115,100.0,507.5
1115,100.0,511.5
1115,100.0,559.5
1115,100.0,590.5
1115,100.0,601.5
1115,100.0,621.5
1115,100.0,625.5
1115,100.0,629.5
1115,100.0,637.5
1115,100.0,645.5
1115,100.0,665.5
1115,100.0,670.5
1115,100.0,673.5
1115,100.0,701.5
1115,100.0,721.5
1115,100.0,764.5
1116,100.0,74.5
1116,100.0,88.5
1116,100.0,111.5
1116,100.0,151.5
1116,100.0,203.5
1116,100.0,212.5
1116,100.0,219.5
1116,100.0,257.5
1116,100.0,320.5
1116,100.0,325.5
1116,100.0,357.5
1116,100.0,369.5
1116,100.0,388.5
1116,100.0,400.5
1116,100.0,462.5
1116,100.0,467.5
1116,100.0,469.5
1116,100.0,472.5
1116,100.0,517.5
1116,100.0,545.5
1116,100.0,560.5
1116,100.0,578.5
1116,100.0,643.5
1116,100.0,649.5
1116,100.0,675.5
1116,100.0,680.5
1116,100.0,775.5
1116,100.0,786.5
1117,100.0,57.5
1117,100.0,64.5
1117,100.0,76.5
1117,100.0,82.5
1117,100.0,115.5
1117,100.0,122.5
1117,100.0,154.5
1117,100.0,157.5
1117,100.0,162.5
1117,100.0,181.5
1117,100.0,212.5
1117,100.0,238.5
1117,100.0,316.5
1117,100.0,344.5
1117,100.0,395.5
1117,100.0,433.5
1117,100.0,441.5
1117,100.0,509.5
1117,100.0,549.5
1117,100.0,575.5
1117,100.0,624.5
1117,100.0,626.5
1117,100.0,647.5
1117,100.0,658.5
1117,100.0,688.5
1117,100.0,709.5
1117,100.0,713.5
1117,100.0,789.5
1117,100.0,794.5
1118,100.0,43.5
1118,100.0,51.5
1118,100.0,64.5
1118,100.0,65.5
1118,100.0,126.5
1118,100.0,134.5
1118,100.0,194.5
1118,100.0,289.5
1118,100.0,290.5
1118,100.0,320.5
1118,100.0,373.5
1118,100.0,388.5
1118,100.0,424.5
1118,100.0,432.5
1118,100.0,594.5
1118,100.0,625.5
1118,100.0,645.5
1118,100.0,742.5
1118,100.0,778.5
1119,100.0,29.5
1119,100.0,50.5
1119,100.0,119.5
1119,100.0,185.5
1119,100.0,291.5
1119,100.0,316.5
1119,100.0,383.5
1119,100.0,385.5
1119,100.0,414.5
1119,100.0,451.5
1119,100.0,458.5
1119,100.0,465.5
1119,100.0,487.5
1119,100.0,495.5
1119,100.0,501.5
1119,100.0,516.5
1119,100.0,593.5
1119,100.0,780.5
1119,100.0,796.5
1120,100.0,1.5
1120,100.0,24.5
1120,100.0,26.5
1120,100.0,28.5
1120,100.0,63.5
1120,100.0,91.5
1120,100.0,188.5
1120,100.0,194.5
1120,100.0,220.5
1120,100.0,227.5
1120,100.0,254.5
1120,100.0,276.5
1120,100.0,280.5
1120,100.0,284.5
1120,100.0,318.5
1120,100.0,337.5
1120,100.0,398.5
1120,100.0,412.5
1120,100.0,415.5
1120,100.0,444.5
1120,100.0,447.5
1120,100.0,461.5
1120,100.0,468.5
1120,100.0,484.5
1120,100.0,496.5
1120,100.0,499.5
1120,100.0,573.5
1120,100.0,610.5
1120,100.0,626.5
1120,100.0,685.5
1120,100.0,711.5
1120,100.0,725.5
1120,100.0,729.5
1120,100.0,750.5
1120,100.0,751.5
1120,100.0,770.5
1120,100.0,788.5
1121,100.0,23.5
1121,100.0,57.5
1121,100.0,64.5
1121,100.0,75.5
1121,100.0,102.5
1121,100.0,108.5
1121,100.0,190.5
1121,100.0,204.5
1121,100.0,215.5
1121,100.0,271.5
1121,100.0,285.5
1121,100.0,302.5
1121,100.0,303.5
1121,100.0,311.5
1121,100.0,358.5
1121,100.0,403.5
1121,100.0,419.5
1121,100.0,422.5
1121,100.0,444.5
1121,100.0,478.5
1121,100.0,484.5
1121,100.0,500.5
1121,100.0,530.5
1121,100.0,551.5
1121,100.0,575.5
1121,100.0,592.5
1121,100.0,598.5
1121,100.0,604.5
1121,100.0,662.5
1121,100.0,664.5
1121,100.0,688.5
1121,100.0,746.5
1122,100.0,23.5
1122,100.0,125.5
1122,100.0,154.5
1122,100.0,182.5
1122,100.0,249.5
1122,100.0,317.5
1122,100.0,335.5
1122,100.0,426.5
1122,100.0,434.5
1122,100.0,458.5
1122,100.0,511.5
1122,100.0,516.5
1122,100.0,548.5
1122,100.0,651.5
1122,100.0,673.5
1122,100.0,677.5
1122,100.0,699.5
1122,100.0,723.5
1122,100.0,740.5
1122,100.0,747.5
1122,100.0,765.5
1123,100.0,6.5
1123,100.0,57.5
1123,100.0,62.5
1123,100.0,83.5
1123,100.0,109.5
1123,100.0,115.5
1123,100.0,122.5
1123,100.0,162.5
1123,100.0,170.5
1123,100.0,175.5
1123,100.0,178.5
1123,100.0,182.5
1123,100.0,199.5
1123,100.0,252.5
1123,100.0,263.5
1123,100.0,275.5
1123,100.0,293.5
1123,100.0,388.5
1123,100.0,390.5
1123,100.0,393.5
1123,100.0,409.5
1123,100.0,440.5
1123,100.0,471.5
1123,100.0,488.5
1123,100.0,497.5
1123,100.0,532.5
1123,100.0,551.5
1123,100.0,555.5
1123,100.0,590.5
1123,100.0,618.5
1123,100.0,666.5
1123,100.0,669.5
1123,100.0,687.5
1123,100.0,701.5
1123,100.0,730.5
1124,100.0,6.5
1124,100.0,11.5
1124,100.0,57.5
1124,100.0,92.5
1124,100.0,136.5
1124,100.0,148.5
1124,100.0,196.5
1124,100.0,395.5
1124,100.0,468.5
1124,100.0,530.5
1124,100.0,558.5
1124,100.0,576.5
1124,100.0,582.5
1124,100.0,596.5
1124,100.0,623.5
1124,100.0,673.5
1124,100.0,708.5
1124,100.0,785.5
1124,100.0,799.5
1125,100.0,14.5
1125,100.0,17.5
1125,100.0,34.5
1125,100.0,36.5
1125,100.0,62.5
1125,100.0,87.5
1125,100.0,129.5
1125,100.0,142.5
1125,100.0,149.5
1125,100.0,188.5
1125,100.0,220.5
1125,100.0,250.5
1125,100.0,276.5
1125,100.0,293.5
1125,100.0,313.5
1125,100.0,317.5
1125,100.0,323.5
1125,100.0,333.5
1125,100.0,504.5
1125,100.0,556.5
1125,100.0,557.5
1125,100.0,653.5
1125,100.0,686.5
1125,100.0,702.5
1125,100.0,704.5
1125,100.0,715.5
1125,100.0,726.5
1125,100.0,748.5
1125,100.0,796.5
1126,100.0,31.5
1126,100.0,36.5
1126,100.0,46.5
1126,100.0,48.5
1126,100.0,59.5
1126,100.0,163.5
1126,100.0,207.5
1126,100.0,212.5
1126,100.0,249.5
1126,100.0,295.5
1126,100.0,318.5
1126,100.0,351.5
1126,100.0,363.5
1126,100.0,373.5
1126,100.0,383.5
1126,100.0,399.5
1126,100.0,456.5
1126,100.0,485.5
1126,100.0,514.5
1126,100.0,521.5
1126,100.0,569.5
1126,100.0,570.5
1126,100.0,615.5
1126,100.0,616.5
1126,100.0,627.5
1126,100.0,739.5
1126,100.0,784.5
1127,100.0,15.5
1127,100.0,67.5
1127,100.0,93.5
1127,100.0,115.5
1127,100.0,140.5
1127,100.0,158.5
1127,100.0,165.5
1127,100.0,172.5
1127,100.0,236.5
1127,100.0,238.5
1127,100.0,244.5
1127,100.0,262.5
1127,100.0,277.5
1127,100.0,287.5
1127,100.0,322.5
1127,100.0,340.5
1127,100.0,342.5
1127,100.0,347.5
1127,100.0,365.5
1127,100.0,379.5
1127,100.0,382.5
1127,100.0,387.5
1127,100.0,391.5
1127,100.0,415.5
1127,100.0,455.5
1127,100.0,476.5
1127,100.0,498.5
1127,100.0,499.5
1127,100.0,517.5
1127,100.0,540.5
1127,100.0,542.5
1127,100.0,561.5
1127,100.0,571.5
1127,100.0,587.5
1127,100.0,635.5
1127,100.0,639.5
1127,100.0,648.5
1127,100.0,674.5
1127,100.0,686.5
1127,100.0,717.5
1127,100.0,722.5
1127,100.0,737.5
1128,100.0,23.5
1128,100.0,46.5
1128,100.0,73.5
1128,100.0,106.5
1128,100.0,137.5
1128,100.0,156.5
1128,100.0,171.5
1128,100.0,175.5
1128,100.0,182.5
1128,100.0,191.5
1128,100.0,200.5
1128,100.0,240.5
1128,100.0,243.5
1128,100.0,246.5
1128,100.0,262.5
1128,100.0,280.5
1128,100.0,315.5
1128,100.0,332.5
1128,100.0,354.5
1128,100.0,388.5
1128,100.0,403.5
1128,100.0,418.5
1128,100.0,429.5
1128,100.0,448.5
1128,100.0,466.5
1128,100.0,503.5
1128,100.0,516.5
1128,100.0,521.5
1128,100.0,562.5
1128,100.0,581.5
1128,100.0,606.5
1128,100.0,654.5
1128,100.0,679.5
1128,100.0,696.5
1128,100.0,704.5
1128,100.0,708.5
1128,100.0,719.5
1128,100.0,726.5
1128,100.0,746.5
1128,100.0,777.5
1128,100.0,786.5
1129,100.0,10.5
1129,100.0,12.5
1129,100.0,46.5
1129,100.0,113.5
1129,100.0,115.5
1129,100.0,116.5
1129,100.0,163.5
1129,100.0,166.5
1129,100.0,185.5
1129,100.0,197.5
1129,100.0,207.5
1129,100.0,237.5
1129,100.0,251.5
1129,100.0,259.5
1129,100.0,263.5
1129,100.0,271.5
1129,100.0,314.5
1129,100.0,343.5
1129,100.0,356.5
1129,100.0,394.5
1129,100.0,395.5
1129,100.0,433.5
1129,100.0,435.5
1129,100.0,453.5
1129,100.0,476.5
1129,100.0,587.5
1129,100.0,591.5
1129,100.0,592.5
1129,100.0,595.5
1129,100.0,615.5
1129,100.0,622.5
1129,100.0,663.5
1129,100.0,738.5
1129,100.0,770.5
1129,100.0,778.5
1130,100.0,13.5
1130,100.0,76.5
1130,100.0,77.5
1130,100.0,89.5
1130,100.0,91.5
1130,100.0,97.5
1130,100.0,107.5
1130,100.0,110.5
1130,100.0,131.5
1130,100.0,213.5
1130,100.0,232.5
1130,100.0,259.5
1130,100.0,294.5
1130,100.0,300.5
1130,100.0,334.5
1130,100.0,338.5
1130,100.0,347.5
1130,100.0,373.5
1130,100.0,548.5
1130,100.0,555.5
1130,100.0,573.5
1130,100.0,589.5
1130,100.0,594.5
1130,100.0,601.5
1130,100.0,629.5
1130,100.0,638.5
1130,100.0,643.5
1130,100.0,644.5
1130,100.0,661.5
1130,100.0,754.5
1130,100.0,760.5
1130,100.0,776.5
1130,100.0,786.5
1130,100.0,793.5
1131,100.0,19.5
1131,100.0,36.5
1131,100.0,45.5
1131,100.0,49.5
1131,100.0,62.5
1131,100.0,88.5
1131,100.0,116.5
1131,100.0,118.5
1131,100.0,137.5
1131,100.0,164.5
1131,100.0,170.5
1131,100.0,174.5
1131,100.0,176.5
1131,100.0,182.5
1131,100.0,193.5
1131,100.0,197.5
1131,100.0,199.5
1131,100.0,208.5
1131,100.0,308.5
1131,100.0,327.5
1131,100.0,347.5
1131,100.0,348.5
1131,100.0,352.5
1131,100.0,381.5
1131,100.0,426.5
1131,100.0,441.5
1131,100.0,457.5
1131,100.0,476.5
1131,100.0,516.5
1131,100.0,542.5
1131,100.0,574.5
1131,100.0,646.5
1131,100.0,649.5
1131,100.0,661.5
1131,100.0,677.5
1131,100.0,678.5
1131,100.0,685.5
1131,100.0,784.5
1132,100.0,1.5
1132,100.0,39.5
1132,100.0,163.5
1132,100.0,179.5
1132,100.0,246.5
1132,100.0,248.5
1132,100.0,337.5
1132,100.0,346.5
1132,100.0,347.5
1132,100.0,359.5
1132,100.0,402.5
1132,100.0,452.5
1132,100.0,486.5
1132,100.0,515.5
1132,100.0,528.5
1132,100.0,566.5
1132,100.0,567.5
1132,100.0,615.5
1132,100.0,661.5
1132,100.0,695.5
1132,100.0,702.5
1132,100.0,736.5
1132,100.0,769.5
1133,100.0,45.5
1133,100.0,60.5
1133,100.0,125.5
1133,100.0,176.5
1133,100.0,219.5
1133,100.0,289.5
1133,100.0,304.5
1133,100.0,317.5
1133,100.0,355.5
1133,100.0,387.5
1133,100.0,402.5
1133,100.0,415.5
1133,100.0,438.5
1133,100.0,445.5
1133,100.0,456.5
1133,100.0,547.5
1133,100.0,554.5
1133,100.0,625.5
1133,100.0,640.5
1133,100.0,661.5
1133,100.0,670.5
1133,100.0,681.5
1133,100.0,708.5
1133,100.0,759.5
1133,100.0,779.5
1133,100.0,786.5
1134,100.0,70.5
1134,100.0,75.5
1134,100.0,94.5
1134,100.0,187.5
1134,100.0,282.5
1134,100.0,283.5
1134,100.0,332.5
1134,100.0,366.5
1134,100.0,417.5
1134,100.0,428.5
1134,100.0,558.5
1134,100.0,559.5
1134,100.0,593.5
1134,100.0,616.5
1134,100.0,638.5
1134,100.0,684.5
1134,100.0,689.5
1134,100.0,736.5
1134,100.0,761.5
1134,100.0,797.5
1135,100.0,3.5
1135,100.0,31.5
1135,100.0,53.5
1135,100.0,62.5
1135,100.0,87.5
1135,100.0,104.5
1135,100.0,175.5
1135,100.0,186.5
1135,100.0,258.5
1135,100.0,311.5
1135,100.0,376.5
1135,100.0,389.5
1135,100.0,411.5
1135,100.0,447.5
1135,100.0,483.5
1135,100.0,488.5
1135,100.0,530.5
1135,100.0,545.5
1135,100.0,554.5
1135,100.0,579.5
1135,100.0,596.5
1135,100.0,617.5
1135,100.0,676.5
1135,100.0,691.5
1135,100.0,697.5
1135,100.0,701.5
1135,100.0,709.5
1135,100.0,728.5
1135,100.0,751.5
1135,100.0,788.5
1136,100.0,24.5
1136,100.0,55.5
1136,100.0,73.5
1136,100.0,82.5
1136,100.0,83.5
1136,100.0,94.5
1136,100.0,147.5
1136,100.0,168.5
1136,100.0,173.5
1136,100.0,193.5
1136,100.0,214.5
1136,100.0,220.5
1136,100.0,230.5
1136,100.0,240.5
1136,100.0,245.5
1136,100.0,316.5
1136,100.0,318.5
1136,100.0,388.5
1136,100.0,389.5
1136,100.0,451.5
1136,100.0,463.5
1136,100.0,472.5
1136,100.0,504.5
1136,100.0,512.5
1136,100.0,517.5
1136,100.0,572.5
1136,100.0,582.5
1136,100.0,587.5
1136,100.0,651.5
1136,100.0,698.5
1136,100.0,760.5
1136,100.0,768.5
1137,100.0,32.5
1137,100.0,42.5
1137,100.0,109.5
1137,100.0,136.5
1137,100.0,137.5
1137,100.0,143.5
1137,100.0,192.5
1137,100.0,196.5
1137,100.0,265.5
1137,100.0,302.5
1137,100.0,306.5
1137,100.0,334.5
1137,100.0,354.5
1137,100.0,402.5
1137,100.0,409.5
1137,100.0,441.5
1137,100.0,449.5
1137,100.0,471.5
1137,100.0,485.5
1137,100.0,486.5
1137,100.0,500.5
1137,100.0,528.5
1137,100.0,540.5
1137,100.0,565.5
1137,100.0,668.5
1137,100.0,707.5
1137,100.0,714.5
1137,100.0,726.5
1137,100.0,797.5
1138,100.0,126.5
1138,100.0,146.5
1138,100.0,169.5
1138,100.0,211.5
1138,100.0,235.5
1138,100.0,292.5
1138,100.0,381.5
1138,100.0,390.5
1138,100.0,442.5
1138,100.0,484.5
1138,100.0,496.5
1138,100.0,556.5
1138,100.0,602.5
1138,100.0,653.5
1138,100.0,686.5
1138,100.0,716.5
1138,100.0,741.5
1138,100.0,751.5
1139,100.0,2.5
1139,100.0,40.5
1139,100.0,46.5
1139,100.0,61.5
1139,100.0,96.5
1139,100.0,112.5
1139,100.0,144.5
1139,100.0,220.5
1139,100.0,246.5
1139,100.0,247.5
1139,100.0,253.5
1139,100.0,257.5
1139,100.0,275.5
1139,100.0,287.5
1139,100.0,303.5
1139,100.0,308.5
1139,100.0,385.5
1139,100.0,483.5
1139,100.0,499.5
1139,100.0,520.5
1139,100.0,545.5
1139,100.0,561.5
1139,100.0,575.5
1139,100.0,577.5
1139,100.0,578.5
1139,100.0,615.5
1139,100.0,616.5
1139,100.0,689.5
1139,100.0,724.5
1139,100.0,728.5
1139,100.0,782.5
1140,100.0,23.5
1140,100.0,54.5
1140,100.0,56.5
1140,100.0,65.5
1140,100.0,93.5
1140,100.0,101.5
1140,100.0,134.5
1140,100.0,160.5
1140,100.0,219.5
1140,100.0,231.5
1140,100.0,249.5
1140,100.0,254.5
1140,100.0,270.5
1140,100.0,278.5
1140,100.0,325.5
1140,100.0,373.5
1140,100.0,384.5
1140,100.0,408.5
1140,100.0,510.5
1140,100.0,519.5
1140,100.0,527.5
1140,100.0,530.5
1140,100.0,535.5
1140,100.0,552.5
1140,100.0,561.5
1140,100.0,595.5
1140,100.0,601.5
1140,100.0,613.5
1140,100.0,638.5
1140,100.0,647.5
1140,100.0,672.5
1140,100.0,701.5
1140,100.0,718.5
1140,100.0,728.5
1140,100.0,757.5
1140,100.0,770.5
1140,100.0,795.5
1141,100.0,10.5
1141,100.0,32.5
1141,100.0,71.5
1141,100.0,83.5
1141,100.0,88.5
1141,100.0,90.5
1141,100.0,96.5
1141,100.0,140.5
1141,100.0,146.5
1141,100.0,225.5
1141,100.0,234.5
1141,100.0,250.5
1141,100.0,263.5
1141,100.0,266.5
1141,100.0,287.5
1141,100.0,332.5
1141,100.0,338.5
1141,100.0,341.5
1141,100.0,342.5
1141,100.0,348.5
1141,100.0,387.5
1141,100.0,398.5
1141,100.0,408.5
1141,100.0,411.5
1141,100.0,422.5
1141,100.0,483.5
1141,100.0,503.5
1141,100.0,522.5
1141,100.0,543.5
1141,100.0,552.5
1141,100.0,558.5
1141,100.0,578.5
1141,100.0,607.5
1141,100.0,633.5
1141,100.0,636.5
1141,100.0,651.5
1141,100.0,654.5
1141,100.0,687.5
1141,100.0,696.5
1141,100.0,704.5
1141,100.0,746.5
1141,100.0,767.5
1141,100.0,768.5
1141,100.0,780.5
1142,100.0,3.5
1142,100.0,75.5
1142,100.0,243.5
1142,100.0,255.5
1142,100.0,266.5
1142,100.0,292.5
1142,100.0,306.5
1142,100.0,309.5
1142,100.0,331.5
1142,100.0,348.5
1142,100.0,358.5
1142,100.0,361.5
1142,100.0,394.5
1142,100.0,400.5
1142,100.0,487.5
1142,100.0,537.5
1142,100.0,557.5
1142,100.0,563.5
1142,100.0,643.5
1142,100.0,693.5
1142,100.0,698.5
1142,100.0,709.5
1142,100.0,725.5
1142,100.0,750.5
1142,100.0,766.5
1142,100.0,771.5
1143,100.0,70.5
1143,100.0,74.5
1143,100.0,95.5
1143,100.0,110.5
1143,100.0,115.5
1143,100.0,127.5
1143,100.0,159.5
1143,100.0,165.5
1143,100.0,203.5
1143,100.0,213.5
1143,100.0,254.5
1143,100.0,298.5
1143,100.0,300.5
1143,100.0,308.5
1143,100.0,321.5
1143,100.0,328.5
1143,100.0,347.5
1143,100.0,366.5
1143,100.0,395.5
1143,100.0,452.5
1143,100.0,454.5
1143,100.0,459.5
1143,100.0,460.5
1143,100.0,495.5
1143,100.0,504.5
1143,100.0,527.5
1143,100.0,551.5
1143,100.0,581.5
1143,100.0,607.5
1143,100.0,610.5
1143,100.0,613.5
1143,100.0,644.5
1143,100.0,703.5
1143,100.0,735.5
1143,100.0,742.5
1143,100.0,764.5
1144,100.0,67.5
1144,100.0,92.5
1144,100.0,114.5
1144,100.0,116.5
1144,100.0,143.5
1144,100.0,160.5
1144,100.0,218.5
1144,100.0,239.5
1144,100.0,245.5
1144,100.0,251.5
1144,100.0,261.5
1144,100.0,262.5
1144,100.0,290.5
1144,100.0,336.5
1144,100.0,370.5
1144,100.0,380.5
1144,100.0,392.5
1144,100.0,473.5
1144,100.0,515.5
1144,100.0,559.5
1144,100.0,588.5
1144,100.0,592.5
1144,100.0,616.5
1144,100.0,617.5
1144,100.0,654.5
1144,100.0,658.5
1144,100.0,689.5
1144,100.0,698.5
1144,100.0,699.5
1144,100.0,711.5
1144,100.0,721.5
1144,100.0,726.5
1144,100.0,768.5
1144,100.0,793.5
1145,100.0,23.5
1145,100.0,24.5
1145,100.0,40.5
1145,100.0,80.5
1145,100.0,100.5
1145,100.0,167.5
1145,100.0,183.5
1145,100.0,204.5
1145,100.0,218.5
1145,100.0,232.5
1145,100.0,239.5
1145,100.0,242.5
1145,100.0,262.5
1145,100.0,265.5
1145,100.0,286.5
1145,100.0,306.5
1145,100.0,308.5
1145,100.0,315.5
1145,100.0,352.5
1145,100.0,355.5
1145,100.0,396.5
1145,100.0,397.5
1145,100.0,402.5
1145,100.0,444.5
1145,100.0,446.5
1145,100.0,467.5
1145,100.0,476.5
1145,100.0,478.5
1145,100.0,482.5
1145,100.0,497.5
1145,100.0,524.5
1145,100.0,570.5
1145,100.0,597.5
1145,100.0,606.5
1145,100.0,609.5
1145,100.0,622.5
1145,100.0,640.5
1145,100.0,648.5
1145,100.0,676.5
1145,100.0,716.5
1145,100.0,751.5
1145,100.0,763.5
1145,100.0,771.5
1145,100.0,796.5
1146,100.0,11.5
1146,100.0,32.5
1146,100.0,34.5
1146,100.0,57.5
1146,100.0,83.5
1146,100.0,92.5
1146,100.0,152.5
1146,100.0,169.5
1146,100.0,180.5
1146,100.0,195.5
1146,100.0,202.5
1146,100.0,204.5
1146,100.0,210.5
1146,100.0,216.5
1146,100.0,220.5
1146,100.0,243.5
1146,100.0,247.5
1146,100.0,252.5
1146,100.0,275.5
1146,100.0,287.5
1146,100.0,299.5
1146,100.0,343.5
1146,100.0,356.5
1146,100.0,360.5
1146,100.0,362.5
1146,100.0,390.5
1146,100.0,434.5
1146,100.0,464.5
1146,100.0,468.5
1146,100.0,494.5
1146,100.0,499.5
1146,100.0,524.5
1146,100.0,529.5
1146,100.0,560.5
1146,100.0,603.5
1146,100.0,604.5
1146,100.0,618.5
1146,100.0,654.5
1146,100.0,660.5
1146,100.0,688.5
1146,100.0,695.5
1146,100.0,703.5
1146,100.0,729.5
1146,100.0,744.5
1146,100.0,765.5
1146,100.0,766.5
1146,100.0,794.5
1147,100.0,23.5
1147,100.0,98.5
1147,100.0,124.5
1147,100.0,143.5
1147,100.0,162.5
1147,100.0,188.5
1147,100.0,279.5
1147,100.0,283.5
1147,100.0,298.5
1147,100.0,333.5
1147,100.0,362.5
1147,100.0,363.5
1147,100.0,391.5
1147,100.0,436.5
1147,100.0,465.5
1147,100.0,487.5
1147,100.0,598.5
1147,100.0,603.5
1147,100.0,634.5
1147,100.0,683.5
1147,100.0,697.5
1147,100.0,719.5
1147,100.0,759.5
1147,100.0,760.5
1147,100.0,772.5
1148,100.0,38.5
1148,100.0,62.5
1148,100.0,75.5
1148,100.0,143.5
1148,100.0,208.5
1148,100.0,214.5
1148,100.0,219.5
1148,100.0,229.5
1148,100.0,294.5
1148,100.0,303.5
1148,100.0,327.5
1148,100.0,331.5
1148,100.0,335.5
1148,100.0,354.5
1148,100.0,388.5
1148,100.0,422.5
1148,100.0,427.5
1148,100.0,449.5
1148,100.0,468.5
1148,100.0,475.5
1148,100.0,496.5
1148,100.0,522.5
1148,100.0,538.5
1148,100.0,544.5
1148,100.0,560.5
1148,100.0,579.5
1148,100.0,602.5
1148,100.0,632.5
1148,100.0,635.5
1148,100.0,637.5
1148,100.0,641.5
1148,100.0,689.5
1148,100.0,724.5
1148,100.0,740.5
1148,100.0,746.5
1148,100.0,775.5
1148,100.0,777.5
1148,100.0,778.5
1148,100.0,790.5
1148,100.0,791.5
1148,100.0,792.5
1149,100.0,0.5
1149,100.0,33.5
1149,100.0,47.5
1149,100.0,53.5
1149,100.0,96.5
1149,100.0,107.5
1149,100.0,172.5
1149,100.0,196.5
1149,100.0,213.5
1149,100.0,245.5
1149,100.0,263.5
1149,100.0,268.5
1149,100.0,272.5
1149,100.0,283.5
1149,100.0,294.5
1149,100.0,306.5
1149,100.0,333.5
1149,100.0,355.5
1149,100.0,404.5
1149,100.0,411.5
1149,100.0,443.5
1149,100.0,479.5
1149,100.0,518.5
1149,100.0,539.5
1149,100.0,540.5
1149,100.0,554.5
1149,100.0,613.5
1149,100.0,625.5
1149,100.0,674.5
1149,100.0,679.5
1149,100.0,708.5
1149,100.0,721.5
1149,100.0,742.5
1149,100.0,796.5
1150,100.0,55.5
1150,100.0,171.5
1150,100.0,201.5
1150,100.0,321.5
1150,100.0,385.5
1150,100.0,408.5
1150,100.0,454.5
1150,100.0,470.5
1150,100.0,545.5
1150,100.0,736.5
1150,100.0,771.5
1151,100.0,36.5
1151,100.0,188.5
1151,100.0,253.5
1151,100.0,261.5
1151,100.0,288.5
1151,100.0,331.5
1151,100.0,372.5
1151,100.0,402.5
1151,100.0,406.5
1151,100.0,450.5
1151,100.0,454.5
1151,100.0,456.5
1151,100.0,477.5
1151,100.0,494.5
1151,100.0,538.5
1151,100.0,540.5
1151,100.0,581.5
1151,100.0,589.5
1151,100.0,625.5
1151,100.0,657.5
1151,100.0,671.5
1151,100.0,673.5
1151,100.0,717.5
1151,100.0,737.5
1151,100.0,746.5
1151,100.0,766.5
1151,100.0,776.5
1151,100.0,780.5
1151,100.0,786.5
1152,100.0,23.5
1152,100.0,32.5
1152,100.0,40.5
1152,100.0,81.5
1152,100.0,87.5
1152,100.0,94.5
1152,100.0,101.5
1152,100.0,118.5
1152,100.0,120.5
1152,100.0,142.5
1152,100.0,184.5
1152,100.0,209.5
1152,100.0,216.5
1152,100.0,221.5
1152,100.0,244.5
1152,100.0,245.5
1152,100.0,271.5
1152,100.0,287.5
1152,100.0,290.5
1152,100.0,300.5
1152,100.0,372.5
1152,100.0,379.5
1152,100.0,392.5
1152,100.0,401.5
1152,100.0,404.5
1152,100.0,416.5
1152,100.0,430.5
1152,100.0,511.5
1152,100.0,551.5
1152,100.0,570.5
1152,100.0,571.5
1152,100.0,590.5
1152,100.0,595.5
1152,100.0,609.5
1152,100.0,637.5
1152,100.0,641.5
1152,100.0,645.5
1152,100.0,683.5
1152,100.0,693.5
1152,100.0,711.5
1152,100.0,713.5
1152,100.0,733.5
1152,100.0,775.5
1152,100.0,787.5
1153,100.0,39.5
1153,100.0,40.5
1153,100.0,55.5
1153,100.0,67.5
1153,100.0,88.5
1153,100.0,111.5
1153,100.0,118.5
1153,100.0,203.5
1153,100.0,244.5
1153,100.0,297.5
1153,100.0,299.5
1153,100.0,336.5
1153,100.0,432.5
1153,100.0,435.5
1153,100.0,444.5
1153,100.0,500.5
1153,100.0,506.5
1153,100.0,510.5
1153,100.0,623.5
1153,100.0,644.5
1153,100.0,680.5
1153,100.0,681.5
1153,100.0,713.5
1153,100.0,744.5
1153,100.0,753.5
1153,100.0,754.5
1154,100.0,11.5
1154,100.0,31.5
1154,100.0,56.5
1154,100.0,82.5
1154,100.0,88.5
1154,100.0,103.5
1154,100.0,231.5
1154,100.0,245.5
1154,100.0,270.5
1154,100.0,279.5
1154,100.0,343.5
1154,100.0,407.5
1154,100.0,409.5
1154,100.0,497.5
1154,100.0,517.5
1154,100.0,547.5
1154,100.0,578.5
1154,100.0,600.5
1154,100.0,632.5
1154,100.0,654.5
1154,100.0,671.5
1154,100.0,698.5
1154,100.0,703.5
1154,100.0,741.5
1154,100.0,749.5
1154,100.0,796.5
1155,100.0,26.5
1155,100.0,28.5
1155,100.0,44.5
1155,100.0,104.5
1155,100.0,120.5
1155,100.0,122.5
1155,100.0,127.5
1155,100.0,180.5
1155,100.0,201.5
1155,100.0,202.5
1155,100.0,216.5
1155,100.0,285.5
1155,100.0,310.5
1155,100.0,324.5
1155,100.0,329.5
1155,100.0,356.5
1155,100.0,376.5
1155,100.0,437.5
1155,100.0,449.5
1155,100.0,450.5
1155,100.0,462.5
1155,100.0,465.5
1155,100.0,466.5
1155,100.0,472.5
1155,100.0,507.5
1155,100.0,511.5
1155,100.0,518.5
1155,100.0,552.5
1155,100.0,566.5
1155,100.0,601.5
1155,100.0,634.5
1155,100.0,636.5
1155,100.0,658.5
1155,100.0,739.5
1155,100.0,742.5
1155,100.0,771.5
1155,100.0,780.5
1155,100.0,790.5
1155,100.0,796.5
1156,100.0,72.5
1156,100.0,97.5
1156,100.0,104.5
1156,100.0,127.5
1156,100.0,152.5
1156,100.0,168.5
1156,100.0,194.5
1156,100.0,219.5
1156,100.0,261.5
1156,100.0,265.5
1156,100.0,267.5
1156,100.0,322.5
1156,100.0,338.5
1156,100.0,341.5
1156,100.0,369.5
1156,100.0,390.5
1156,100.0,402.5
1156,100.0,411.5
1156,100.0,462.5
1156,100.0,537.5
1156,100.0,543.5
1156,100.0,556.5
1156,100.0,578.5
1156,100.0,584.5
1156,100.0,590.5
1156,100.0,606.5
1156,100.0,632.5
1156,100.0,634.5
1156,100.0,640.5
1156,100.0,726.5
1156,100.0,733.5
1156,100.0,752.5
1156,100.0,795.5
1157,100.0,10.5
1157,100.0,32.5
1157,100.0,44.5
1157,100.0,58.5
1157,100.0,77.5
1157,100.0,97.5
1157,100.0,170.5
1157,100.0,190.5
1157,100.0,203.5
1157,100.0,220.5
1157,100.0,253.5
1157,100.0,258.5
1157,100.0,375.5
1157,100.0,435.5
1157,100.0,442.5
1157,100.0,485.5
1157,100.0,525.5
1157,100.0,567.5
1157,100.0,587.5
1157,100.0,591.5
1157,100.0,607.5
1157,100.0,625.5
1157,100.0,640.5
1157,100.0,656.5
1157,100.0,675.5
1157,100.0,677.5
1157,100.0,699.5
1157,100.0,756.5
1157,100.0,791.5
1158,100.0,58.5
1158,100.0,60.5
1158,100.0,79.5
1158,100.0,100.5
1158,100.0,149.5
1158,100.0,177.5
1158,100.0,204.5
1158,100.0,273.5
1158,100.0,318.5
1158,100.0,335.5
1158,100.0,366.5
1158,100.0,370.5
1158,100.0,375.5
1158,100.0,404.5
1158,100.0,425.5
1158,100.0,444.5
1158,100.0,445.5
1158,100.0,453.5
1158,100.0,495.5
1158,100.0,515.5
1158,100.0,524.5
1158,100.0,539.5
1158,100.0,541.5
1158,100.0,555.5
1158,100.0,565.5
1158,100.0,572.5
1158,100.0,578.5
1158,100.0,587.5
1158,100.0,593.5
1158,100.0,594.5
1158,100.0,603.5
1158,100.0,634.5
1158,100.0,643.5
1158,100.0,655.5
1158,100.0,659.5
1158,100.0,683.5
1158,100.0,685.5
1158,100.0,689.5
1158,100.0,706.5
1158,100.0,719.5
1158,100.0,733.5
1158,100.0,776.5
1158,100.0,791.5
1159,100.0,25.5
1159,100.0,44.5
1159,100.0,66.5
1159,100.0,91.5
1159,100.0,139.5
1159,100.0,196.5
1159,100.0,197.5
1159,100.0,198.5
1159,100.0,200.5
1159,100.0,229.5
1159,100.0,248.5
1159,100.0,287.5
1159,100.0,307.5
1159,100.0,309.5
1159,100.0,325.5
1159,100.0,337.5
1159,100.0,345.5
1159,100.0,373.5
1159,100.0,397.5
1159,100.0,419.5
1159,100.0,495.5
1159,100.0,501.5
1159,100.0,507.5
1159,100.0,516.5
1159,100.0,520.5
1159,100.0,527.5
1159,100.0,585.5
1159,100.0,609.5
1159,100.0,616.5
1159,100.0,618.5
1159,100.0,741.5
1159,100.0,745.5
1159,100.0,749.5
1159,100.0,752.5
1159,100.0,762.5
1159,100.0,783.5
1159,100.0,798.5
1160,100.0,54.5
1160,100.0,82.5
1160,100.0,88.5
1160,100.0,90.5
1160,100.0,102.5
1160,100.0,126.5
1160,100.0,180.5
1160,100.0,192.5
1160,100.0,216.5
1160,100.0,218.5
1160,100.0,222.5
1160,100.0,228.5
1160,100.0,240.5
1160,100.0,256.5
1160,100.0,265.5
1160,100.0,286.5
1160,100.0,344.5
1160,100.0,372.5
1160,100.0,374.5
1160,100.0,400.5
1160,100.0,410.5
1160,100.0,411.5
1160,100.0,414.5
1160,100.0,416.5
1160,100.0,420.5
1160,100.0,424.5
1160,100.0,428.5
1160,100.0,449.5
1160,100.0,493.5
1160,100.0,548.5
1160,100.0,558.5
1160,100.0,574.5
1160,100.0,599.5
1160,100.0,627.5
1160,100.0,638.5
1160,100.0,649.5
1160,100.0,652.5
1160,100.0,686.5
1160,100.0,691.5
1160,100.0,696.5
1160,100.0,753.5
1160,100.0,780.5
1160,100.0,783.5
1161,100.0,42.5
1161,100.0,97.5
1161,100.0,132.5
1161,100.0,165.5
1161,100.0,264.5
1161,100.0,266.5
1161,100.0,329.5
1161,100.0,363.5
1161,100.0,456.5
1161,100.0,488.5
1161,100.0,563.5
1161,100.0,568.5
1161,100.0,623.5
1161,100.0,639.5
1161,100.0,655.5
1161,100.0,679.5
1161,100.0,682.5
1161,100.0,688.5
1161,100.0,738.5
1161,100.0,771.5
1161,100.0,777.5
1161,100.0,789.5
1162,100.0,12.5
1162,100.0,19.5
1162,100.0,92.5
1162,100.0,116.5
1162,100.0,123.5
1162,100.0,169.5
1162,100.0,178.5
1162,100.0,190.5
1162,100.0,192.5
1162,100.0,230.5
1162,100.0,273.5
1162,100.0,315.5
1162,100.0,337.5
1162,100.0,339.5
1162,100.0,352.5
1162,100.0,376.5
1162,100.0,391.5
1162,100.0,422.5
1162,100.0,435.5
1162,100.0,443.5
1162,100.0,445.5
1162,100.0,446.5
1162,100.0,473.5
1162,100.0,498.5
1162,100.0,517.5
1162,100.0,557.5
1162,100.0,583.5
1162,100.0,648.5
1162,100.0,672.5
1162,100.0,732.5
1162,100.0,734.5
1162,100.0,742.5
1163,100.0,7.5
1163,100.0,26.5
1163,100.0,62.5
1163,100.0,70.5
1163,100.0,85.5
1163,100.0,107.5
1163,100.0,123.5
1163,100.0,136.5
1163,100.0,162.5
1163,100.0,202.5
1163,100.0,226.5
1163,100.0,261.5
1163,100.0,286.5
1163,100.0,347.5
1163,100.0,354.5
1163,100.0,374.5
1163,100.0,415.5
1163,100.0,417.5
1163,100.0,477.5
1163,100.0,505.5
1163,100.0,547.5
1163,100.0,605.5
1163,100.0,616.5
1163,100.0,648.5
1163,100.0,670.5
1163,100.0,689.5
1163,100.0,695.5
1163,100.0,723.5
1163,100.0,775.5
1163,100.0,798.5
1163,100.0,799.5
1164,100.0,5.5
1164,100.0,14.5
1164,100.0,18.5
1164,100.0,24.5
1164,100.0,69.5
1164,100.0,80.5
1164,100.0,86.5
1164,100.0,91.5
1164,100.0,95.5
1164,100.0,119.5
1164,100.0,142.5
1164,100.0,192.5
1164,100.0,235.5
1164,100.0,248.5
1164,100.0,249.5
1164,100.0,250.5
1164,100.0,280.5
1164,100.0,313.5
1164,100.0,315.5
1164,100.0,326.5
1164,100.0,328.5
1164,100.0,366.5
1164,100.0,390.5
1164,100.0,419.5
1164,100.0,506.5
1164,100.0,507.5
1164,100.0,521.5
1164,100.0,581.5
1164,100.0,586.5
1164,100.0,587.5
1164,100.0,595.5
1164,100.0,622.5
1164,100.0,646.5
1164,100.0,682.5
1164,100.0,686.5
1164,100.0,698.5
1164,100.0,716.5
1164,100.0,739.5
1164,100.0,752.5
1164,100.0,755.5
1165,100.0,36.5
1165,100.0,43.5
1165,100.0,53.5
1165,100.0,64.5
1165,100.0,68.5
1165,100.0,83.5
1165,100.0,86.5
1165,100.0,91.5
1165,100.0,110.5
1165,100.0,140.5
1165,100.0,166.5
1165,100.0,183.5
1165,100.0,184.5
1165,100.0,187.5
1165,100.0,188.5
1165,100.0,223.5
1165,100.0,230.5
1165,100.0,238.5
1165,100.0,245.5
1165,100.0,296.5
1165,100.0,321.5
1165,100.0,322.5
1165,100.0,327.5
1165,100.0,334.5
1165,100.0,340.5
1165,100.0,342.5
1165,100.0,355.5
1165,100.0,387.5
1165,100.0,437.5
1165,100.0,488.5
1165,100.0,489.5
1165,100.0,535.5
1165,100.0,542.5
1165,100.0,569.5
1165,100.0,609.5
1165,100.0,616.5
1165,100.0,618.5
1165,100.0,637.5
1165,100.0,643.5
1165,100.0,697.5
1165,100.0,700.5
1165,100.0,702.5
1165,100.0,727.5
1165,100.0,731.5
1165,100.0,745.5
1166,100.0,12.5
1166,100.0,54.5
1166,100.0,58.5
1166,100.0,86.5
1166,100.0,112.5
1166,100.0,132.5
1166,100.0,161.5
1166,100.0,169.5
1166,100.0,260.5
1166,100.0,262.5
1166,100.0,387.5
1166,100.0,389.5
1166,100.0,418.5
1166,100.0,433.5
1166,100.0,447.5
1166,100.0,448.5
1166,100.0,489.5
1166,100.0,542.5
1166,100.0,553.5
1166,100.0,615.5
1166,100.0,632.5
1166,100.0,676.5
1166,100.0,696.5
1166,100.0,712.5
1166,100.0,783.5
1167,100.0,46.5
1167,100.0,98.5
1167,100.0,138.5
1167,100.0,158.5
1167,100.0,180.5
1167,100.0,184.5
1167,100.0,201.5
1167,100.0,259.5
1167,100.0,260.5
1167,100.0,406.5
1167,100.0,480.5
1167,100.0,491.5
1167,100.0,513.5
1167,100.0,694.5
1167,100.0,773.5
1168,100.0,13.5
1168,100.0,32.5
1168,100.0,38.5
1168,100.0,46.5
1168,100.0,59.5
1168,100.0,63.5
1168,100.0,78.5
1168,100.0,84.5
1168,100.0,128.5
1168,100.0,171.5
1168,100.0,198.5
1168,100.0,223.5
1168,100.0,238.5
1168,100.0,274.5
1168,100.0,275.5
1168,100.0,290.5
1168,100.0,313.5
1168,100.0,352.5
1168,100.0,355.5
1168,100.0,359.5
1168,100.0,377.5
1168,100.0,413.5
1168,100.0,450.5
1168,100.0,458.5
1168,100.0,459.5
1168,100.0,537.5
1168,100.0,599.5
1168,100.0,614.5
1168,100.0,622.5
1168,100.0,632.5
1168,100.0,637.5
1168,100.0,650.5
1168,100.0,672.5
1168,100.0,760.5
1168,100.0,764.5
1168,100.0,789.5
1168,100.0,793.5
1168,100.0,794.5
1169,100.0,74.5
1169,100.0,112.5
1169,100.0,117.5
1169,100.0,123.5
1169,100.0,138.5
1169,100.0,173.5
1169,100.0,177.5
1169,100.0,200.5
1169,100.0,203.5
1169,100.0,231.5
1169,100.0,240.5
1169,100.0,348.5
1169,100.0,381.5
1169,100.0,403.5
1169,100.0,426.5
1169,100.0,523.5
1169,100.0,553.5
1169,100.0,554.5
1169,100.0,590.5
1169,100.0,597.5
1169,100.0,601.5
1169,100.0,605.5
1169,100.0,622.5
1169,100.0,638.5
1169,100.0,718.5
1169,100.0,730.5
1169,100.0,734.5
1169,100.0,763.5
1170,100.0,3.5
1170,100.0,5.5
1170,100.0,22.5
1170,100.0,46.5
1170,100.0,49.5
1170,100.0,56.5
1170,100.0,66.5
1170,100.0,73.5
1170,100.0,74.5
1170,100.0,80.5
1170,100.0,107.5
1170,100.0,122.5
1170,100.0,137.5
1170,100.0,138.5
1170,100.0,145.5
1170,100.0,148.5
1170,100.0,180.5
1170,100.0,185.5
1170,100.0,219.5
1170,100.0,320.5
1170,100.0,329.5
1170,100.0,359.5
1170,100.0,394.5
1170,100.0,402.5
1170,100.0,404.5
1170,100.0,416.5
1170,100.0,438.5
1170,100.0,484.5
1170,100.0,509.5
1170,100.0,528.5
1170,100.0,562.5
1170,100.0,623.5
1170,100.0,627.5
1170,100.0,652.5
1170,100.0,666.5
1170,100.0,732.5
1171,100.0,50.5
1171,100.0,83.5
1171,100.0,90.5
1171,100.0,119.5
1171,100.0,123.5
1171,100.0,151.5
1171,100.0,161.5
1171,100.0,179.5
1171,100.0,181.5
1171,100.0,187.5
1171,100.0,204.5
1171,100.0,209.5
1171,100.0,216.5
1171,100.0,269.5
1171,100.0,281.5
1171,100.0,292.5
1171,100.0,295.5
1171,100.0,300.5
1171,100.0,301.5
1171,100.0,322.5
1171,100.0,328.5
1171,100.0,371.5
1171,100.0,376.5
1171,100.0,403.5
1171,100.0,480.5
1171,100.0,481.5
1171,100.0,586.5
1171,100.0,589.5
1171,100.0,593.5
1171,100.0,630.5
1171,100.0,661.5
1171,100.0,712.5
1171,100.0,717.5
1171,100.0,748.5
1172,100.0,10.5
1172,100.0,21.5
1172,100.0,25.5
1172,100.0,59.5
1172,100.0,60.5
1172,100.0,67.5
1172,100.0,81.5
1172,100.0,117.5
1172,100.0,140.5
1172,100.0,198.5
1172,100.0,226.5
1172,100.0,258.5
1172,100.0,293.5
1172,100.0,305.5
1172,100.0,320.5
1172,100.0,343.5
1172,100.0,344.5
1172,100.0,361.5
1172,100.0,362.5
1172,100.0,363.5
1172,100.0,367.5
1172,100.0,379.5
1172,100.0,447.5
1172,100.0,470.5
1172,100.0,480.5
1172,100.0,492.5
1172,100.0,505.5
1172,100.0,509.5
1172,100.0,512.5
1172,100.0,515.5
1172,100.0,524.5
1172,100.0,535.5
1172,100.0,537.5
1172,100.0,561.5
1172,100.0,564.5
1172,100.0,571.5
1172,100.0,578.5
1172,100.0,584.5
1172,100.0,627.5
1172,100.0,634.5
1172,100.0,640.5
1172,100.0,641.5
1172,100.0,685.5
1172,100.0,695.5
1172,100.0,721.5
1172,100.0,733.5
1172,100.0,757.5
1172,100.0,785.5
1173,100.0,17.5
1173,100.0,22.5
1173,100.0,37.5
1173,100.0,60.5
1173,100.0,62.5
1173,100.0,132.5
1173,100.0,157.5
1173,100.0,162.5
1173,100.0,176.5
1173,100.0,201.5
1173,100.0,217.5
1173,100.0,242.5
1173,100.0,251.5
1173,100.0,265.5
1173,100.0,361.5
1173,100.0,498.5
1173,100.0,503.5
1173,100.0,566.5
1173,100.0,571.5
1173,100.0,642.5
1173,100.0,672.5
1173,100.0,702.5
1173,100.0,723.5
1173,100.0,741.5
1173,100.0,742.5
1173,100.0,748.5
1173,100.0,763.5
1173,100.0,774.5
1174,100.0,13.5
1174,100.0,24.5
1174,100.0,34.5
1174,100.0,51.5
1174,100.0,82.5
1174,100.0,100.5
1174,100.0,126.5
1174,100.0,145.5
1174,100.0,159.5
1174,100.0,165.5
1174,100.0,169.5
1174,100.0,252.5
1174,100.0,270.5
1174,100.0,274.5
1174,100.0,308.5
1174,100.0,317.5
1174,100.0,322.5
1174,100.0,392.5
1174,100.0,422.5
1174,100.0,427.5
1174,100.0,449.5
1174,100.0,506.5
1174,100.0,509.5
1174,100.0,525.5
1174,100.0,548.5
1174,100.0,565.5
1174,100.0,608.5
1174,100.0,663.5
1174,100.0,670.5
1174,100.0,699.5
1174,100.0,712.5
1174,100.0,718.5
1174,100.0,734.5
1174,100.0,744.5
1175,100.0,0.5
1175,100.0,18.5
1175,100.0,47.5
1175,100.0,89.5
1175,100.0,250.5
1175,100.0,314.5
1175,100.0,458.5
1175,100.0,477.5
1175,100.0,514.5
1175,100.0,527.5
1175,100.0,547.5
1175,100.0,550.5
1175,100.0,650.5
1175,100.0,673.5
1175,100.0,694.5
1175,100.0,704.5
1175,100.0,789.5
1175,100.0,798.5
1176,100.0,15.5
1176,100.0,22.5
1176,100.0,44.5
1176,100.0,109.5
1176,100.0,131.5
1176,100.0,137.5
1176,100.0,157.5
1176,100.0,165.5
1176,100.0,177.5
1176,100.0,226.5
1176,100.0,257.5
1176,100.0,258.5
1176,100.0,290.5
1176,100.0,293.5
1176,100.0,323.5
1176,100.0,359.5
1176,100.0,408.5
1176,100.0,438.5
1176,100.0,442.5
1176,100.0,472.5
1176,100.0,481.5
1176,100.0,489.5
1176,100.0,492.5
1176,100.0,493.5
1176,100.0,497.5
1176,100.0,498.5
1176,100.0,511.5
1176,100.0,512.5
1176,100.0,526.5
1176,100.0,562.5
1176,100.0,564.5
1176,100.0,585.5
1176,100.0,588.5
1176,100.0,622.5
1176,100.0,632.5
1176,100.0,642.5
1176,100.0,653.5
1176,100.0,670.5
1176,100.0,685.5
1176,100.0,693.5
1176,100.0,713.5
1176,100.0,719.5
1176,100.0,736.5
1176,100.0,745.5
1177,100.0,51.5
1177,100.0,58.5
1177,100.0,86.5
1177,100.0,108.5
1177,100.0,165.5
1177,100.0,184.5
1177,100.0,221.5
1177,100.0,255.5
1177,100.0,282.5
1177,100.0,405.5
1177,100.0,425.5
1177,100.0,436.5
1177,100.0,493.5
1177,100.0,617.5
1177,100.0,631.5
1177,100.0,640.5
1177,100.0,652.5
1177,100.0,672.5
1177,100.0,712.5
1177,100.0,757.5
1177,100.0,767.5
1178,100.0,52.5
1178,100.0,108.5
1178,100.0,136.5
1178,100.0,180.5
1178,100.0,193.5
1178,100.0,200.5
1178,100.0,221.5
1178,100.0,241.5
1178,100.0,268.5
1178,100.0,350.5
1178,100.0,374.5
1178,100.0,438.5
1178,100.0,459.5
1178,100.0,461.5
1178,100.0,497.5
1178,100.0,543.5
1178,100.0,549.5
1178,100.0,555.5
1178,100.0,558.5
1178,100.0,560.5
1178,100.0,566.5
1178,100.0,582.5
1178,100.0,617.5
1178,100.0,644.5
1178,100.0,681.5
1178,100.0,685.5
1178,100.0,731.5
1178,100.0,732.5
1178,100.0,754.5
1178,100.0,770.5
1178,100.0,771.5
1178,100.0,777.5
1178,100.0,778.5
1178,100.0,793.5
1179,100.0,107.5
1179,100.0,108.5
1179,100.0,119.5
1179,100.0,172.5
1179,100.0,198.5
1179,100.0,218.5
1179,100.0,250.5
1179,100.0,252.5
1179,100.0,266.5
1179,100.0,329.5
1179,100.0,347.5
1179,100.0,348.5
1179,100.0,352.5
1179,100.0,451.5
1179,100.0,471.5
1179,100.0,507.5
1179,100.0,516.5
1179,100.0,542.5
1179,100.0,551.5
1179,100.0,617.5
1179,100.0,632.5
1179,100.0,651.5
1179,100.0,659.5
1179,100.0,661.5
1179,100.0,665.5
1179,100.0,666.5
1179,100.0,667.5
1179,100.0,705.5
1179,100.0,712.5
1179,100.0,778.5
1179,100.0,784.5
1179,100.0,787.5
1180,100.0,16.5
1180,100.0,29.5
1180,100.0,43.5
1180,100.0,47.5
1180,100.0,83.5
1180,100.0,101.5
1180,100.0,112.5
1180,100.0,116.5
1180,100.0,118.5
1180,100.0,119.5
1180,100.0,137.5
1180,100.0,156.5
1180,100.0,200.5
1180,100.0,214.5
1180,100.0,251.5
1180,100.0,268.5
1180,100.0,292.5
1180,100.0,298.5
1180,100.0,354.5
1180,100.0,404.5
1180,100.0,445.5
1180,100.0,450.5
1180,100.0,457.5
1180,100.0,526.5
1180,100.0,534.5
1180,100.0,540.5
1180,100.0,605.5
1180,100.0,615.5
1180,100.0,619.5
1180,100.0,730.5
1181,100.0,5.5
1181,100.0,6.5
1181,100.0,58.5
1181,100.0,82.5
1181,100.0,102.5
1181,100.0,114.5
1181,100.0,144.5
1181,100.0,218.5
1181,100.0,329.5
1181,100.0,365.5
1181,100.0,483.5
1181,100.0,534.5
1181,100.0,560.5
1181,100.0,602.5
1181,100.0,623.5
1181,100.0,678.5
1181,100.0,734.5
1181,100.0,743.5
1181,100.0,745.5
1181,100.0,772.5
1182,100.0,0.5
1182,100.0,48.5
1182,100.0,86.5
1182,100.0,101.5
1182,100.0,117.5
1182,100.0,179.5
1182,100.0,238.5
1182,100.0,312.5
1182,100.0,326.5
1182,100.0,386.5
1182,100.0,388.5
1182,100.0,413.5
1182,100.0,418.5
1182,100.0,428.5
1182,100.0,476.5
1182,100.0,626.5
1182,100.0,631.5
1182,100.0,639.5
1182,100.0,651.5
1182,100.0,658.5
1182,100.0,700.5
1182,100.0,711.5
1182,100.0,728.5
1183,100.0,11.5
1183,100.0,17.5
1183,100.0,30.5
1183,100.0,80.5
1183,100.0,81.5
1183,100.0,91.5
1183,100.0,116.5
1183,100.0,130.5
1183,100.0,134.5
1183,100.0,143.5
1183,100.0,160.5
1183,100.0,183.5
1183,100.0,237.5
1183,100.0,246.5
1183,100.0,278.5
1183,100.0,289.5
1183,100.0,355.5
1183,100.0,358.5
1183,100.0,375.5
1183,100.0,412.5
1183,100.0,429.5
1183,100.0,435.5
1183,100.0,448.5
1183,100.0,482.5
1183,100.0,509.5
1183,100.0,514.5
1183,100.0,550.5
1183,100.0,553.5
1183,100.0,573.5
1183,100.0,600.5
1183,100.0,618.5
1183,100.0,628.5
1183,100.0,634.5
1183,100.0,656.5
1183,100.0,698.5
1183,100.0,722.5
1183,100.0,739.5
1183,100.0,745.5
1183,100.0,756.5
1183,100.0,791.5
1183,100.0,795.5
1183,100.0,798.5
1184,100.0,8.5
1184,100.0,29.5
1184,100.0,64.5
1184,100.0,84.5
1184,100.0,93.5
1184,100.0,107.5
1184,100.0,144.5
1184,100.0,153.5
1184,100.0,174.5
1184,100.0,184.5
1184,100.0,255.5
1184,100.0,259.5
1184,100.0,273.5
1184,100.0,289.5
1184,100.0,317.5
1184,100.0,331.5
1184,100.0,344.5
1184,100.0,353.5
1184,100.0,410.5
1184,100.0,417.5
1184,100.0,433.5
1184,100.0,459.5
1184,100.0,486.5
1184,100.0,502.5
1184,100.0,505.5
1184,100.0,510.5
1184,100.0,513.5
1184,100.0,518.5
1184,100.0,521.5
1184,100.0,536.5
1184,100.0,568.5
1184,100.0,602.5
1184,100.0,632.5
1184,100.0,687.5
1184,100.0,729.5
1184,100.0,763.5
1184,100.0,770.5
1184,100.0,794.5
1185,100.0,6.5
1185,100.0,63.5
1185,100.0,111.5
1185,100.0,120.5
1185,100.0,129.5
1185,100.0,178.5
1185,100.0,193.5
1185,100.0,221.5
1185,100.0,228.5
1185,100.0,244.5
1185,100.0,257.5
1185,100.0,258.5
1185,100.0,270.5
1185,100.0,289.5
1185,100.0,519.5
1185,100.0,546.5
1185,100.0,560.5
1185,100.0,590.5
1185,100.0,613.5
1185,100.0,636.5
1185,100.0,657.5
1185,100.0,743.5
1185,100.0,761.5
1185,100.0,772.5
1185,100.0,779.5
1185,100.0,786.5
1185,100.0,793.5
1186,100.0,1.5
1186,100.0,3.5
1186,100.0,10.5
1186,100.0,39.5
1186,100.0,69.5
1186,100.0,76.5
1186,100.0,77.5
1186,100.0,99.5
1186,100.0,105.5
1186,100.0,119.5
1186,100.0,121.5
1186,100.0,149.5
1186,100.0,161.5
1186,100.0,168.5
1186,100.0,219.5
1186,100.0,228.5
1186,100.0,260.5
1186,100.0,360.5
1186,100.0,404.5
1186,100.0,455.5
1186,100.0,496.5
1186,100.0,500.5
1186,100.0,524.5
1186,100.0,525.5
1186,100.0,526.5
1186,100.0,545.5
1186,100.0,547.5
1186,100.0,574.5
1186,100.0,589.5
1186,100.0,604.5
1186,100.0,644.5
1186,100.0,658.5
1186,100.0,661.5
1186,100.0,662.5
1186,100.0,672.5
1186,100.0,686.5
1186,100.0,687.5
1186,100.0,697.5
1186,100.0,703.5
1186,100.0,722.5
1186,100.0,723.5
1186,100.0,778.5
1186,100.0,783.5
1187,100.0,16.5
1187,100.0,42.5
1187,100.0,48.5
1187,100.0,58.5
1187,100.0,97.5
1187,100.0,114.5
1187,100.0,121.5
1187,100.0,142.5
1187,100.0,156.5
1187,100.0,188.5
1187,100.0,194.5
1187,100.0,226.5
1187,100.0,227.5
1187,100.0,291.5
1187,100.0,295.5
1187,100.0,302.5
1187,100.0,310.5
1187,100.0,328.5
1187,100.0,329.5
1187,100.0,341.5
1187,100.0,352.5
1187,100.0,455.5
1187,100.0,467.5
1187,100.0,510.5
1187,100.0,520.5
1187,100.0,527.5
1187,100.0,552.5
1187,100.0,554.5
1187,100.0,570.5
1187,100.0,583.5
1187,100.0,585.5
1187,100.0,639.5
1187,100.0,693.5
1187,100.0,694.5
1187,100.0,701.5
1187,100.0,716.5
1187,100.0,739.5
1187,100.0,762.5
1187,100.0,779.5
1187,100.0,793.5
1188,100.0,32.5
1188,100.0,33.5
1188,100.0,44.5
1188,100.0,49.5
1188,100.0,50.5
1188,100.0,75.5
1188,100.0,112.5
1188,100.0,131.5
1188,100.0,135.5
1188,100.0,143.5
1188,100.0,155.5
1188,100.0,177.5
1188,100.0,188.5
1188,100.0,219.5
1188,100.0,258.5
1188,100.0,321.5
1188,100.0,332.5
1188,100.0,346.5
1188,100.0,347.5
1188,100.0,388.5
1188,100.0,406.5
1188,100.0,427.5
1188,100.0,449.5
1188,100.0,455.5
1188,100.0,459.5
1188,100.0,494.5
1188,100.0,501.5
1188,100.0,508.5
1188,100.0,513.5
1188,100.0,531.5
1188,100.0,540.5
1188,100.0,551.5
1188,100.0,553.5
1188,100.0,588.5
1188,100.0,611.5
1188,100.0,614.5
1188,100.0,669.5
1188,100.0,679.5
1188,100.0,702.5
1188,100.0,714.5
1188,100.0,727.5
1188,100.0,784.5
1188,100.0,791.5
1189,100.0,17.5
1189,100.0,29.5
1189,100.0,203.5
1189,100.0,204.5
1189,100.0,326.5
1189,100.0,343.5
1189,100.0,349.5
1189,100.0,359.5
1189,100.0,360.5
1189,100.0,369.5
1189,100.0,442.5
1189,100.0,449.5
1189,100.0,464.5
1189,100.0,482.5
1189,100.0,489.5
1189,100.0,534.5
1189,100.0,538.5
1189,100.0,550.5
1189,100.0,572.5
1189,100.0,681.5
1189,100.0,754.5
1189,100.0,782.5
1190,100.0,160.5
1190,100.0,206.5
1190,100.0,223.5
1190,100.0,226.5
1190,100.0,243.5
1190,100.0,246.5
1190,100.0,257.5
1190,100.0,270.5
1190,100.0,313.5
1190,100.0,331.5
1190,100.0,337.5
1190,100.0,381.5
1190,100.0,382.5
1190,100.0,407.5
1190,100.0,459.5
1190,100.0,482.5
1190,100.0,547.5
1190,100.0,557.5
1190,100.0,560.5
1190,100.0,569.5
1190,100.0,573.5
1190,100.0,614.5
1190,100.0,641.5
1190,100.0,649.5
1190,100.0,653.5
1190,100.0,691.5
1190,100.0,708.5
1190,100.0,711.5
1190,100.0,725.5
1190,100.0,730.5
1191,100.0,0.5
1191,100.0,19.5
1191,100.0,33.5
1191,100.0,56.5
1191,100.0,65.5
1191,100.0,101.5
1191,100.0,115.5
1191,100.0,116.5
1191,100.0,126.5
1191,100.0,155.5
1191,100.0,173.5
1191,100.0,201.5
1191,100.0,203.5
1191,100.0,204.5
1191,100.0,205.5
1191,100.0,207.5
1191,100.0,219.5
1191,100.0,251.5
1191,100.0,268.5
1191,100.0,273.5
1191,100.0,274.5
1191,100.0,301.5
1191,100.0,306.5
1191,100.0,307.5
1191,100.0,332.5
1191,100.0,334.5
1191,100.0,397.5
1191,100.0,413.5
1191,100.0,439.5
1191,100.0,440.5
1191,100.0,472.5
1191,100.0,473.5
1191,100.0,494.5
1191,100.0,511.5
1191,100.0,514.5
1191,100.0,520.5
1191,100.0,527.5
1191,100.0,608.5
1191,100.0,621.5
1191,100.0,634.5
1191,100.0,651.5
1191,100.0,664.5
1191,100.0,669.5
1191,100.0,701.5
1191,100.0,739.5
1191,100.0,767.5
1192,100.0,45.5
1192,100.0,50.5
1192,100.0,59.5
1192,100.0,77.5
1192,100.0,80.5
1192,100.0,84.5
1192,100.0,101.5
1192,100.0,132.5
1192,100.0,133.5
1192,100.0,143.5
1192,100.0,147.5
1192,100.0,152.5
1192,100.0,200.5
1192,100.0,219.5
1192,100.0,262.5
1192,100.0,321.5
1192,100.0,325.5
1192,100.0,339.5
1192,100.0,356.5
1192,100.0,392.5
1192,100.0,460.5
1192,100.0,465.5
1192,100.0,467.5
1192,100.0,486.5
1192,100.0,520.5
1192,100.0,524.5
1192,100.0,556.5
1192,100.0,565.5
1192,100.0,576.5
1192,100.0,584.5
1192,100.0,602.5
1192,100.0,621.5
1192,100.0,640.5
1192,100.0,649.5
1192,100.0,724.5
1192,100.0,754.5
1192,100.0,780.5
1192,100.0,787.5
1193,100.0,9.5
1193,100.0,23.5
1193,100.0,32.5
1193,100.0,37.5
1193,100.0,58.5
1193,100.0,64.5
1193,100.0,129.5
1193,100.0,179.5
1193,100.0,196.5
1193,100.0,280.5
1193,100.0,318.5
1193,100.0,332.5
1193,100.0,370.5
1193,100.0,378.5
1193,100.0,398.5
1193,100.0,444.5
1193,100.0,448.5
1193,100.0,456.5
1193,100.0,468.5
1193,100.0,492.5
1193,100.0,511.5
1193,100.0,523.5
1193,100.0,530.5
1193,100.0,541.5
1193,100.0,555.5
1193,100.0,561.5
1193,100.0,603.5
1193,100.0,606.5
1193,100.0,666.5
1193,100.0,684.5
1193,100.0,693.5
1193,100.0,718.5
1193,100.0,722.5
1193,100.0,755.5
1193,100.0,786.5
1194,100.0,8.5
1194,100.0,30.5
1194,100.0,92.5
1194,100.0,157.5
1194,100.0,174.5
1194,100.0,208.5
1194,100.0,258.5
1194,100.0,290.5
1194,100.0,315.5
1194,100.0,362.5
1194,100.0,370.5
1194,100.0,375.5
1194,100.0,386.5
1194,100.0,396.5
1194,100.0,398.5
1194,100.0,467.5
1194,100.0,498.5
1194,100.0,543.5
1194,100.0,550.5
1194,100.0,556.5
1194,100.0,581.5
1194,100.0,607.5
1194,100.0,613.5
1194,100.0,667.5
1194,100.0,709.5
1194,100.0,712.5
1194,100.0,753.5
1194,100.0,766.5
1194,100.0,767.5
1194,100.0,768.5
1194,100.0,779.5
1195,100.0,14.5
1195,100.0,47.5
1195,100.0,130.5
1195,100.0,219.5
1195,100.0,237.5
1195,100.0,245.5
1195,100.0,247.5
1195,100.0,265.5
1195,100.0,285.5
1195,100.0,299.5
1195,100.0,315.5
1195,100.0,432.5
1195,100.0,440.5
1195,100.0,463.5
1195,100.0,475.5
1195,100.0,476.5
1195,100.0,516.5
1195,100.0,550.5
1195,100.0,584.5
1195,100.0,682.5
1195,100.0,721.5
1195,100.0,727.5
1195,100.0,734.5
1195,100.0,787.5
1196,100.0,35.5
1196,100.0,44.5
1196,100.0,209.5
1196,100.0,232.5
1196,100.0,236.5
1196,100.0,320.5
1196,100.0,444.5
1196,100.0,509.5
1196,100.0,528.5
1196,100.0,561.5
1196,100.0,610.5
1196,100.0,626.5
1196,100.0,670.5
1196,100.0,702.5
1196,100.0,716.5
1196,100.0,719.5
1196,100.0,780.5
1196,100.0,788.5
1197,100.0,5.5
1197,100.0,13.5
1197,100.0,47.5
1197,100.0,56.5
1197,100.0,63.5
1197,100.0,69.5
1197,100.0,78.5
1197,100.0,87.5
1197,100.0,89.5
1197,100.0,91.5
1197,100.0,117.5
1197,100.0,124.5
1197,100.0,127.5
1197,100.0,154.5
1197,100.0,189.5
1197,100.0,195.5
1197,100.0,221.5
1197,100.0,312.5
1197,100.0,347.5
1197,100.0,356.5
1197,100.0,361.5
1197,100.0,373.5
1197,100.0,377.5
1197,100.0,382.5
1197,100.0,411.5
1197,100.0,427.5
1197,100.0,456.5
1197,100.0,485.5
1197,100.0,494.5
1197,100.0,498.5
1197,100.0,537.5
1197,100.0,550.5
1197,100.0,555.5
1197,100.0,610.5
1197,100.0,627.5
1197,100.0,678.5
1197,100.0,683.5
1197,100.0,689.5
1197,100.0,693.5
1197,100.0,714.5
1197,100.0,726.5
1197,100.0,774.5
1197,100.0,788.5
1198,100.0,108.5
1198,100.0,118.5
1198,100.0,131.5
1198,100.0,135.5
1198,100.0,188.5
1198,100.0,222.5
1198,100.0,226.5
1198,100.0,285.5
1198,100.0,298.5
1198,100.0,392.5
1198,100.0,405.5
1198,100.0,436.5
1198,100.0,491.5
1198,100.0,526.5
1198,100.0,540.5
1198,100.0,580.5
1198,100.0,597.5
1198,100.0,600.5
1198,100.0,620.5
1198,100.0,668.5
1198,100.0,691.5
1198,100.0,707.5
1198,100.0,778.5
1198,100.0,789.5
1199,100.0,36.5
1199,100.0,92.5
1199,100.0,130.5
1199,100.0,170.5
1199,100.0,173.5
1199,100.0,191.5
1199,100.0,212.5
1199,100.0,309.5
1199,100.0,360.5
1199,100.0,458.5
1199,100.0,462.5
1199,100.0,499.5
1199,100.0,503.5
1199,100.0,508.5
1199,100.0,532.5
1199,100.0,555.5
1199,100.0,559.5
1199,100.0,563.5
1199,100.0,570.5
1199,100.0,609.5
1199,100.0,635.5
1199,100.0,664.5
1199,100.0,697.5
1199,100.0,782.5
1200,100.0,7.5
1200,100.0,10.5
1200,100.0,44.5
1200,100.0,69.5
1200,100.0,72.5
1200,100.0,96.5
1200,100.0,116.5
1200,100.0,156.5
1200,100.0,200.5
1200,100.0,230.5
1200,100.0,358.5
1200,100.0,364.5
1200,100.0,409.5
1200,100.0,461.5
1200,100.0,476.5
1200,100.0,483.5
1200,100.0,487.5
1200,100.0,511.5
1200,100.0,520.5
1200,100.0,549.5
1200,100.0,577.5
1200,100.0,582.5
1200,100.0,617.5
1200,100.0,623.5
1200,100.0,655.5
1200,100.0,660.5
1200,100.0,681.5
1200,100.0,692.5
1200,100.0,740.5
1200,100.0,747.5
1200,100.0,755.5
1200,100.0,772.5
1200,100.0,776.5
1201,100.0,59.5
1201,100.0,65.5
1201,100.0,87.5
1201,100.0,89.5
1201,100.0,98.5
1201,100.0,108.5
1201,100.0,126.5
1201,100.0,189.5
1201,100.0,217.5
1201,100.0,255.5
1201,100.0,260.5
1201,100.0,263.5
1201,100.0,287.5
1201,100.0,319.5
1201,100.0,329.5
1201,100.0,371.5
1201,100.0,391.5
1201,100.0,469.5
1201,100.0,505.5
1201,100.0,514.5
1201,100.0,539.5
1201,100.0,544.5
1201,100.0,546.5
1201,100.0,570.5
1201,100.0,630.5
1201,100.0,640.5
1201,100.0,675.5
1201,100.0,697.5
1201,100.0,710.5
1201,100.0,729.5
1201,100.0,745.5
1201,100.0,757.5
1202,100.0,70.5
1202,100.0,77.5
1202,100.0,78.5
1202,100.0,222.5
1202,100.0,273.5
1202,100.0,280.5
1202,100.0,294.5
1202,100.0,302.5
1202,100.0,305.5
1202,100.0,321.5
1202,100.0,336.5
1202,100.0,339.5
1202,100.0,354.5
1202,100.0,365.5
1202,100.0,374.5
1202,100.0,401.5
1202,100.0,442.5
1202,100.0,450.5
1202,100.0,451.5
1202,100.0,462.5
1202,100.0,480.5
1202,100.0,537.5
1202,100.0,623.5
1202,100.0,627.5
1202,100.0,722.5
1202,100.0,761.5
1202,100.0,799.5
1203,100.0,63.5
1203,100.0,81.5
1203,100.0,98.5
1203,100.0,136.5
1203,100.0,204.5
1203,100.0,232.5
1203,100.0,281.5
1203,100.0,304.5
1203,100.0,364.5
1203,100.0,426.5
1203,100.0,473.5
1203,100.0,548.5
1203,100.0,556.5
1203,100.0,585.5
1203,100.0,593.5
1203,100.0,601.5
1203,100.0,637.5
1203,100.0,657.5
1203,100.0,705.5
1203,100.0,736.5
1203,100.0,743.5
1203,100.0,748.5
1203,100.0,752.5
1204,100.0,1.5
1204,100.0,19.5
1204,100.0,34.5
1204,100.0,71.5
1204,100.0,119.5
1204,100.0,154.5
1204,100.0,174.5
1204,100.0,194.5
1204,100.0,211.5
1204,100.0,247.5
1204,100.0,258.5
1204,100.0,274.5
1204,100.0,349.5
1204,100.0,392.5
1204,100.0,444.5
1204,100.0,493.5
1204,100.0,512.5
1204,100.0,525.5
1204,100.0,564.5
1204,100.0,566.5
1204,100.0,582.5
1204,100.0,761.5
1204,100.0,766.5
1204,100.0,772.5
1205,100.0,60.5
1205,100.0,75.5
1205,100.0,104.5
1205,100.0,124.5
1205,100.0,154.5
1205,100.0,190.5
1205,100.0,207.5
1205,100.0,262.5
1205,100.0,289.5
1205,100.0,324.5
1205,100.0,368.5
1205,100.0,370.5
1205,100.0,392.5
1205,100.0,412.5
1205,100.0,416.5
1205,100.0,444.5
1205,100.0,447.5
1205,100.0,456.5
1205,100.0,498.5
1205,100.0,520.5
1205,100.0,537.5
1205,100.0,541.5
1205,100.0,544.5
1205,100.0,574.5
1205,100.0,581.5
1205,100.0,613.5
1205,100.0,616.5
1205,100.0,672.5
1205,100.0,681.5
1205,100.0,709.5
1205,100.0,716.5
1205,100.0,723.5
1205,100.0,752.5
1205,100.0,756.5
1205,100.0,762.5
1205,100.0,782.5
1206,100.0,8.5
1206,100.0,55.5
1206,100.0,138.5
1206,100.0,155.5
1206,100.0,214.5
1206,100.0,263.5
1206,100.0,350.5
1206,100.0,365.5
1206,100.0,380.5
1206,100.0,389.5
1206,100.0,442.5
1206,100.0,443.5
1206,100.0,445.5
1206,100.0,455.5
1206,100.0,478.5
1206,100.0,487.5
1206,100.0,489.5
1206,100.0,529.5
1206,100.0,539.5
1206,100.0,574.5
1206,100.0,587.5
1206,100.0,589.5
1206,100.0,600.5
1206,100.0,640.5
1206,100.0,689.5
1206,100.0,714.5
1206,100.0,727.5
1206,100.0,753.5
1206,100.0,764.5
1207,100.0,122.5
1207,100.0,208.5
1207,100.0,218.5
1207,100.0,246.5
1207,100.0,306.5
1207,100.0,330.5
1207,100.0,375.5
1207,100.0,379.5
1207,100.0,403.5
1207,100.0,428.5
1207,100.0,431.5
1207,100.0,466.5
1207,100.0,523.5
1207,100.0,548.5
1207,100.0,591.5
1207,100.0,678.5
1207,100.0,679.5
1207,100.0,734.5
1207,100.0,760.5
1208,100.0,58.5
1208,100.0,81.5
1208,100.0,91.5
1208,100.0,105.5
1208,100.0,109.5
1208,100.0,111.5
1208,100.0,148.5
1208,100.0,159.5
1208,100.0,190.5
1208,100.0,243.5
1208,100.0,266.5
1208,100.0,347.5
1208,100.0,357.5
1208,100.0,396.5
1208,100.0,405.5
1208,100.0,406.5
1208,100.0,414.5
1208,100.0,430.5
1208,100.0,436.5
1208,100.0,440.5
1208,100.0,462.5
1208,100.0,473.5
1208,100.0,520.5
1208,100.0,556.5
1208,100.0,568.5
1208,100.0,572.5
1208,100.0,598.5
1208,100.0,612.5
1208,100.0,618.5
1208,100.0,643.5
1208,100.0,691.5
1208,100.0,723.5
1208,100.0,765.5
1209,100.0,6.5
1209,100.0,15.5
1209,100.0,24.5
1209,100.0,31.5
1209,100.0,99.5
1209,100.0,102.5
1209,100.0,109.5
1209,100.0,113.5
1209,100.0,117.5
1209,100.0,136.5
1209,100.0,174.5
1209,100.0,221.5
1209,100.0,229.5
1209,100.0,235.5
1209,100.0,275.5
1209,100.0,277.5
1209,100.0,311.5
1209,100.0,325.5
1209,100.0,346.5
1209,100.0,359.5
1209,100.0,366.5
1209,100.0,381.5
1209,100.0,414.5
1209,100.0,440.5
1209,100.0,472.5
1209,100.0,474.5
1209,100.0,494.5
1209,100.0,513.5
1209,100.0,519.5
1209,100.0,529.5
1209,100.0,558.5
1209,100.0,570.5
1209,100.0,609.5
1209,100.0,666.5
1209,100.0,670.5
1209,100.0,722.5
1210,100.0,6.5
1210,100.0,47.5
1210,100.0,74.5
1210,100.0,85.5
1210,100.0,87.5
1210,100.0,100.5
1210,100.0,115.5
1210,100.0,116.5
1210,100.0,124.5
1210,100.0,129.5
1210,100.0,132.5
1210,100.0,148.5
1210,100.0,216.5
1210,100.0,237.5
1210,100.0,249.5
1210,100.0,321.5
1210,100.0,336.5
1210,100.0,346.5
1210,100.0,351.5
1210,100.0,352.5
1210,100.0,361.5
1210,100.0,378.5
1210,100.0,408.5
1210,100.0,410.5
1210,100.0,413.5
1210,100.0,415.5
1210,100.0,426.5
1210,100.0,441.5
1210,100.0,537.5
1210,100.0,538.5
1210,100.0,542.5
1210,100.0,550.5
1210,100.0,566.5
1210,100.0,567.5
1210,100.0,577.5
1210,100.0,629.5
1210,100.0,714.5
1210,100.0,717.5
1210,100.0,736.5
1210,100.0,748.5
1210,100.0,767.5
1210,100.0,780.5
1210,100.0,790.5
1211,100.0,121.5
1211,100.0,155.5
1211,100.0,167.5
1211,100.0,207.5
1211,100.0,225.5
1211,100.0,295.5
1211,100.0,326.5
1211,100.0,334.5
1211,100.0,341.5
1211,100.0,354.5
1211,100.0,360.5
1211,100.0,372.5
1211,100.0,373.5
1211,100.0,380.5
1211,100.0,506.5
1211,100.0,514.5
1211,100.0,531.5
1211,100.0,581.5
1211,100.0,617.5
1211,100.0,661.5
1211,100.0,664.5
1211,100.0,711.5
1211,100.0,718.5
1211,100.0,778.5
1212,100.0,76.5
1212,100.0,115.5
1212,100.0,122.5
1212,100.0,166.5
1212,100.0,203.5
1212,100.0,231.5
1212,100.0,243.5
1212,100.0,277.5
1212,100.0,281.5
1212,100.0,349.5
1212,100.0,432.5
1212,100.0,448.5
1212,100.0,463.5
1212,100.0,466.5
1212,100.0,470.5
1212,100.0,474.5
1212,100.0,491.5
1212,100.0,492.5
1212,100.0,508.5
1212,100.0,519.5
1212,100.0,531.5
1212,100.0,654.5
1212,100.0,659.5
1212,100.0,683.5
1212,100.0,726.5
1212,100.0,739.5
1212,100.0,771.5
1212,100.0,775.5
1213,100.0,1.5
1213,100.0,53.5
1213,100.0,117.5
1213,100.0,120.5
1213,100.0,128.5
1213,100.0,132.5
1213,100.0,133.5
1213,100.0,144.5
1213,100.0,150.5
1213,100.0,166.5
1213,100.0,194.5
1213,100.0,277.5
1213,100.0,324.5
1213,100.0,327.5
1213,100.0,335.5
1213,100.0,354.5
1213,100.0,363.5
1213,100.0,371.5
1213,100.0,374.5
1213,100.0,386.5
1213,100.0,408.5
1213,100.0,420.5
1213,100.0,441.5
1213,100.0,482.5
1213,100.0,490.5
1213,100.0,496.5
1213,100.0,497.5
1213,100.0,499.5
1213,100.0,559.5
1213,100.0,620.5
1213,100.0,630.5
1213,100.0,648.5
1213,100.0,674.5
1213,100.0,697.5
1213,100.0,704.5
1213,100.0,725.5
1213,100.0,756.5
1213,100.0,790.5
1214,100.0,3.5
1214,100.0,122.5
1214,100.0,125.5
1214,100.0,197.5
1214,100.0,198.5
1214,100.0,241.5
1214,100.0,270.5
1214,100.0,279.5
1214,100.0,357.5
1214,100.0,391.5
1214,100.0,448.5
1214,100.0,511.5
1214,100.0,533.5
1214,100.0,536.5
1214,100.0,548.5
1214,100.0,598.5
1214,100.0,626.5
1214,100.0,658.5
1214,100.0,667.5
1214,100.0,675.5
1214,100.0,681.5
1214,100.0,751.5
1214,100.0,799.5
1215,100.0,56.5
1215,100.0,80.5
1215,100.0,144.5
1215,100.0,147.5
1215,100.0,149.5
1215,100.0,178.5
1215,100.0,216.5
1215,100.0,227.5
1215,100.0,252.5
1215,100.0,267.5
1215,100.0,273.5
1215,100.0,322.5
1215,100.0,409.5
1215,100.0,415.5
1215,100.0,427.5
1215,100.0,429.5
1215,100.0,480.5
1215,100.0,535.5
1215,100.0,575.5
1215,100.0,629.5
1215,100.0,718.5
1215,100.0,736.5
1215,100.0,771.5
1216,100.0,17.5
1216,100.0,23.5
1216,100.0,30.5
1216,100.0,60.5
1216,100.0,84.5
1216,100.0,102.5
1216,100.0,107.5
1216,100.0,152.5
1216,100.0,159.5
1216,100.0,200.5
1216,100.0,256.5
1216,100.0,317.5
1216,100.0,334.5
1216,100.0,370.5
1216,100.0,376.5
1216,100.0,408.5
1216,100.0,497.5
1216,100.0,511.5
1216,100.0,523.5
1216,100.0,524.5
1216,100.0,546.5
1216,100.0,561.5
1216,100.0,601.5
1216,100.0,618.5
1216,100.0,670.5
1216,100.0,682.5
1216,100.0,721.5
1216,100.0,732.5
1216,100.0,756.5
1216,100.0,767.5
1216,100.0,782.5
1217,100.0,9.5
1217,100.0,31.5
1217,100.0,41.5
1217,100.0,42.5
1217,100.0,84.5
1217,100.0,88.5
1217,100.0,122.5
1217,100.0,163.5
1217,100.0,168.5
1217,100.0,203.5
1217,100.0,252.5
1217,100.0,267.5
1217,100.0,275.5
1217,100.0,294.5
1217,100.0,358.5
1217,100.0,362.5
1217,100.0,419.5
1217,100.0,422.5
1217,100.0,459.5
1217,100.0,501.5
1217,100.0,511.5
1217,100.0,543.5
1217,100.0,583.5
1217,100.0,604.5
1217,100.0,607.5
1217,100.0,663.5
1217,100.0,713.5
1217,100.0,738.5
1218,100.0,82.5
1218,100.0,126.5
1218,100.0,306.5
1218,100.0,358.5
1218,100.0,363.5
1218,100.0,374.5
1218,100.0,375.5
1218,100.0,381.5
1218,100.0,408.5
1218,100.0,423.5
1218,100.0,448.5
1218,100.0,487.5
1218,100.0,489.5
1218,100.0,494.5
1218,100.0,503.5
1218,100.0,510.5
1218,100.0,526.5
1218,100.0,537.5
1218,100.0,562.5
1218,100.0,602.5
1218,100.0,625.5
1218,100.0,767.5
1218,100.0,770.5
1218,100.0,791.5
1219,100.0,3.5
1219,100.0,49.5
1219,100.0,58.5
1219,100.0,79.5
1219,100.0,88.5
1219,100.0,111.5
1219,100.0,128.5
1219,100.0,171.5
1219,100.0,178.5
1219,100.0,199.5
1219,100.0,221.5
1219,100.0,248.5
1219,100.0,286.5
1219,100.0,301.5
1219,100.0,302.5
1219,100.0,342.5
1219,100.0,348.5
1219,100.0,361.5
1219,100.0,383.5
1219,100.0,387.5
1219,100.0,403.5
1219,100.0,465.5
1219,100.0,512.5
1219,100.0,523.5
1219,100.0,548.5
1219,100.0,561.5
1219,100.0,639.5
1219,100.0,750.5
1219,100.0,773.5
1220,100.0,76.5
1220,100.0,96.5
1220,100.0,114.5
1220,100.0,131.5
1220,100.0,157.5
1220,100.0,224.5
1220,100.0,320.5
1220,100.0,321.5
1220,100.0,322.5
1220,100.0,332.5
1220,100.0,378.5
1220,100.0,384.5
1220,100.0,393.5
1220,100.0,415.5
1220,100.0,420.5
1220,100.0,424.5
1220,100.0,505.5
1220,100.0,518.5
1220,100.0,572.5
1220,100.0,575.5
1220,100.0,624.5
1220,100.0,667.5
1220,100.0,671.5
1220,100.0,680.5
1220,100.0,686.5
1220,100.0,710.5
1220,100.0,756.5
1220,100.0,763.5
1220,100.0,780.5
1221,100.0,7.5
1221,100.0,10.5
1221,100.0,49.5
1221,100.0,80.5
1221,100.0,86.5
1221,100.0,100.5
1221,100.0,107.5
1221,100.0,117.5
1221,100.0,168.5
1221,100.0,175.5
1221,100.0,226.5
1221,100.0,233.5
1221,100.0,244.5
1221,100.0,282.5
1221,100.0,295.5
1221,100.0,298.5
1221,100.0,305.5
1221,100.0,329.5
1221,100.0,370.5
1221,100.0,377.5
1221,100.0,430.5
1221,100.0,461.5
1221,100.0,546.5
1221,100.0,587.5
1221,100.0,601.5
1221,100.0,605.5
1221,100.0,640.5
1221,100.0,697.5
1221,100.0,707.5
1221,100.0,724.5
1221,100.0,766.5
1221,100.0,767.5
1221,100.0,780.5
1222,100.0,69.5
1222,100.0,121.5
1222,100.0,168.5
1222,100.0,178.5
1222,100.0,212.5
1222,100.0,265.5
1222,100.0,266.5
1222,100.0,290.5
1222,100.0,314.5
1222,100.0,316.5
1222,100.0,352.5
1222,100.0,360.5
1222,100.0,425.5
1222,100.0,433.5
1222,100.0,439.5
1222,100.0,476.5
1222,100.0,491.5
1222,100.0,499.5
1222,100.0,513.5
1222,100.0,536.5
1222,100.0,539.5
1222,100.0,545.5
1222,100.0,553.5
1222,100.0,582.5
1222,100.0,597.5
1222,100.0,599.5
1222,100.0,605.5
1222,100.0,646.5
1222,100.0,677.5
1222,100.0,731.5
1223,100.0,12.5
1223,100.0,18.5
1223,100.0,41.5
1223,100.0,106.5
1223,100.0,122.5
1223,100.0,128.5
1223,100.0,185.5
1223,100.0,190.5
1223,100.0,209.5
1223,100.0,241.5
1223,100.0,246.5
1223,100.0,263.5
1223,100.0,284.5
1223,100.0,285.5
1223,100.0,304.5
1223,100.0,313.5
1223,100.0,325.5
1223,100.0,331.5
1223,100.0,385.5
1223,100.0,391.5
1223,100.0,408.5
1223,100.0,430.5
1223,100.0,436.5
1223,100.0,439.5
1223,100.0,478.5
1223,100.0,491.5
1223,100.0,511.5
1223,100.0,516.5
1223,100.0,552.5
1223,100.0,581.5
1223,100.0,596.5
1223,100.0,633.5
1223,100.0,645.5
1223,100.0,651.5
1223,100.0,662.5
1223,100.0,669.5
1223,100.0,680.5
1223,100.0,687.5
1223,100.0,724.5
1223,100.0,726.5
1223,100.0,747.5
1223,100.0,766.5
1224,100.0,17.5
1224,100.0,32.5
1224,100.0,39.5
1224,100.0,96.5
1224,100.0,112.5
1224,100.0,117.5
1224,100.0,134.5
1224,100.0,140.5
1224,100.0,158.5
1224,100.0,162.5
1224,100.0,164.5
1224,100.0,172.5
1224,100.0,201.5
1224,100.0,237.5
1224,100.0,240.5
1224,100.0,244.5
1224,100.0,248.5
1224,100.0,253.5
1224,100.0,276.5
1224,100.0,293.5
1224,100.0,308.5
1224,100.0,313.5
1224,100.0,336.5
1224,100.0,345.5
1224,100.0,376.5
1224,100.0,383.5
1224,100.0,431.5
1224,100.0,436.5
1224,100.0,473.5
1224,100.0,486.5
1224,100.0,503.5
1224,100.0,507.5
1224,100.0,512.5
1224,100.0,554.5
1224,100.0,618.5
1224,100.0,622.5
1224,100.0,654.5
1224,100.0,700.5
1224,100.0,729.5
1224,100.0,744.5
1224,100.0,748.5
1224,100.0,751.5
1225,100.0,3.5
1225,100.0,57.5
1225,100.0,63.5
1225,100.0,81.5
1225,100.0,126.5
1225,100.0,128.5
1225,100.0,137.5
1225,100.0,138.5
1225,100.0,140.5
1225,100.0,176.5
1225,100.0,226.5
1225,100.0,249.5
1225,100.0,319.5
1225,100.0,348.5
1225,100.0,389.5
1225,100.0,433.5
1225,100.0,439.5
1225,100.0,440.5
1225,100.0,469.5
1225,100.0,481.5
1225,100.0,534.5
1225,100.0,541.5
1225,100.0,546.5
1225,100.0,551.5
1225,100.0,561.5
1225,100.0,565.5
1225,100.0,588.5
1225,100.0,604.5
1225,100.0,613.5
1225,100.0,618.5
1225,100.0,625.5
1225,100.0,642.5
1225,100.0,664.5
1225,100.0,679.5
1225,100.0,688.5
1225,100.0,702.5
1225,100.0,714.5
1225,100.0,776.5
1226,100.0,62.5
1226,100.0,70.5
1226,100.0,103.5
1226,100.0,106.5
1226,100.0,107.5
1226,100.0,136.5
1226,100.0,137.5
1226,100.0,146.5
1226,100.0,152.5
1226,100.0,157.5
1226,100.0,164.5
1226,100.0,198.5
1226,100.0,242.5
1226,100.0,249.5
1226,100.0,286.5
1226,100.0,292.5
1226,100.0,302.5
1226,100.0,304.5
1226,100.0,331.5
1226,100.0,375.5
1226,100.0,393.5
1226,100.0,415.5
1226,100.0,416.5
1226,100.0,450.5
1226,100.0,472.5
1226,100.0,517.5
1226,100.0,521.5
1226,100.0,524.5
1226,100.0,533.5
1226,100.0,536.5
1226,100.0,541.5
1226,100.0,552.5
1226,100.0,567.5
1226,100.0,573.5
1226,100.0,595.5
1226,100.0,604.5
1226,100.0,605.5
1226,100.0,625.5
1226,100.0,647.5
1226,100.0,666.5
1226,100.0,671.5
1226,100.0,677.5
1226,100.0,686.5
1226,100.0,710.5
1226,100.0,731.5
1226,100.0,766.5
1227,100.0,27.5
1227,100.0,41.5
1227,100.0,68.5
1227,100.0,101.5
1227,100.0,129.5
1227,100.0,134.5
1227,100.0,142.5
1227,100.0,174.5
1227,100.0,182.5
1227,100.0,213.5
1227,100.0,221.5
1227,100.0,228.5
1227,100.0,243.5
1227,100.0,255.5
1227,100.0,272.5
1227,100.0,275.5
1227,100.0,295.5
1227,100.0,296.5
1227,100.0,337.5
1227,100.0,345.5
1227,100.0,356.5
1227,100.0,372.5
1227,100.0,375.5
1227,100.0,378.5
1227,100.0,394.5
1227,100.0,404.5
1227,100.0,406.5
1227,100.0,492.5
1227,100.0,509.5
1227,100.0,518.5
1227,100.0,522.5
1227,100.0,527.5
1227,100.0,556.5
1227,100.0,577.5
1227,100.0,582.5
1227,100.0,598.5
1227,100.0,627.5
1227,100.0,644.5
1227,100.0,658.5
1227,100.0,670.5
1227,100.0,676.5
1227,100.0,698.5
1227,100.0,738.5
1227,100.0,785.5
1228,100.0,23.5
1228,100.0,28.5
1228,100.0,29.5
1228,100.0,37.5
1228,100.0,44.5
1228,100.0,51.5
1228,100.0,76.5
1228,100.0,93.5
1228,100.0,155.5
1228,100.0,173.5
1228,100.0,183.5
1228,100.0,205.5
1228,100.0,206.5
1228,100.0,285.5
1228,100.0,314.5
1228,100.0,322.5
1228,100.0,326.5
1228,100.0,344.5
1228,100.0,377.5
1228,100.0,426.5
1228,100.0,434.5
1228,100.0,443.5
1228,100.0,444.5
1228,100.0,468.5
1228,100.0,475.5
1228,100.0,487.5
1228,100.0,520.5
1228,100.0,522.5
1228,100.0,535.5
1228,100.0,609.5
1228,100.0,615.5
1228,100.0,659.5
1228,100.0,670.5
1228,100.0,739.5
1228,100.0,760.5
1229,100.0,9.5
1229,100.0,17.5
1229,100.0,80.5
1229,100.0,109.5
1229,100.0,119.5
1229,100.0,136.5
1229,100.0,152.5
1229,100.0,161.5
1229,100.0,189.5
1229,100.0,196.5
1229,100.0,297.5
1229,100.0,311.5
1229,100.0,316.5
1229,100.0,347.5
1229,100.0,358.5
1229,100.0,362.5
1229,100.0,374.5
1229,100.0,384.5
1229,100.0,413.5
1229,100.0,447.5
1229,100.0,453.5
1229,100.0,455.5
1229,100.0,466.5
1229,100.0,491.5
1229,100.0,496.5
1229,100.0,497.5
1229,100.0,521.5
1229,100.0,542.5
1229,100.0,546.5
1229,100.0,567.5
1229,100.0,569.5
1229,100.0,592.5
1229,100.0,631.5
1229,100.0,638.5
1229,100.0,639.5
1229,100.0,642.5
1229,100.0,667.5
1229,100.0,681.5
1229,100.0,690.5
1229,100.0,703.5
1229,100.0,714.5
1229,100.0,752.5
1229,100.0,789.5
1230,100.0,15.5
1230,100.0,19.5
1230,100.0,24.5
1230,100.0,73.5
1230,100.0,89.5
1230,100.0,130.5
1230,100.0,135.5
1230,100.0,148.5
1230,100.0,163.5
1230,100.0,164.5
1230,100.0,230.5
1230,100.0,232.5
1230,100.0,238.5
1230,100.0,255.5
1230,100.0,271.5
1230,100.0,272.5
1230,100.0,302.5
1230,100.0,384.5
1230,100.0,428.5
1230,100.0,517.5
1230,100.0,535.5
1230,100.0,586.5
1230,100.0,588.5
1230,100.0,622.5
1230,100.0,651.5
1230,100.0,684.5
1230,100.0,736.5
1230,100.0,765.5
1230,100.0,774.5
1230,100.0,790.5
1231,100.0,26.5
1231,100.0,31.5
1231,100.0,32.5
1231,100.0,41.5
1231,100.0,56.5
1231,100.0,66.5
1231,100.0,105.5
1231,100.0,135.5
1231,100.0,172.5
1231,100.0,195.5
1231,100.0,220.5
1231,100.0,241.5
1231,100.0,248.5
1231,100.0,258.5
1231,100.0,273.5
1231,100.0,274.5
1231,100.0,276.5
1231,100.0,283.5
1231,100.0,287.5
1231,100.0,292.5
1231,100.0,322.5
1231,100.0,333.5
1231,100.0,345.5
1231,100.0,358.5
1231,100.0,368.5
1231,100.0,372.5
1231,100.0,378.5
1231,100.0,379.5
1231,100.0,383.5
1231,100.0,395.5
1231,100.0,398.5
1231,100.0,438.5
1231,100.0,442.5
1231,100.0,464.5
1231,100.0,485.5
1231,100.0,489.5
1231,100.0,511.5
1231,100.0,523.5
1231,100.0,526.5
1231,100.0,531.5
1231,100.0,543.5
1231,100.0,606.5
1231,100.0,700.5
1231,100.0,703.5
1231,100.0,732.5
1231,100.0,736.5
1231,100.0,754.5
1231,100.0,762.5
1232,100.0,18.5
1232,100.0,94.5
1232,100.0,110.5
1232,100.0,163.5
1232,100.0,245.5
1232,100.0,284.5
1232,100.0,314.5
1232,100.0,320.5
1232,100.0,356.5
1232,100.0,398.5
1232,100.0,399.5
1232,100.0,411.5
1232,100.0,415.5
1232,100.0,418.5
1232,100.0,518.5
1232,100.0,524.5
1232,100.0,534.5
1232,100.0,686.5
1232,100.0,786.5
1233,100.0,44.5
1233,100.0,51.5
1233,100.0,130.5
1233,100.0,179.5
1233,100.0,210.5
1233,100.0,218.5
1233,100.0,219.5
1233,100.0,243.5
1233,100.0,255.5
1233,100.0,274.5
1233,100.0,280.5
1233,100.0,302.5
1233,100.0,337.5
1233,100.0,359.5
1233,100.0,404.5
1233,100.0,436.5
1233,100.0,483.5
1233,100.0,496.5
1233,100.0,499.5
1233,100.0,515.5
1233,100.0,522.5
1233,100.0,530.5
1233,100.0,541.5
1233,100.0,625.5
1233,100.0,659.5
1233,100.0,674.5
1233,100.0,736.5
1233,100.0,787.5
1234,100.0,23.5
1234,100.0,63.5
1234,100.0,88.5
1234,100.0,134.5
1234,100.0,150.5
1234,100.0,155.5
1234,100.0,186.5
1234,100.0,208.5
1234,100.0,215.5
1234,100.0,233.5
1234,100.0,237.5
1234,100.0,244.5
1234,100.0,270.5
1234,100.0,276.5
1234,100.0,281.5
1234,100.0,301.5
1234,100.0,328.5
1234,100.0,335.5
1234,100.0,370.5
1234,100.0,372.5
1234,100.0,389.5
1234,100.0,397.5
1234,100.0,423.5
1234,100.0,436.5
1234,100.0,462.5
1234,100.0,465.5
1234,100.0,499.5
1234,100.0,511.5
1234,100.0,515.5
1234,100.0,526.5
1234,100.0,542.5
1234,100.0,550.5
1234,100.0,554.5
1234,100.0,611.5
1234,100.0,618.5
1234,100.0,651.5
1234,100.0,675.5
1234,100.0,683.5
1234,100.0,685.5
1234,100.0,690.5
1234,100.0,705.5
1234,100.0,744.5
1234,100.0,755.5
1235,100.0,4.5
1235,100.0,9.5
1235,100.0,68.5
1235,100.0,73.5
1235,100.0,77.5
1235,100.0,91.5
1235,100.0,92.5
1235,100.0,115.5
1235,100.0,117.5
1235,100.0,124.5
1235,100.0,144.5
1235,100.0,196.5
1235,100.0,200.5
1235,100.0,257.5
1235,100.0,271.5
1235,100.0,273.5
1235,100.0,276.5
1235,100.0,292.5
1235,100.0,294.5
1235,100.0,360.5
1235,100.0,369.5
1235,100.0,430.5
1235,100.0,444.5
1235,100.0,459.5
1235,100.0,473.5
1235,100.0,481.5
1235,100.0,488.5
1235,100.0,499.5
1235,100.0,511.5
1235,100.0,519.5
1235,100.0,522.5
1235,100.0,542.5
1235,100.0,544.5
1235,100.0,551.5
1235,100.0,554.5
1235,100.0,640.5
1235,100.0,642.5
1235,100.0,647.5
1235,100.0,689.5
1235,100.0,716.5
1235,100.0,718.5
1235,100.0,721.5
1235,100.0,733.5
1235,100.0,763.5
1235,100.0,781.5
1235,100.0,790.5
1236,100.0,29.5
1236,100.0,46.5
1236,100.0,83.5
1236,100.0,159.5
1236,100.0,176.5
1236,100.0,178.5
1236,100.0,206.5
1236,100.0,219.5
1236,100.0,259.5
1236,100.0,274.5
1236,100.0,293.5
1236,100.0,345.5
1236,100.0,348.5
1236,100.0,357.5
1236,100.0,360.5
1236,100.0,362.5
1236,100.0,385.5
1236,100.0,421.5
1236,100.0,456.5
1236,100.0,474.5
1236,100.0,485.5
1236,100.0,505.5
1236,100.0,626.5
1236,100.0,671.5
1236,100.0,673.5
1236,100.0,707.5
1236,100.0,768.5
1236,100.0,781.5
1236,100.0,790.5
1237,100.0,19.5
1237,100.0,50.5
1237,100.0,66.5
1237,100.0,70.5
1237,100.0,89.5
1237,100.0,126.5
1237,100.0,129.5
1237,100.0,156.5
1237,100.0,171.5
1237,100.0,250.5
1237,100.0,355.5
1237,100.0,360.5
1237,100.0,378.5
1237,100.0,385.5
1237,100.0,421.5
1237,100.0,450.5
1237,100.0,494.5
1237,100.0,502.5
1237,100.0,507.5
1237,100.0,560.5
1237,100.0,583.5
1237,100.0,587.5
1237,100.0,591.5
1237,100.0,621.5
1237,100.0,637.5
1237,100.0,642.5
1237,100.0,681.5
1237,100.0,682.5
1237,100.0,732.5
1238,100.0,7.5
1238,100.0,13.5
1238,100.0,31.5
1238,100.0,73.5
1238,100.0,92.5
1238,100.0,153.5
1238,100.0,167.5
1238,100.0,190.5
1238,100.0,197.5
1238,100.0,204.5
1238,100.0,248.5
1238,100.0,268.5
1238,100.0,299.5
1238,100.0,313.5
1238,100.0,322.5
1238,100.0,348.5
1238,100.0,352.5
1238,100.0,358.5
1238,100.0,373.5
1238,100.0,484.5
1238,100.0,494.5
1238,100.0,507.5
1238,100.0,523.5
1238,100.0,583.5
1238,100.0,617.5
1238,100.0,656.5
1238,100.0,663.5
1238,100.0,678.5
1238,100.0,708.5
1238,100.0,721.5
1238,100.0,735.5
1238,100.0,763.5
1238,100.0,781.5
1238,100.0,785.5
1238,100.0,788.5
1238,100.0,793.5
1239,100.0,16.5
1239,100.0,64.5
1239,100.0,82.5
1239,100.0,105.5
1239,100.0,118.5
1239,100.0,126.5
1239,100.0,127.5
1239,100.0,144.5
1239,100.0,169.5
1239,100.0,181.5
1239,100.0,222.5
1239,100.0,237.5
1239,100.0,245.5
1239,100.0,297.5
1239,100.0,318.5
1239,100.0,359.5
1239,100.0,372.5
1239,100.0,388.5
1239,100.0,395.5
1239,100.0,461.5
1239,100.0,497.5
1239,100.0,501.5
1239,100.0,509.5
1239,100.0,583.5
1239,100.0,600.5
1239,100.0,602.5
1239,100.0,618.5
1239,100.0,661.5
1239,100.0,695.5
1239,100.0,705.5
1239,100.0,711.5
1239,100.0,723.5
1239,100.0,735.5
1239,100.0,754.5
1239,100.0,778.5
1240,100.0,17.5
1240,100.0,25.5
1240,100.0,87.5
1240,100.0,95.5
1240,100.0,194.5
1240,100.0,231.5
1240,100.0,251.5
1240,100.0,274.5
1240,100.0,279.5
1240,100.0,305.5
1240,100.0,312.5
1240,100.0,322.5
1240,100.0,342.5
1240,100.0,364.5
1240,100.0,411.5
1240,100.0,421.5
1240,100.0,481.5
1240,100.0,514.5
1240,100.0,523.5
1240,100.0,525.5
1240,100.0,535.5
1240,100.0,547.5
1240,100.0,557.5
1240,100.0,585.5
1240,100.0,591.5
1240,100.0,612.5
1240,100.0,673.5
1240,100.0,748.5
1240,100.0,749.5
1240,100.0,767.5
1240,100.0,796.5
1240,100.0,798.5
1241,100.0,15.5
1241,100.0,27.5
1241,100.0,42.5
1241,100.0,55.5
1241,100.0,89.5
1241,100.0,164.5
1241,100.0,229.5
1241,100.0,243.5
1241,100.0,264.5
1241,100.0,284.5
1241,100.0,303.5
1241,100.0,314.5
1241,100.0,324.5
1241,100.0,327.5
1241,100.0,330.5
1241,100.0,336.5
1241,100.0,343.5
1241,100.0,347.5
1241,100.0,351.5
1241,100.0,375.5
1241,100.0,402.5
1241,100.0,415.5
1241,100.0,418.5
1241,100.0,434.5
1241,100.0,502.5
1241,100.0,529.5
1241,100.0,535.5
1241,100.0,594.5
1241,100.0,664.5
1241,100.0,666.5
1241,100.0,781.5
1241,100.0,784.5
1242,100.0,16.5
1242,100.0,20.5
1242,100.0,52.5
1242,100.0,98.5
1242,100.0,113.5
1242,100.0,130.5
1242,100.0,138.5
1242,100.0,166.5
1242,100.0,178.5
1242,100.0,197.5
1242,100.0,202.5
1242,100.0,247.5
1242,100.0,260.5
1242,100.0,272.5
1242,100.0,314.5
1242,100.0,373.5
1242,100.0,393.5
1242,100.0,447.5
1242,100.0,541.5
1242,100.0,576.5
1242,100.0,595.5
1242,100.0,599.5
1242,100.0,649.5
1242,100.0,653.5
1242,100.0,686.5
1242,100.0,724.5
1242,100.0,746.5
1242,100.0,767.5
1243,100.0,25.5
1243,100.0,44.5
1243,100.0,53.5
1243,100.0,75.5
1243,100.0,78.5
1243,100.0,131.5
1243,100.0,236.5
1243,100.0,311.5
1243,100.0,325.5
1243,100.0,375.5
1243,100.0,421.5
1243,100.0,430.5
1243,100.0,438.5
1243,100.0,441.5
1243,100.0,443.5
1243,100.0,506.5
1243,100.0,527.5
1243,100.0,588.5
1243,100.0,607.5
1243,100.0,633.5
1243,100.0,647.5
1243,100.0,685.5
1244,100.0,20.5
1244,100.0,23.5
1244,100.0,60.5
1244,100.0,93.5
1244,100.0,131.5
1244,100.0,142.5
1244,100.0,159.5
1244,100.0,225.5
1244,100.0,293.5
1244,100.0,318.5
1244,100.0,326.5
1244,100.0,334.5
1244,100.0,339.5
1244,100.0,402.5
1244,100.0,441.5
1244,100.0,454.5
1244,100.0,505.5
1244,100.0,529.5
1244,100.0,539.5
1244,100.0,578.5
1244,100.0,600.5
1244,100.0,601.5
1244,100.0,613.5
1244,100.0,618.5
1244,100.0,634.5
1244,100.0,639.5
1244,100.0,641.5
1244,100.0,643.5
1244,100.0,669.5
1244,100.0,688.5
1244,100.0,689.5
1244,100.0,697.5
1244,100.0,737.5
1245,100.0,48.5
1245,100.0,49.5
1245,100.0,64.5
1245,100.0,66.5
1245,100.0,99.5
1245,100.0,162.5
1245,100.0,214.5
1245,100.0,256.5
1245,100.0,304.5
1245,100.0,405.5
1245,100.0,408.5
1245,100.0,426.5
1245,100.0,466.5
1245,100.0,482.5
1245,100.0,498.5
1245,100.0,540.5
1245,100.0,588.5
1245,100.0,595.5
1245,100.0,615.5
1245,100.0,626.5
1245,100.0,642.5
1245,100.0,654.5
1245,100.0,674.5
1245,100.0,679.5
1245,100.0,683.5
1245,100.0,705.5
1245,100.0,712.5
1246,100.0,10.5
1246,100.0,125.5
1246,100.0,147.5
1246,100.0,151.5
1246,100.0,168.5
1246,100.0,185.5
1246,100.0,226.5
1246,100.0,229.5
1246,100.0,256.5
1246,100.0,261.5
1246,100.0,311.5
1246,100.0,319.5
1246,100.0,350.5
1246,100.0,365.5
1246,100.0,381.5
1246,100.0,412.5
1246,100.0,422.5
1246,100.0,423.5
1246,100.0,429.5
1246,100.0,454.5
1246,100.0,502.5
1246,100.0,503.5
1246,100.0,552.5
1246,100.0,578.5
1246,100.0,593.5
1246,100.0,636.5
1246,100.0,640.5
1246,100.0,643.5
1246,100.0,676.5
1246,100.0,682.5
1246,100.0,692.5
1246,100.0,742.5
1246,100.0,745.5
1246,100.0,772.5
1247,100.0,11.5
1247,100.0,33.5
1247,100.0,41.5
1247,100.0,44.5
1247,100.0,69.5
1247,100.0,70.5
1247,100.0,76.5
1247,100.0,98.5
1247,100.0,133.5
1247,100.0,147.5
1247,100.0,149.5
1247,100.0,185.5
1247,100.0,303.5
1247,100.0,335.5
1247,100.0,341.5
1247,100.0,365.5
1247,100.0,429.5
1247,100.0,484.5
1247,100.0,507.5
1247,100.0,562.5
1247,100.0,564.5
1247,100.0,575.5
1247,100.0,581.5
1247,100.0,614.5
1247,100.0,624.5
1247,100.0,664.5
1247,100.0,685.5
1247,100.0,722.5
1247,100.0,725.5
1247,100.0,731.5
1247,100.0,748.5
1247,100.0,754.5
1248,100.0,14.5
1248,100.0,25.5
1248,100.0,28.5
1248,100.0,63.5
1248,100.0,107.5
1248,100.0,146.5
1248,100.0,177.5
1248,100.0,230.5
1248,100.0,249.5
1248,100.0,256.5
1248,100.0,267.5
1248,100.0,291.5
1248,100.0,337.5
1248,100.0,345.5
1248,100.0,378.5
1248,100.0,401.5
1248,100.0,418.5
1248,100.0,460.5
1248,100.0,464.5
1248,100.0,509.5
1248,100.0,531.5
1248,100.0,559.5
1248,100.0,581.5
1248,100.0,594.5
1248,100.0,596.5
1248,100.0,670.5
1248,100.0,676.5
1248,100.0,703.5
1248,100.0,762.5
1248,100.0,766.5
1248,100.0,775.5
1249,100.0,43.5
1249,100.0,46.5
1249,100.0,83.5
1249,100.0,135.5
1249,100.0,246.5
1249,100.0,262.5
1249,100.0,270.5
1249,100.0,277.5
1249,100.0,301.5
1249,100.0,332.5
1249,100.0,351.5
1249,100.0,362.5
1249,100.0,375.5
1249,100.0,394.5
1249,100.0,428.5
1249,100.0,443.5
1249,100.0,455.5
1249,100.0,461.5
1249,100.0,523.5
1249,100.0,542.5
1249,100.0,551.5
1249,100.0,556.5
1249,100.0,598.5
1249,100.0,600.5
1249,100.0,642.5
1249,100.0,666.5
1249,100.0,698.5
1249,100.0,758.5
1249,100.0,773.5
1249,100.0,783.5
1249,100.0,786.5
