trial_index,ch00,ch01,ch02,ch03,ch04,ch05,ch06,ch07,ch08,ch09,ch10,ch11,ch12,ch13,ch14,ch15,ch16,ch17,ch18,ch19,ch20,ch21,ch22,ch23,ch24,ch25,ch26,ch27,ch28,ch29,ch30,ch31,ch32,ch33,ch34,ch35,ch36,ch37,ch38,ch39,ch40,ch41,ch42,ch43,ch44,ch45,ch46,ch47,ch48,ch49,ch50,ch51,ch52,ch53,ch54,ch55,ch56,ch57,ch58,ch59,ch60,ch61,ch62,ch63
0,0.45507,1.3172,1.65344,1.75476,-0.41447,1.1124,1.3832,1.06264,-0.20038,0.10418,-0.96919,-0.98309,2.74364,0.27939,-0.33579,0.12971,1.50228,-0.49861,-0.6783,-1.08303,0.44677,0.60545,-0.0575,1.18421,0.78171,-0.27308,-0.33978,-0.44732,0.74789,0.81293,-0.14157,-0.84146,-0.35168,-0.90586,0.08205,1.19975,1.23205,0.5865,1.12905,-0.06309,-0.33335,-0.67184,-0.8917,1.00032,1.82729,-0.25965,0.47181,-1.13047,3.59292,1.37897,1.33515,-0.19225,-0.25773,-0.20279,1.74004,1.05221,0.7641,0.59738,-0.83414,0.50113,0.84941,0.03859,1.70668,1.65657
1,0.11798,-0.33469,0.13003,0.49661,-1.01342,1.25801,3.12822,1.38016,0.31023,0.3315,-1.81832,-1.80057,1.76915,0.06316,0.12134,-0.20476,1.41687,-0.90261,-0.45277,-2.60453,-0.57054,0.92938,0.3954,-0.39258,1.50071,0.52584,0.0268,-0.54143,0.25948,0.04467,0.10817,0.02395,-0.41799,-0.77446,1.2717,1.51474,1.23273,1.35318,0.48151,1.19378,-1.1912,0.50097,-0.42964,1.60181,0.64503,-0.46631,-0.38778,-0.59947,1.8746,2.1373,-0.26615,1.04346,-0.05217,1.04615,3.4844,0.0167,0.46209,0.49812,-0.90434,0.41937,0.98169,1.65918,0.59939,2.64574
2,0.80159,-2.24425,0.15483,0.67384,-0.14374,-0.29819,1.3354,0.42941,0.1793,0.00211,-0.97934,-1.13005,1.77188,-1.07821,0.67191,-0.44278,-1.10348,-0.64196,-0.97783,-1.26205,-1.05545,0.09146,-0.96693,0.00366,1.35389,-0.51835,-0.92973,0.21825,1.89262,0.36944,-0.22108,0.23927,1.31033,-0.46595,1.45786,-1.26322,-0.68642,0.53843,0.27231,0.38642,-0.84643,1.91529,-2.15074,-0.35504,-0.68962,-0.20091,0.15151,-0.5632,2.20121,2.10929,0.53926,0.68169,-0.78746,2.00725,2.93597,-0.2664,0.20984,0.43887,-0.61213,0.52758,1.06317,1.1882,1.74824,2.96441
3,-0.22345,-1.74554,0.91226,1.00546,0.16203,-0.32218,1.38937,0.53704,-0.33359,-1.01852,-0.06436,-0.56252,2.3049,0.00578,0.90857,-0.66309,-1.39318,-0.48128,0.09753,0.21754,-1.60427,1.83536,-1.56675,0.27905,1.23422,0.05146,-0.26023,0.57738,1.81341,-0.83736,-0.02384,0.08881,0.9638,-0.26703,0.93665,-0.51533,0.33047,0.26488,0.93444,0.0915,-1.08199,1.69693,-0.83297,-0.32837,-0.86193,1.12071,0.23108,-0.05971,2.02938,1.49585,0.54553,1.54324,-0.04629,0.86325,1.43824,0.38987,0.06086,-1.43787,0.75397,1.55732,2.01805,-0.07352,0.95363,1.92495
4,0.40598,0.66769,1.13752,0.54936,1.61762,-1.30788,0.67558,0.68406,-1.20766,0.64722,-0.2248,-0.19458,2.62797,0.55048,-0.21665,-0.42023,0.59613,-0.03162,0.73934,0.07849,-0.82495,1.51424,0.12364,-0.24353,1.288,0.25212,-0.429,-0.85158,2.39061,0.5875,-1.22262,0.14477,1.03121,-1.15186,-1.25289,0.47256,-0.16183,0.03061,2.35698,-0.9197,0.21557,1.35165,-0.56648,1.25499,-0.62579,0.76722,-1.62578,-0.9108,0.46726,0.59022,0.9182,1.9668,0.36547,0.32303,0.53974,0.31497,-0.67206,-0.04045,0.28459,2.17465,1.79821,-1.60721,0.20133,2.09653
5,-0.32188,-0.52116,1.32135,-1.14157,0.65731,0.07612,2.08723,0.60829,-0.20555,0.72089,0.62656,-0.01347,2.51014,0.44104,-0.81756,-0.45381,2.06858,0.74132,0.38892,0.99701,-0.58285,1.52204,0.46069,-0.61999,0.49439,0.00939,-0.35567,-0.64301,1.86663,0.43699,-1.0034,-0.75304,1.27038,-1.47858,-1.55898,0.12967,-0.74946,0.03339,2.49903,0.50293,-1.475,1.2487,-0.35257,-1.02764,0.20307,0.34807,-2.00084,-0.94975,0.82804,0.24576,0.49574,0.73023,0.48019,0.52675,0.76254,0.4969,0.68658,-0.92569,0.28717,0.86878,0.36059,-0.16754,-0.48605,1.86884
6,0.14935,-0.40389,1.17864,-1.09024,-0.14151,1.48638,1.05829,-0.08652,-0.44711,-1.02022,0.56817,-0.11984,3.0053,0.04984,0.77873,-0.72102,0.3924,0.30747,-0.19271,-0.16152,0.78924,1.50169,-0.40192,0.18282,0.53502,1.2325,1.1477,-0.93052,2.92812,-1.0193,-0.74305,-0.57212,2.12629,-0.85737,-2.34406,-0.61041,0.04291,-1.98183,1.23769,0.01647,-1.66491,1.30753,-1.07059,1.26454,-1.28591,-1.3516,-1.85656,-0.6277,1.38848,-0.3605,0.6926,-0.2131,-0.26576,0.48922,0.1366,-0.14242,-0.37959,-1.25009,-0.27699,0.01211,1.93272,1.18513,-0.37387,1.63142
7,-1.79282,0.0579,0.91558,-1.39468,-0.72007,2.78877,0.04468,-0.88001,-1.27621,-0.46993,0.15092,0.32276,2.52707,-0.14501,0.14762,-0.46149,0.06019,-0.0834,0.97206,0.88478,1.32926,1.624,0.19878,-0.43024,0.65636,0.79553,0.38667,-0.5377,-0.04832,-0.05568,-0.68648,-0.80013,2.25513,-0.29587,-2.40694,0.57565,0.10769,-0.48567,0.39969,2.21559,-1.57741,-0.7804,-0.0798,0.82176,-1.77683,-0.08704,-2.10566,-1.32753,2.60526,-0.10104,1.77137,-1.66384,-1.00404,1.16909,0.7796,0.17529,-0.13713,1.01229,-0.98375,-0.57731,0.67846,-0.4311,0.06452,1.8884
8,-0.53184,1.6748,-0.67706,-0.61377,-1.7998,2.4225,-0.13432,0.18205,-0.15457,0.18906,-1.40307,0.33744,2.30223,-0.70385,0.68532,0.39831,-0.39407,-0.29429,1.05534,2.08462,-0.06884,2.90674,-0.13551,0.07852,-0.41082,0.15902,0.26291,0.86666,1.12972,1.08743,-0.65873,-0.11912,2.49083,-1.08828,-1.75634,0.90255,1.27777,-0.90532,0.30803,2.53788,-0.08329,0.38204,0.27151,1.26396,-1.52002,0.13336,-0.34199,-0.43772,1.22,-1.37947,-0.56562,-2.22602,-0.66362,1.7367,0.32618,0.59574,0.01965,0.58266,-2.33139,0.55988,0.01229,-1.49195,-0.00602,3.17435
9,-0.55589,-0.85354,-0.98106,-0.80186,-2.18045,1.50769,-1.68842,0.46335,0.00366,-0.28399,-0.23677,-0.65406,1.07233,0.58495,1.55758,1.88689,-0.33062,2.02024,1.39989,0.00801,-0.15535,2.98656,-0.11626,-0.765,0.23207,0.38025,1.45008,-0.10009,0.4338,0.63318,-0.70549,0.21099,3.16288,-0.47013,0.06637,1.1786,-0.66326,0.07356,-0.41861,0.60703,-0.16059,0.73591,-0.15617,-0.15169,-1.44677,-1.18664,-1.00469,0.89582,0.90156,-0.74499,0.47927,-2.22412,-0.98958,1.48556,-0.31588,-0.53343,-0.92833,0.4011,-1.09266,0.33181,0.48678,-2.01227,-0.27563,2.92027
10,-0.53097,-0.37807,-1.09903,-1.1198,-1.91098,-0.15836,-0.87001,-0.14611,0.82995,-0.48851,0.23814,-0.5812,0.41906,0.2541,1.88504,1.29643,-0.40534,-0.38647,1.20154,-0.19566,0.24562,0.79367,-0.25837,-0.4003,0.94993,1.29528,0.96396,0.36859,-0.34176,-0.26501,-0.95936,-0.10064,0.83734,-0.42839,-1.14633,0.25799,-0.67434,-0.09841,-1.32309,-0.55194,0.44926,0.60934,-0.37306,0.6939,-1.29294,-0.32806,0.14064,2.07852,-0.59387,-0.52759,0.32395,-1.83894,-1.20034,0.69509,-0.46627,0.41072,-1.35354,-1.36636,-1.75507,0.6181,2.05169,-1.07878,1.006,0.55641
11,-0.73993,-1.63569,-0.50683,0.45715,-2.07269,0.01599,-0.38893,-0.85496,-1.06881,-1.4319,0.64444,-0.43407,1.93938,1.48816,-1.00934,1.21291,0.52352,-0.12369,0.61668,1.19803,-0.05523,0.30144,1.05945,-0.74425,0.07515,0.01907,2.86946,-0.31826,-1.04916,-0.74808,0.21066,-0.41561,0.21039,-0.90731,-0.55318,-1.08927,-1.91637,0.9468,-1.93815,-0.46495,0.81383,-0.09807,0.35869,1.66101,-1.0263,0.57126,-0.35167,0.01066,-1.62587,-0.1016,-0.21635,-1.65529,-1.45496,-0.80778,0.77659,-0.10115,-1.47034,-0.45662,-1.39454,2.84367,0.86499,-0.71048,1.18762,-0.27006
12,-0.34165,-0.80163,1.16613,0.30781,-2.01386,-1.29005,-0.1211,-0.31563,-0.90234,-0.58713,0.75634,-1.27189,0.94036,2.3526,-0.35809,1.56831,-0.7814,1.09616,-0.7708,1.55817,-0.39185,0.84604,-0.60978,-1.25728,-1.35665,-1.62904,1.49027,0.00908,-0.45242,-0.806,0.60669,0.3495,0.44566,0.12936,0.2839,-0.14866,-0.81506,0.96072,-2.37277,-0.43178,-0.54789,-1.28558,0.15394,0.91296,-1.04782,0.53896,-0.24525,-0.37965,-1.54374,-0.55888,-0.36553,-1.21643,-1.97563,0.63729,1.18739,-0.50805,-2.12953,0.61557,-0.74647,2.04926,0.7027,0.02598,-0.11369,-0.99527
13,1.11961,0.812,0.69782,-0.80145,-1.65908,-0.81969,-2.14427,0.28002,-1.2624,-0.49685,0.40817,-0.75958,0.92094,1.84019,0.76926,2.38209,0.48732,0.46597,-1.6975,0.40527,-1.22748,1.35395,0.75444,0.22916,-1.20921,-1.72932,0.46462,-0.72139,-0.32314,-0.88253,1.98422,1.49565,0.8794,0.96945,-0.60062,-0.22693,-0.83794,2.12285,-1.60753,0.26149,-0.58897,-0.95997,1.22058,0.59651,-0.87288,0.2153,0.6353,0.01367,-1.00774,-0.95951,0.39308,-0.04694,-2.01045,0.68081,-0.47877,0.40608,-2.02615,-0.39145,-0.58377,2.24307,-0.72581,-0.17615,-0.49383,-1.70049
14,0.43957,1.39829,0.65028,-0.32366,-0.34286,0.65505,-2.38191,0.02241,-1.03924,-0.7304,0.33473,-0.17032,-0.50443,0.43973,1.14049,0.46647,0.64262,2.06377,0.18518,0.83974,-2.058,1.59732,0.09801,-0.83731,-0.29242,-0.19331,-0.01152,-0.65393,-0.9229,-1.46717,-0.05547,1.95596,-0.2278,0.14515,-0.06846,-0.89486,-0.48879,2.7214,-1.65483,0.48931,1.57106,-0.99834,2.65492,1.2937,-0.26819,0.53309,-0.50588,0.47426,0.57661,-1.51535,-0.20187,1.36926,0.10676,1.46821,-0.34025,-0.36001,-0.17867,-1.13732,0.78603,3.53082,-0.28298,-0.25145,-0.42394,-0.94671
15,-0.43215,0.77051,-0.50049,-0.68437,-0.40421,1.05884,-0.89092,-0.89979,-2.29796,0.93737,0.14658,-0.89924,0.44754,0.87479,0.37064,-0.11383,-0.06508,1.39143,0.31993,1.71205,-0.61462,2.31349,-0.32414,-0.96919,0.93787,-0.81739,0.0351,0.33269,-0.85248,-0.18377,0.30488,1.4418,-0.28183,-0.46038,-0.38115,0.09296,-0.78108,0.75476,-0.66907,0.15291,-0.08293,-0.50463,1.98374,1.03565,-0.95281,-0.69435,-0.01465,0.11286,0.75334,-1.4422,0.97215,2.15602,-0.53202,0.85634,-1.26253,-0.59855,0.55007,-1.07315,0.02402,2.68076,1.59778,0.5204,-0.2165,0.48398
16,-0.99232,0.54372,-0.87002,0.69416,0.95319,0.84595,0.09738,-1.43797,-2.18032,0.85454,-1.28859,-1.08669,0.72654,0.35796,0.23291,-0.1199,-1.03058,2.21664,-0.9978,0.63177,-0.45288,0.48981,-0.23136,-0.43961,0.3077,-0.36415,0.57926,0.70521,-0.20119,-1.15508,0.50494,0.02679,-1.04741,0.0267,-0.00519,-0.18224,0.51426,0.78056,0.48033,0.00088,-1.17389,-0.60133,1.14212,-0.10693,0.02225,0.25576,0.27632,0.2655,0.66151,0.57154,-0.11875,-0.13531,0.00687,0.99087,0.43501,-0.12865,-0.04367,-0.8928,-1.09052,1.86599,0.56288,0.24663,0.52856,-0.59054
17,-0.722,0.69077,-1.11027,0.28689,0.11018,1.70605,-0.19792,-2.51222,-1.22941,0.83561,0.9817,-1.01794,0.59661,0.0202,-0.44987,1.4091,-0.70595,0.62694,0.22412,-0.32848,-1.94301,0.33749,-0.40759,-1.52046,-0.97606,-1.1742,-0.12619,-0.03968,-0.92861,-1.11525,-0.25714,-1.80029,-0.70892,1.29005,1.29583,0.54782,0.69693,0.34222,0.10242,-0.63498,-1.95664,1.30821,0.28638,0.25654,0.1155,-0.51304,2.05788,0.45273,-0.56662,0.69016,0.82538,0.51637,-0.49439,1.22929,0.88435,1.26908,0.82411,-0.55549,-0.77761,2.65852,1.45663,0.58284,0.11605,-0.41076
18,-1.42673,0.27056,-0.50793,-0.11162,1.04508,1.27295,-0.79833,-2.29149,-1.21835,0.40258,0.72538,-0.69741,0.82478,1.02438,-0.44845,1.22249,0.15538,0.05817,0.2578,-0.1218,-0.67496,0.3096,-0.42898,-2.02325,-0.29271,-1.31085,-0.13148,-0.37937,-1.93214,-0.49375,-0.49,-2.42937,-0.04438,-0.66923,0.44528,-0.9704,0.66701,0.48499,-0.18525,-0.80801,-0.63231,-0.1333,0.38233,0.6856,0.01233,-0.88244,1.78722,0.27667,-0.5738,-0.11943,0.36738,1.57452,0.02209,0.36435,1.73817,0.64483,0.63138,-1.80605,-0.35653,1.43863,0.79556,0.36569,-0.30869,0.27582
19,-0.9061,-0.13166,0.25017,0.87666,-0.58406,0.67715,-0.57498,-1.11464,-1.65589,-0.26701,-0.35551,-0.4875,0.29238,0.07119,0.15904,1.22945,0.75364,0.4398,0.24046,-0.48668,-0.21889,-0.81007,-0.64396,-1.8105,-0.16733,-1.02243,-1.16625,0.78487,-0.88513,-0.28281,-1.5309,-0.87322,0.93426,-0.14176,0.9573,-0.49059,0.0924,-0.05185,-0.13105,-1.41617,0.00053,0.23987,0.22333,0.66255,-0.10341,-0.6167,1.3025,0.9511,-0.73009,0.61422,0.03976,0.22182,-0.22337,-0.27075,1.02116,2.50599,0.75285,-0.99307,0.8998,0.82167,1.37594,1.41776,-1.47024,0.21966
20,-1.49861,-0.21388,1.69963,-0.59096,-0.3048,0.26551,-0.61053,-0.67274,-0.15178,-2.17575,0.76311,-0.27299,0.33234,1.57195,-0.37868,0.71776,0.69193,0.27539,-0.38014,-0.99399,0.09137,-0.30383,0.57518,-0.40576,0.75465,-1.25672,0.36719,0.13327,-0.6457,0.0232,0.02488,-0.63704,-0.10123,0.27868,1.9114,-0.85731,0.51553,-0.5566,-0.49745,-1.95955,1.48881,0.30523,1.1622,0.90014,0.7614,0.05956,1.18625,-1.15332,-1.22795,0.60618,-0.32005,1.16054,0.35058,0.41342,0.2115,1.99289,-1.23846,-0.93241,-0.48798,-1.7687,0.20409,-0.1322,-0.75696,-0.66411
21,-1.55759,-0.09562,1.49867,0.45502,0.12461,2.49874,0.21114,-0.13947,0.46741,-1.81294,1.15312,-0.0883,0.90244,0.40349,-0.77356,2.28213,1.92174,-0.53419,0.67608,0.22752,-0.87459,-0.13165,-1.48532,0.72982,-0.08896,-0.67995,0.83217,-1.04467,-0.06671,0.45001,0.01671,-0.3333,0.37888,-1.36327,1.2973,0.58086,3.12461,-1.02956,-0.72035,-0.86042,1.35689,0.57975,1.38579,-0.40299,0.26041,-0.6422,0.69197,-0.97157,-0.37312,-0.12384,-1.40059,0.87322,-1.34136,0.47491,0.7547,0.75141,-0.97138,-0.77645,0.29097,-0.46166,-0.33605,-0.61523,-1.07466,0.48825
22,0.01881,-0.46572,-0.34197,-0.28373,-1.38648,1.11825,-1.04121,1.12379,-0.30728,-0.43084,0.38494,-0.43676,0.38375,0.96276,-0.55965,1.93045,2.21681,0.24486,0.16812,1.0861,-0.51151,0.61172,0.30336,0.16332,0.4018,-0.5062,1.14322,0.68139,0.13123,0.59492,-0.78119,0.86663,-0.45942,0.06951,1.44485,0.97377,1.16651,-2.06063,-3.19427,-1.661,0.80214,-0.25356,1.09598,1.03371,-1.05363,-1.05274,0.54665,-0.82376,0.49783,-1.19927,-1.79426,0.42082,-0.68084,1.45267,0.21743,0.83803,-0.82356,-2.64901,-0.217,-0.81709,-0.3741,-0.73846,-1.12065,0.20292
23,0.90208,2.39676,0.04256,0.58683,-1.04014,0.24779,-1.17232,1.3933,0.02691,-0.18845,0.46464,0.248,0.24085,-0.71529,-0.35233,0.26295,1.92513,0.41241,-0.66559,-0.33382,-1.14225,1.07554,-0.78581,-0.90499,0.32244,-2.27642,1.08915,1.41843,-1.20714,1.06929,-2.14636,3.17832,-1.07999,-0.05076,-0.45479,1.42057,-0.46995,-1.68884,-0.58571,0.22422,-0.21069,-1.58336,-0.07511,-0.02007,-1.46122,-0.35712,-0.66943,0.9597,-0.04675,-0.25863,-1.09559,1.24554,-0.26458,0.92053,-0.72498,1.49903,-0.12208,-2.20289,-0.72987,-1.3344,1.09168,-1.82988,-0.86302,-0.64955
24,0.42315,2.08438,-0.69168,0.18814,-0.59013,-0.17409,-1.15544,0.20185,-1.09802,0.31963,1.17239,-0.41897,0.03925,0.39582,-2.51349,-0.71748,1.25169,0.29926,-0.03185,0.51832,0.39408,0.43834,-0.23681,-0.25348,-1.08294,-2.5394,2.42576,0.50162,-0.97369,0.86188,-2.04024,1.62184,-0.66496,0.09288,-1.11523,0.18018,-1.06903,-1.24768,-0.73506,-0.24288,-1.01541,-1.02634,0.01442,0.14335,-1.64004,1.52998,-0.68676,0.13612,0.91462,-0.08964,0.17426,1.33281,-0.41153,-0.17505,0.33673,0.91351,-0.83709,-0.75768,-0.17902,-0.84456,-0.24619,-1.17423,-0.53645,0.03062
25,0.52943,0.08664,-1.01411,0.45207,0.59081,-0.33839,-1.5598,0.4451,-0.68066,1.1196,-0.91688,-1.42814,-0.86075,0.03387,-2.05411,-0.37452,0.18097,0.80301,1.41302,-0.90181,-0.8961,-0.12296,-0.68464,-0.52047,-1.40207,-1.55233,0.95241,-0.99974,-0.57081,-0.06489,-2.61232,1.03353,-0.43963,-0.92634,-1.00059,0.70084,-0.08806,-0.99302,-1.08229,-1.50732,-0.25782,-1.23287,-0.08502,1.82423,-0.45699,0.88486,-0.42511,1.41947,-0.5194,-0.06278,-0.05506,0.84941,-0.97149,0.73483,-0.10802,1.39837,0.31405,0.80398,1.67771,-0.70844,-0.13433,-1.48352,-0.1538,0.85121
26,-1.41758,-0.20102,-0.90452,-0.57575,1.409,0.40753,0.07449,-0.06359,-1.70577,1.07193,-0.6131,-1.19722,-1.41526,-0.44412,-1.57918,0.16899,0.65468,0.65774,2.70698,-0.0484,-2.0988,-0.444,-0.90201,-0.89185,-1.25496,-1.32365,0.30748,-0.90404,-1.17638,0.22903,-2.68232,1.76573,-1.13805,0.0939,-0.91151,0.16216,-0.0549,-0.3157,-1.24563,-0.31618,-0.63503,-1.0446,0.1815,2.36018,-0.69176,2.11051,-0.0413,1.06215,0.09557,0.64077,-0.15543,1.13891,-1.50573,0.97842,-0.57096,-0.09842,0.6967,-0.15521,2.40474,1.06731,-1.22201,-1.47558,-0.01634,-0.51691
27,-0.56122,1.17708,-1.32562,-1.23426,2.3869,-0.47184,-0.24337,0.25776,-0.02227,-0.17158,-0.33331,-1.1149,-0.03482,-1.14161,-2.2648,-1.66696,-0.49739,-0.19639,1.77207,1.28357,-0.00526,0.06869,-0.49194,-0.85419,-1.10008,-1.27491,1.07916,-0.92463,-1.62325,0.49825,-3.0743,-0.11074,1.14351,1.30246,-0.52004,-1.03405,-1.02854,0.01648,-1.03215,0.37867,0.7276,-1.06234,0.21033,1.58591,-1.07036,1.254,1.03905,0.47846,-0.0125,-0.05344,-0.70255,1.1894,-0.906,-0.5942,-0.04717,0.66724,0.36614,-0.41785,1.05587,0.44155,-0.61769,-0.76872,0.41036,0.52394
28,-0.2346,1.0003,-0.67627,-1.97282,0.93772,0.80034,-0.90558,-0.69396,0.74847,0.19605,-0.38728,-0.12381,-0.21324,-2.05267,-0.76749,0.54806,-0.0759,-1.75926,1.4585,0.80185,0.43514,0.30966,0.97535,0.15011,-0.44121,-1.89137,0.3659,-0.28786,-1.64895,0.06419,-0.42528,-0.34494,-0.2992,-1.48259,-0.11607,-1.0703,-0.78146,-1.27227,-0.52082,0.1176,0.33352,-1.1152,-0.40814,1.26497,-1.42123,0.66204,0.34543,-0.05494,0.84996,-1.39545,-0.33828,0.67373,-2.64445,-1.93318,2.33016,0.14521,1.04986,0.35623,-0.09649,-0.63648,-0.42571,-1.18437,1.24287,0.37704
29,1.00013,0.0601,-1.20768,-1.01146,-0.68806,0.3077,-2.94115,-0.15136,1.15706,-0.6059,0.91623,0.18256,0.42646,-1.04869,0.05538,-0.26133,-1.29778,-1.71884,0.81003,2.07357,0.46837,-0.75548,-0.30213,0.34794,0.43021,0.06544,0.18623,-1.19912,-0.30859,0.13919,1.0229,-1.36283,-0.17399,-1.98151,-2.07164,-0.90279,-0.06596,-1.04447,-1.29987,1.21386,-0.55734,-0.20494,0.70157,-0.41293,1.01775,1.69015,-0.89991,1.71191,1.25341,-1.79469,-1.65902,0.73732,-1.01493,-0.38557,2.67995,-0.83527,0.74643,0.55443,1.10104,-0.97092,-0.34954,-1.21236,2.24686,0.16294
30,0.89244,-1.03321,-1.54181,0.5713,-0.78569,0.70971,-2.27879,-0.45256,-0.13652,-3.08984,0.13364,-0.31758,2.33037,-1.19428,1.68325,0.76245,-0.37146,-0.53341,1.25336,0.37984,-0.0531,-1.29157,0.65971,1.70811,0.65192,1.28718,0.39664,-0.93119,-0.46083,-0.5631,1.38156,-0.27297,-0.89129,-0.44054,-2.04643,0.68764,0.42549,-2.50157,-0.76569,1.30939,-0.6984,-1.2021,-1.08781,-0.57792,0.99174,1.17231,0.6466,1.42956,0.82784,-0.84502,-1.11125,0.74138,0.20842,0.10368,0.96829,-0.07514,-0.05298,0.46193,-0.90094,0.12194,1.31933,-1.13221,0.10077,0.50958
31,0.47719,0.43005,-1.26539,-0.24882,-0.0273,0.14369,-1.54026,0.13254,-0.77876,-2.12816,-1.02318,-0.98802,1.86246,-0.73206,2.71197,1.84992,-0.31156,-0.07211,0.78119,1.81442,-0.63638,-0.38363,-0.36416,0.75684,0.2107,0.71024,-0.1161,-0.75485,0.45654,-0.3835,0.65788,-0.95149,-1.484,0.69886,-0.61656,-0.22293,0.99259,-0.9535,-0.13657,0.91211,-0.02885,-1.31124,-1.0596,0.16304,0.89365,0.51233,-0.17759,2.01823,0.52964,-0.06781,-0.48413,0.4747,0.22625,0.51416,0.95276,-0.26302,0.62302,0.17395,-2.05589,-0.21252,1.50227,-0.24219,0.45795,0.74163
32,0.51971,1.18379,-1.95658,-0.09725,0.73112,-0.79023,-0.60662,-0.48823,-1.27655,1.2627,-1.42586,-1.99213,1.23201,-0.39474,0.54329,2.36142,-0.13438,0.6435,1.38092,1.27118,0.57052,-1.01745,-0.64288,0.75112,0.108,-0.2612,-1.62066,-0.49935,-0.11695,0.19414,-0.05483,-0.92731,-0.78275,-0.46778,0.62896,-1.35233,-0.36701,0.31569,0.26781,0.09227,-0.10862,-0.75719,-0.80636,-0.30656,1.38855,0.41985,-0.11125,1.92438,1.94487,0.67866,-0.28318,-0.61939,0.50583,0.2617,1.19641,-0.75264,0.19234,-0.75368,-1.96514,0.78332,1.68562,0.45974,0.19552,-0.40255
33,1.13307,-0.25172,-1.11926,-1.42927,-0.42918,-0.87331,-0.46156,-0.56035,0.01304,-0.1864,1.29429,-0.2018,0.89894,-1.04351,-0.89635,1.06244,0.87252,-0.14225,0.93766,-1.13802,-0.04876,-0.82619,0.41635,1.40999,-0.83024,-0.34558,0.11292,-0.21107,0.73173,-0.13272,0.76942,-0.93369,1.22077,0.50954,0.05158,-1.14159,-0.17697,-0.64101,-1.20684,-1.44427,0.52903,0.13882,-1.14773,1.54161,1.68204,0.30797,0.44124,0.51428,0.83399,-0.70168,0.46046,-0.80529,1.01027,-0.39662,1.60976,0.59889,0.45062,0.24223,-0.94853,0.58251,2.50829,-0.18051,-0.11519,0.77025
34,-0.13594,0.18396,-0.29944,-1.70092,0.44232,-0.83629,0.77922,0.18389,0.02358,0.49602,0.62978,0.84153,-0.31412,-1.70084,-0.83032,-0.19383,0.61899,-0.84492,1.51857,-0.81753,-0.25561,0.81891,-0.43759,0.60743,-0.6074,0.26916,0.42872,-0.84661,0.68471,0.98758,-0.06348,1.41187,0.29412,-0.04955,-0.46312,-1.18723,0.31178,-1.421,0.27608,-1.34301,-0.12444,0.43807,-1.18705,1.54661,1.06271,1.10212,-0.53424,1.9706,0.10388,1.39691,0.66858,-0.05763,-1.48216,-1.05305,0.19486,0.28453,0.03651,-1.18832,-0.60282,1.14908,1.45721,0.14389,-1.34399,1.05219
35,1.17751,0.96303,-0.17948,-0.12886,1.37282,-0.78831,0.07701,-0.24179,-0.17151,0.12828,-1.36638,0.88553,-1.21711,-0.22386,-1.64041,0.94035,-0.69804,-0.71752,0.14952,-0.38001,1.16863,-0.72052,-1.4425,0.19709,-0.95529,-0.29082,0.86048,-1.05109,-0.31967,0.49356,-0.41928,1.95913,0.14855,0.60079,0.12964,-1.83377,0.21632,-0.33908,1.38447,-1.91753,0.01487,0.0398,-0.86486,0.52098,1.9485,0.31111,0.01888,2.2093,-0.52753,0.77322,-0.05031,0.26457,-1.47105,0.50453,-0.20298,-0.85868,0.1043,-1.69981,0.56363,0.24487,1.66129,-1.6945,-0.34009,3.01111
36,-0.05827,1.48141,-0.64244,0.1512,0.44568,1.03601,1.11777,-0.48474,-0.63957,-0.38653,-0.35629,1.65346,-0.79168,1.25312,0.07458,1.35872,0.07445,-1.39882,-0.14088,-1.09756,-0.17472,0.01914,-1.67325,-0.40314,0.1299,0.03644,0.46976,-0.23184,0.792,0.56332,-0.30976,1.7035,1.25344,0.56368,0.19119,-0.04123,-0.06123,-0.14899,1.3212,-1.58122,0.53075,-0.05326,-1.95592,0.23848,0.96798,-0.31818,-0.90339,2.07684,-1.87893,-0.78404,1.19408,0.78891,-0.66562,-0.7073,-0.08715,-0.55988,0.2632,-0.51377,0.64138,1.96373,1.98809,-2.8746,-1.30959,2.22303
37,0.31684,1.41397,-0.90112,1.07912,1.18008,-1.95093,0.2283,-0.76212,-0.07652,-0.04016,-0.82722,1.07875,-1.56951,-0.37659,-0.20104,1.6804,-1.96224,-0.80589,-0.19184,-1.1664,1.43738,2.20988,-2.15365,-1.10066,0.53378,1.17601,2.13846,-0.10232,0.39569,-0.52198,-1.1094,0.88801,1.40357,0.75423,0.01673,-0.47748,0.28516,-0.40574,0.38876,-1.19243,-0.85028,0.32063,-2.73733,-0.73406,1.83104,-0.86128,-0.37431,1.79919,-2.63114,-0.1364,0.61504,0.89598,-0.42117,-1.07998,-1.76616,-0.39983,-0.60676,-1.72282,1.0172,1.80935,1.53001,-1.1102,0.08631,1.52111
38,-0.29783,2.07198,0.34786,-0.50896,0.23336,-1.66921,0.96704,-1.11163,-0.25506,-0.71758,1.09141,0.85596,-1.57406,-0.21785,0.27163,1.15113,-0.60268,-0.64874,0.25823,-1.13757,0.37639,1.64469,-0.84105,-1.28947,1.06027,0.19348,0.62083,-0.89142,1.05634,0.07774,-0.67031,1.20444,0.96791,0.73938,0.17891,0.83283,-0.52102,-0.19816,0.51047,-1.03686,-0.20764,0.15606,-1.74518,-0.55947,2.85438,-0.79971,-1.40638,0.38627,-1.14847,-1.45878,-0.75738,-0.00366,0.049,-0.24995,-2.31164,-1.03594,0.82027,-1.01635,-0.3253,0.75227,0.33535,-0.83198,1.34055,0.4627
39,0.07847,0.41139,-1.04351,-0.70806,1.51029,-1.21209,-0.21344,-1.45379,1.11527,-0.62944,-0.40309,0.58321,-1.86376,0.14792,1.00408,0.1158,-0.26432,-0.45055,-1.02135,-1.01235,1.97165,0.92233,-0.69188,-0.65236,1.5954,0.20009,1.20029,-0.24878,0.30509,-1.64593,0.90877,0.67096,0.49057,0.20828,0.77846,2.0945,-0.02224,0.64542,1.38167,-0.60352,0.01051,0.20703,-1.5564,-1.02943,0.30854,-0.29016,-0.07411,-0.07125,-0.18857,-0.24089,0.3911,0.35994,-0.24776,-0.25846,-1.80641,-0.77635,1.43211,-0.56123,0.3134,-0.82246,-1.07625,-0.83929,2.34675,-0.39987
40,0.40991,-0.14636,-0.46849,-1.18307,0.21211,-1.60958,-0.678,-2.07279,0.26176,-0.61875,-0.14211,0.54938,0.76499,-0.32711,1.11177,0.86256,0.62694,1.43167,-1.5369,-1.08268,0.5995,1.25393,1.0918,0.68944,0.80925,-0.01912,0.97587,0.7766,0.2233,-0.68775,-0.01815,0.09091,1.66303,0.66679,0.86999,0.6927,0.23358,0.32132,1.12171,0.47032,1.65852,-0.10882,-2.18366,-0.87054,0.02479,-0.8499,1.02241,0.32687,0.25318,-0.05119,-0.8317,-0.08084,0.39923,0.29178,1.05981,-0.51778,0.49632,1.58426,0.58993,-1.60912,-0.81364,0.35741,1.89948,0.15805
41,0.70244,1.61508,0.66149,-0.51934,-0.03676,-0.92436,1.06342,-1.32,-1.18733,-0.24074,1.49949,-0.25001,1.86622,-0.51946,-0.29313,1.16719,0.68206,0.11131,-0.89362,0.00385,0.46717,0.70374,-0.0684,0.66523,1.48851,-1.1561,0.73766,-0.15274,0.30641,-0.48295,-0.2923,0.16624,2.7314,0.16559,1.25482,0.4683,0.09376,0.18677,0.67305,-0.23157,1.98222,-0.71035,-2.06871,-0.19248,-0.75767,-0.37493,0.59286,0.49956,0.57166,-0.24517,-0.38506,0.20125,-0.35881,0.54179,1.3998,-1.52421,1.63188,0.93317,0.10094,-1.68217,-0.97486,1.13918,1.11217,2.97781
42,1.01358,0.77814,0.61042,0.24729,-0.34412,0.92101,0.91373,-1.05746,-0.67748,-1.06108,0.8468,0.70945,2.02603,0.68882,-1.14509,0.88042,-0.06075,-0.14138,0.80277,0.97429,-0.38219,2.33067,-1.8868,0.71377,2.47917,-0.38903,-0.88877,0.68332,-0.32536,-0.14998,0.45422,0.95342,4.46498,1.27824,1.78454,1.34549,0.28221,0.38907,-0.43193,1.10208,3.42999,-1.4485,-0.44803,0.88207,-0.79964,0.37055,0.31424,0.83283,-0.55701,0.52563,1.64527,0.44066,0.25689,0.30888,1.96656,0.70798,-0.14711,1.31516,-0.98901,0.16648,-0.54388,0.27935,0.10978,1.27069
43,0.48965,-0.90413,-0.9849,-0.70355,0.70705,-0.02633,0.22056,0.001,-0.97608,-0.25039,0.92161,0.11036,2.96155,-0.80149,-1.20696,-0.76942,0.07093,2.538,0.77013,0.52356,-1.68918,1.59079,-1.01808,-0.23811,2.30984,0.84493,-0.45727,-0.7988,0.43115,-0.88027,-0.45612,1.28987,3.94886,0.57532,1.86191,1.21218,0.50533,-0.31388,-0.99991,1.49721,1.39639,0.36505,1.05757,1.03281,-1.04936,-0.04609,0.20029,-0.79296,0.63503,2.16683,1.12364,0.59602,0.04199,-0.98654,-0.01033,0.72597,-0.49447,0.29532,-0.25167,-0.71338,-0.53212,0.78764,0.0949,1.02525
44,-0.46911,1.17061,-1.82393,0.46874,-0.06464,-0.07311,0.62374,0.12526,-0.05852,-0.30209,-0.02778,0.61206,2.78668,-0.12431,-1.04754,0.03037,-0.70356,0.85131,-0.11046,-0.54441,-0.49151,-0.20947,-0.54185,0.11509,0.85276,0.7044,0.07085,-0.54666,-0.72678,-0.58072,0.18685,-1.46628,2.40675,0.35524,0.63802,0.52362,1.72805,-0.79118,0.92063,1.53876,0.32629,-1.69493,-0.26396,-0.94788,-1.30707,-0.50534,0.60924,-0.59894,-0.30488,0.85752,1.14347,0.5347,0.42994,-0.32572,-0.46309,0.06571,-2.21811,0.60561,-0.14437,-0.80918,-1.67895,1.21804,0.81637,2.57426
45,0.10541,1.13022,-0.46281,0.88397,-0.35842,0.76172,0.35377,0.78463,0.28213,0.84929,-1.96817,-0.03881,2.24764,-1.15576,-0.91823,1.85603,-0.04051,-0.31585,-0.443,-0.41426,-0.58192,1.51101,-0.28349,-1.28412,0.76244,-0.67103,-0.05349,0.20557,-0.81278,-1.19231,-1.94906,1.88995,1.57694,0.26409,1.60388,1.17551,0.41512,0.21583,1.94416,0.52845,0.87695,-2.22721,-0.32189,0.62838,-1.10303,-1.24696,1.06117,-0.46744,-0.447,1.21858,-0.53566,0.50015,1.4005,1.03872,0.53225,0.64134,-0.77038,-0.24683,0.02009,-0.9934,-0.55201,1.06862,0.49839,-0.21819
46,-0.38486,0.13898,-0.7291,1.46377,0.04154,0.2732,0.08979,0.90216,0.67392,1.45894,-1.53056,-0.08871,1.03055,-1.0205,-1.15065,-0.06116,0.42986,-0.41633,-0.48166,-0.06245,-1.52924,1.20342,-0.12051,0.11826,0.88529,-0.21428,-0.22163,-0.94056,-1.55346,-0.05825,0.54612,0.70805,0.88268,-0.55595,0.41011,1.95357,0.35239,1.11486,-0.89699,0.04839,1.44031,-2.29223,0.00148,0.81291,-1.32308,-1.35096,-0.30772,-1.13895,0.5914,-0.2319,0.83634,1.22073,0.99631,1.84856,0.73807,-0.21762,-0.53617,-1.69858,0.79389,-0.24326,-0.72482,2.03061,0.36537,-1.25234
47,-0.96559,0.11135,-0.96144,0.00063,0.2529,0.51235,-0.97749,0.19289,1.92785,0.74168,-1.45068,0.53282,0.19447,-2.03421,0.41731,0.1407,-0.30714,0.4987,-0.34445,-0.64174,-1.23613,2.1807,-0.39031,1.64686,-0.18175,-0.1254,-1.15518,0.76158,0.67011,-0.5515,-0.645,0.90664,0.18621,-1.35406,0.12568,1.36988,0.95922,-0.3871,-1.98815,-0.29075,0.17118,-1.05648,-0.52704,0.33749,-1.13953,-1.68989,-1.4291,-1.06928,1.70651,-1.23877,-1.11551,2.15597,0.52527,0.6339,1.42542,0.84555,-0.1283,-1.54769,1.59778,-0.13246,1.32752,0.83877,0.39931,0.16782
48,-1.2854,0.83981,-1.13738,-0.94162,-0.19328,1.09829,-0.29336,0.71861,0.45226,1.6403,-0.7685,0.06386,0.19909,-1.03139,0.74962,0.24632,0.54884,-0.26165,0.75144,0.24229,-1.8996,1.56721,-0.49544,0.6852,-1.25665,-0.78361,-1.19045,-0.23111,0.23012,-1.51835,-1.89717,0.10568,1.40046,-1.73067,-1.0362,-0.39363,0.8343,-0.1363,-0.50872,-1.22459,-1.36934,-0.74729,0.04774,1.5333,0.48805,-1.3964,-1.72638,-0.63874,-0.02049,-1.0686,-1.07074,1.10083,0.04322,-0.63472,3.11107,0.1596,-0.44377,-1.18322,0.99699,0.77607,0.93707,0.55245,-0.46709,0.1664
49,0.2502,1.46482,-0.8289,-0.64191,-0.77158,0.70675,-0.53281,0.95331,0.28777,-1.73743,-0.32017,-0.64128,1.39097,-0.01989,0.10409,0.94743,0.59272,-0.30889,0.81827,0.8705,-0.38484,0.15513,0.05872,1.0106,-0.77186,-0.92324,0.1129,0.63099,-0.19415,0.60058,0.52222,-0.09995,2.38501,-1.88634,-0.21442,-0.96703,0.08985,0.49001,1.03363,-2.08307,0.17071,0.4295,0.58132,1.11086,0.28693,-1.6362,-1.54861,-1.78926,-1.23557,-0.31652,-0.80097,0.79399,0.35892,-1.0097,2.39513,0.04357,-1.34455,-0.44358,0.54876,1.96967,-0.19013,2.24085,0.17512,1.46112
50,0.37393,1.14068,0.79698,-0.28837,0.8206,1.76662,0.31359,0.34717,-0.28639,-0.78171,-0.7556,0.61462,1.88549,-0.89009,0.50235,0.65724,1.90921,0.96767,1.14421,1.17877,0.62313,1.74131,-0.74886,-0.24377,0.05089,0.65559,-0.08383,-0.42637,0.08102,-0.73297,0.59529,0.2827,0.64075,-0.84273,-0.05882,0.70956,-0.85045,-0.87205,0.30075,-1.37974,1.16502,-0.06349,-0.41425,-0.10546,0.53085,-0.94881,-0.48694,-1.07543,0.31026,0.337,0.11178,0.81076,0.93385,-0.87924,1.99942,-0.87495,-1.68725,-0.87825,-0.95217,2.0317,-0.67456,0.95634,0.6527,0.99041
51,0.88182,0.77237,0.11693,0.07149,0.33866,1.93417,0.49359,0.85177,-0.94728,-0.66872,-0.77064,1.12211,1.41705,-0.52025,1.40245,1.42357,0.99718,1.53571,1.51422,0.86619,-0.1249,1.39886,-1.03271,-0.24575,-1.6081,-0.0344,-1.04275,-1.35866,0.84436,0.14316,-0.82512,1.67273,0.38079,-0.31791,1.07307,2.05043,-1.63884,-0.56763,0.09848,-0.11367,0.23991,0.13265,0.72088,2.24091,-0.44269,-1.38351,-1.45978,0.59129,0.13004,0.75217,0.10241,0.0165,0.06539,-0.61602,2.21558,-2.1367,-1.188,-0.24688,-0.40325,2.32226,-0.49261,0.13172,-0.49578,1.31567
52,0.69234,1.2764,-0.06118,0.04168,-0.53846,0.46707,0.49137,0.95593,0.32932,0.18862,-0.23774,-0.41758,1.71067,-0.39898,1.39986,-0.00689,1.71816,0.46375,0.42415,0.75049,-0.3635,-0.09008,-0.02847,-1.20288,-1.14994,-0.17196,-1.16546,-0.25623,-0.06564,-1.32769,-0.83077,-0.29978,0.52665,1.58945,0.12779,2.49331,-0.16915,-0.54126,0.31398,0.54561,-0.06345,-0.35218,0.77713,2.83865,-0.78538,-0.76729,-1.34568,-0.8138,0.8318,0.74002,0.06744,-1.59485,0.46202,-0.15596,2.85495,-2.56461,-1.42861,-0.17918,-0.76186,1.38914,-0.76855,0.16915,-1.54278,0.94183
53,-0.09188,1.46131,-0.20344,-0.27801,-0.37634,0.08694,2.26491,2.02,-1.1542,1.18583,-0.16205,-0.96188,0.96333,0.2989,0.42347,0.28657,0.8624,-0.13306,-0.04597,0.34314,0.16076,2.04751,-0.10294,-0.91098,-2.28081,0.34323,-0.80613,2.10006,-0.76268,-1.61833,-0.97508,1.77911,0.65282,1.73639,-0.84586,1.57459,1.39733,-0.54629,0.24555,0.28239,-0.2741,-0.40601,-0.2309,2.17272,-1.832,0.04735,-1.03208,-0.30827,0.86413,1.09815,1.9505,0.60833,-1.02398,-0.23369,1.6092,0.04122,0.39557,0.0586,-0.78861,0.74204,0.16175,-0.55861,-1.72984,1.93612
54,-0.18279,1.99302,-1.28308,-0.59703,-1.19964,-0.33577,2.30276,1.24633,-1.85922,2.29444,-0.56637,-2.02813,1.42796,0.82853,0.73114,0.07015,-0.13908,0.33506,0.51596,1.46178,0.75514,2.32144,1.04247,-0.90862,-2.64298,-0.02812,0.07862,2.11823,-1.10728,-1.80968,0.85342,0.68414,1.22374,1.9269,-0.75285,2.04722,-1.58759,-0.50416,-0.44559,0.29042,-0.99645,-0.97502,0.3439,0.90419,-1.1902,-0.08493,-0.84506,-0.98392,1.13072,1.36868,1.85616,-0.22886,0.79889,0.03673,1.56894,-0.39218,-1.57917,1.08654,0.09599,0.20303,0.3496,0.47851,-1.53482,1.41177
55,1.32256,0.85033,-0.00325,-1.32014,-0.72042,0.8095,1.31957,1.09625,-1.30286,1.58748,0.01936,-1.73566,2.09401,-0.06767,0.12006,-0.91763,0.18316,0.39037,0.33323,0.1994,-0.80937,1.16899,1.28907,0.06384,-0.95892,0.34526,-2.36775,2.51825,-0.38487,0.47979,1.60481,-0.61939,2.32238,0.93651,-0.39326,0.4927,-1.69475,0.06721,-0.79234,2.23016,-0.30309,-1.85304,0.00947,-0.10367,-0.99994,-0.88087,0.14522,1.08691,1.65443,0.61311,2.27387,-1.0981,-0.10856,1.07783,1.17351,0.43039,-0.68653,1.12867,0.05759,0.80936,0.59289,-0.15568,-1.48475,0.75334
56,0.19846,0.3185,-0.6923,-0.02009,-0.56641,1.18459,1.67657,1.92283,-0.20526,1.16471,0.33663,-0.70942,2.32655,-0.97908,-0.29409,-0.0039,1.13188,-0.39594,-1.24475,0.3213,0.12789,0.46939,1.30204,-0.44044,-0.53917,-1.19688,-1.4032,1.00234,-0.10203,2.02349,-0.55731,-2.60922,1.5405,-0.66996,-1.06315,-0.37738,-0.47258,-0.15796,-0.39974,2.7977,-1.93665,-1.10054,1.72402,-1.90928,-0.22624,0.03021,-0.47933,-0.06855,0.88629,0.83327,0.26052,-1.81473,-1.17099,-0.15377,1.24097,0.23491,-0.80876,1.15309,0.1665,0.97394,0.52502,0.10143,-2.02279,0.28615
57,0.41445,-0.44614,-1.98051,0.12903,-1.04594,0.82271,1.83714,-0.13809,0.84974,-0.00997,1.77782,1.50397,2.75254,-0.89869,-0.69671,-0.06201,0.46668,-0.56008,-0.9057,-0.01112,1.42252,0.38547,0.30188,-1.9412,-0.97821,-0.99527,-1.55662,0.9594,-0.26544,1.41998,0.77083,-0.47749,2.53438,0.49775,-0.178,-0.12952,0.30955,0.12316,0.29506,2.08334,-0.41927,-0.38462,-0.04003,-0.21273,-1.18417,0.08028,-1.58036,-0.39582,1.30562,0.3827,0.27905,-1.50921,-1.14741,-0.74013,1.22244,-0.80653,-0.93465,-0.59743,0.88554,2.61203,1.37447,0.41503,-0.76752,1.47837
58,-1.08432,0.33807,-2.30155,0.4249,-0.91837,0.73738,1.98107,-0.02274,-0.11252,0.8492,0.59541,0.38277,3.12609,-0.04486,0.74166,0.37719,0.46482,0.31699,-0.49274,0.65355,1.56325,0.66519,1.44538,-0.58217,-0.9097,-0.23883,-0.46227,1.1112,-1.15745,0.21718,1.00349,-0.48801,2.29321,1.99744,0.79034,-0.99445,0.36598,-1.10515,-0.33119,0.88556,0.45016,1.61755,-0.35746,0.83319,-1.04649,0.11504,0.36407,-0.50419,2.23375,-0.90704,-0.16602,-0.8452,-1.07981,-0.35461,0.71457,-2.46207,-2.23835,0.11863,1.33674,3.17477,0.4213,-0.89352,-1.3742,1.61395
59,-1.88007,-0.48661,-0.04725,0.52365,-0.98318,1.15104,1.14866,-0.6204,-0.00475,1.19057,-0.77796,-0.07385,2.95828,-0.93347,1.8108,-0.99211,0.38942,0.57614,-1.02804,-0.9579,0.65906,0.62105,0.19387,-0.73612,-0.53458,-0.10809,-0.51285,0.1479,-0.26146,-0.82438,0.82287,-0.26822,3.02073,-0.44384,0.56077,-0.81722,-0.53871,-1.40289,-0.09689,1.4515,1.02752,0.51596,0.19735,0.91814,-0.05564,-0.91667,0.96165,-0.42548,1.82355,0.08519,1.39416,-1.21028,-0.38851,0.30855,1.19219,-2.53137,-2.429,0.12764,0.74604,2.923,-0.28769,0.54316,-0.45017,2.52919
60,-0.75833,-0.41012,0.13212,0.51138,1.00396,0.73094,1.13851,0.46409,0.16608,-0.02481,0.76241,-1.98528,1.37063,-0.13464,1.50907,-1.14037,1.74238,0.2858,-1.35747,0.05407,0.72706,-1.11436,0.51495,-1.52515,-1.20941,-1.12963,-0.3974,1.26451,-0.22439,-0.68426,1.83148,-0.02269,1.19301,-0.27947,0.96903,-0.60832,-0.0095,-1.34235,0.37364,2.80073,-0.04426,-0.74742,0.10522,0.1866,-0.75743,0.16404,2.32356,0.63627,0.39542,-0.16914,0.30744,0.3843,-0.36502,2.17689,0.21573,-1.22881,-2.3519,-0.15705,-0.27625,1.72817,-0.70267,-1.07674,0.63546,0.64337
61,0.84211,-1.65791,-1.08755,-0.20843,1.33873,0.79616,0.8189,-0.52122,1.28169,0.3651,1.46566,-0.49414,0.0625,0.02418,2.06639,0.52418,0.83397,-0.10552,-0.70302,0.8245,1.582,-0.87123,1.44455,-1.04092,-0.43607,-1.97808,-0.35581,0.89648,-0.75814,0.12712,2.75563,-1.38198,0.5881,-0.7813,1.24671,-0.87532,0.85589,-0.89736,0.25027,1.83914,-1.06824,-0.99236,-0.06079,0.44652,-0.87094,-0.00536,2.71475,0.08459,0.22929,0.79373,-1.12704,0.01171,-0.90403,2.42746,-0.49779,-2.53016,-1.30845,0.15604,0.17063,1.80779,0.10362,-0.28551,0.37977,-0.84175
62,0.37468,-0.76686,-0.35185,0.22902,-0.20906,1.52465,0.83835,-0.33636,1.26346,-1.17536,1.41916,0.07183,0.64301,-0.10657,1.33186,0.65243,0.16752,0.98552,0.40057,-0.31879,1.46223,-1.4532,0.64471,-1.48697,-2.05391,-0.86062,-1.32463,-0.93279,0.09419,-0.48388,2.34829,-0.45217,0.68901,-1.30561,1.66437,-0.3663,-0.22251,-1.45725,-0.64558,-1.29447,-0.1424,-0.14351,-0.05002,-0.16058,0.1061,1.04304,1.90581,1.53445,0.4825,0.51286,0.42042,1.75246,-2.11592,2.00026,-0.05818,-1.81263,-2.18616,0.91609,-0.86822,2.1613,1.64225,-1.03112,-0.22463,-0.51074
63,0.07719,-0.36966,-0.43471,-0.51601,-0.94994,-0.37783,-0.87056,0.29774,1.39625,0.11674,1.73769,1.67286,-0.28849,-0.07521,0.7408,0.57915,-0.21607,0.29633,-0.12499,-0.62029,0.66108,-1.51765,1.65236,0.12171,-2.22573,0.40558,-0.54282,-0.57289,-1.42519,-0.4028,1.5109,-0.24276,0.49082,-0.80455,1.20992,1.21054,-0.59826,-0.44745,0.70359,-0.26378,-0.44516,-0.44744,-0.51743,-0.19298,0.60513,-0.80196,1.42676,-0.0208,0.49809,0.75444,-0.85884,1.17001,-0.47254,-0.11129,-1.06609,0.50862,-2.06035,0.08374,-0.03527,0.70884,0.84398,-0.69577,0.80222,-0.69545
64,-0.32729,-0.43597,-1.13962,-0.2698,0.28476,-0.62805,-1.28657,-0.4607,0.37836,0.47405,1.53492,-0.46993,-1.13722,0.4481,-0.14577,0.25988,-0.81919,0.24217,-0.55295,-0.30933,-0.19727,0.58975,0.40302,0.56127,-0.96657,0.37102,-0.47236,0.51293,-1.69246,-0.80398,1.39114,-0.73706,0.34553,-1.95203,1.70238,-0.07533,-1.20007,0.48891,1.05179,-0.21353,-0.5072,-0.84469,-0.06964,0.78609,-0.08264,-1.12725,1.43873,0.21114,1.61391,0.82492,-0.55442,2.47206,0.00682,0.68095,-1.82036,0.6096,-1.66357,-0.76781,-0.40729,-0.19403,0.77098,0.87707,0.55668,-0.07776
65,-0.23425,0.11141,0.61481,-1.19889,0.55648,-1.22323,-1.17435,0.05515,0.59836,-0.27566,1.61271,1.08496,0.76786,1.05665,0.66031,0.15957,-1.01967,1.16222,0.36257,-0.13168,-0.6067,0.57394,-1.01485,2.08121,0.36917,0.01509,0.4037,-0.04686,-0.30436,-0.36513,0.10948,-2.13302,1.1527,-0.46521,1.40368,-0.73375,-0.14854,0.83827,0.79244,0.29962,0.22618,-0.55336,1.35187,0.24879,-0.62435,-0.84439,-0.77366,-0.38011,2.20884,-0.02154,-0.80866,1.53996,0.20951,1.1208,-0.15998,1.58652,-0.1925,-1.21265,-0.91508,0.21278,1.03057,-0.12456,-0.12607,1.27765
66,-0.01722,0.0622,-0.38615,-1.74852,-0.59108,-1.01232,-0.69351,0.42049,-0.9754,-1.25913,2.63728,0.24294,3.2167,-0.12809,1.86078,0.44685,-1.98105,1.16847,0.25482,0.24731,0.05708,1.57641,-0.64298,1.00621,1.22172,-0.77086,1.27792,0.42441,0.20817,-2.00557,0.42168,-1.06437,0.5352,-0.72868,0.98952,-0.74312,-0.35838,1.11584,0.74489,0.60172,0.27965,-0.92729,0.90224,0.06372,0.46395,-0.75414,-0.98779,-1.39288,2.94031,-0.03088,-0.97201,1.2225,-1.15582,-0.535,-0.43787,0.62085,-1.00207,-1.17036,-0.85923,0.91715,0.2346,1.21109,0.64049,1.71887
67,-0.14977,-0.38308,1.76762,0.28212,-0.57911,0.2371,0.67779,0.76136,1.295,-0.7232,1.91534,-0.04357,3.45348,0.80348,0.96555,0.07118,-1.08985,0.73248,-0.39023,0.13049,1.01107,0.93024,0.178,0.70634,-0.83785,0.76761,2.34509,0.9549,0.4314,-1.23007,0.97875,0.34802,-0.64245,-0.94375,1.11597,0.01829,-1.72312,1.16773,0.39166,0.29747,0.16901,0.1317,0.77495,0.84275,0.53551,0.03854,-0.51051,-1.73633,3.27044,-1.03398,-0.87334,1.49202,-0.57298,0.34287,-1.1669,1.10452,-1.53884,0.39697,0.47456,-0.22823,-0.91506,0.30284,-0.09596,2.14541
68,-1.40996,0.91982,0.21316,-1.07118,-0.92273,1.55568,1.05394,0.84659,1.25399,-0.98042,1.37551,-0.5216,2.34499,0.37852,1.68195,-1.13815,-0.86211,1.2343,-0.33834,1.21418,0.05833,2.47387,1.00229,0.7403,-1.25775,1.85616,1.82642,0.75937,-0.08072,-0.87627,1.22174,1.32078,-1.31585,-0.1899,0.24129,-0.60062,-1.18663,0.08768,-0.60465,0.04473,0.72541,0.40824,0.43826,0.9312,0.66712,-0.90159,-1.38402,-1.59536,3.6079,-1.79399,-2.30195,1.32892,-0.46912,0.64665,-0.02594,-0.40312,-1.25834,-0.76802,-0.2087,0.10742,-1.49904,0.11615,-0.54054,1.09531
69,-1.64855,0.17491,-1.37367,-1.52271,-1.16759,1.20417,-0.38879,-0.10907,0.0877,0.48274,0.39174,0.13248,2.15179,0.66424,2.44596,-0.90977,-1.27139,-0.73742,-1.47384,0.95541,-0.12512,1.9113,0.56437,1.01043,0.15267,1.32388,0.71689,0.08808,0.52271,-0.04948,-0.71101,1.5665,-1.01641,-1.28819,-0.48738,1.03447,-1.96057,0.76515,-1.34285,-0.47651,1.74233,1.08422,1.0687,-1.05123,0.47331,-0.80358,0.22728,-1.18066,2.9234,-1.23013,-0.56593,0.69949,-0.91975,0.52214,-0.33251,-0.36228,-0.4685,0.23147,-0.16278,-0.27406,0.88318,-0.83301,-0.5862,2.79513
70,-1.08527,0.22774,-1.20849,-1.59896,0.66393,0.3399,-0.39785,-1.28754,-0.37809,-0.14608,0.78682,0.00635,1.755,0.83785,1.87899,0.36407,-0.27665,-0.46834,-1.6811,-0.19606,-1.04827,0.53953,0.62139,0.83971,-0.52462,0.32796,-0.91079,0.42132,0.47452,0.00174,-2.58829,1.18367,-1.85489,-0.40463,-0.95269,1.25263,-1.8885,0.6629,-0.93267,-1.00604,0.99206,-0.29583,1.61535,0.13595,0.12963,-0.75744,0.60585,-0.27476,-0.50804,-1.33749,-0.71471,0.15965,-0.42704,-0.87586,-1.60218,-0.98491,-0.318,0.03651,0.79372,-1.33509,0.87181,-0.86507,-0.73464,0.84226
71,-0.96717,0.43347,-0.00622,-0.85206,-0.59805,-0.78258,-0.519,-0.2443,0.3458,0.46015,0.26982,1.36838,1.28141,-0.66769,1.23356,0.62397,-0.62707,-0.70808,-0.18086,-0.09374,0.37207,1.53801,-1.44282,0.79462,0.33915,1.03085,0.92587,1.10851,1.42259,0.04646,-1.70737,0.98764,-1.6616,0.60617,-0.79066,0.92969,-1.39173,-0.24268,0.36447,-1.26663,1.85374,-0.39552,0.29033,-0.37911,-0.37762,-0.45823,1.88286,-0.26754,-1.01957,-0.84164,-0.54367,0.88449,-0.4097,-0.24423,-0.57549,0.08853,-0.12001,0.06526,-0.88576,-0.4287,0.66481,-1.23736,0.17542,1.21049
72,-0.46447,0.57242,0.33091,-0.38909,-0.50368,0.47354,-1.11812,-1.12116,0.29895,1.02554,-0.73602,-0.04598,0.66402,0.22248,0.26666,0.68971,0.18948,-0.00663,0.6369,0.86389,-1.12569,2.04877,-1.57534,-0.21483,-0.25973,1.52067,-0.31594,1.35856,-0.1176,-1.29145,-1.18902,1.08154,-0.35125,1.0615,-0.43069,1.75025,-0.98765,-1.03901,0.19283,-2.00356,0.87243,0.51076,-0.33031,0.44842,0.22967,0.40417,1.73123,-0.49191,-1.16725,0.29204,0.58826,1.3402,-0.81881,-1.08996,0.21743,-0.30867,-0.40764,0.561,-0.26814,-0.85009,0.30663,-1.11102,-0.38172,0.97844
73,-0.25743,-0.23741,-0.0371,-0.37352,0.35047,0.35762,-0.2709,0.61746,-1.44782,2.20183,0.49423,-0.54864,-1.12958,1.12204,-2.0752,-0.60048,0.62211,0.46931,0.74183,-0.78419,-0.74712,2.35389,0.07894,-0.78083,-1.36919,-0.2764,-0.40677,2.09076,-0.63406,0.27118,-0.88063,0.68135,-0.2224,0.96904,-1.2681,0.99584,-1.7397,-1.28675,0.34767,-1.45631,0.21503,-0.65217,-0.48111,1.49628,0.58662,-0.44162,0.77364,-0.38523,-1.92579,0.8553,0.47009,1.50848,0.27939,-0.37543,-0.44397,-0.16896,1.8047,0.45052,0.68807,-0.30335,-0.60427,-1.1648,0.12598,1.06883
74,-1.42793,0.25675,-0.20215,-0.10576,-0.58852,-0.85441,-1.0354,1.76848,-0.7229,1.52204,1.56667,-1.51768,-0.51673,0.38411,-1.60071,-0.20862,1.11465,-0.2392,1.54514,1.32821,-0.46834,1.66042,1.62391,-0.31166,-1.84586,0.33725,-0.36713,1.09919,-1.58642,-0.51589,-0.46625,0.46978,-0.43582,1.08002,-0.28268,0.58795,0.03456,0.00846,0.10804,-1.67575,-1.90135,-1.21544,-0.62684,1.31654,0.01048,0.09402,0.63585,-0.22805,-1.26875,0.29135,1.43142,0.74805,0.01521,-1.88069,0.52685,0.03685,2.68802,0.28674,-0.31641,0.18792,-0.66178,-1.59439,1.05362,-0.46078
75,-0.90994,-0.01656,-0.06086,-2.04531,-0.19268,-0.83995,-0.4295,0.98609,-1.90004,1.42541,1.3747,-1.02114,-0.56869,1.19369,-0.83211,-1.36391,0.25941,0.29434,1.69329,-0.32524,-1.11168,0.0482,0.67165,1.07761,-0.00085,-0.01537,-1.32167,0.87508,-1.37675,0.72964,0.7731,0.33858,-0.12153,0.56634,-1.49554,-0.06066,1.85144,0.07343,-1.38665,-0.26608,-2.80946,-0.17754,-1.09275,0.73714,-0.96801,-0.37936,-1.08563,-2.17665,-1.69061,-0.04463,1.20496,0.59283,0.3803,0.21242,-0.42511,1.40055,0.51802,-0.70379,1.64653,1.81151,-0.92218,-1.84396,-0.07959,0.15849
76,-1.4321,1.17812,0.69045,-1.09986,0.55333,-0.75271,-0.36664,0.25273,-1.15413,2.80888,0.23383,-0.87931,-0.03269,1.4855,-0.49285,-0.70833,0.65314,-0.42307,1.16484,-0.45176,-0.71434,0.08742,0.21805,1.12547,-0.70696,1.21529,-0.46366,-1.16817,-1.46328,1.4097,1.64868,-0.18395,-0.89333,1.32591,-1.70583,-0.97769,2.19317,0.1408,0.01364,0.71495,-1.63675,-0.86617,-0.8397,1.24337,-1.71391,-1.56658,-0.2199,-1.28383,-2.27343,-0.63035,-0.21771,-0.97719,-0.97353,1.15516,0.01065,0.39652,1.1184,-0.60478,1.24253,0.61359,-0.81435,-0.40135,0.22232,0.81208
77,-1.49414,0.59645,1.50173,-0.8663,0.08975,0.55005,-1.9328,1.50959,-1.30451,1.78984,0.0576,-0.12105,-0.90228,0.97703,0.9301,-0.45002,0.98202,-0.06686,0.59381,-1.43924,-0.6381,-0.22047,1.37726,0.07034,-0.20344,1.6254,-0.07246,-0.7636,-1.5447,0.87844,0.38662,-1.39554,-0.05517,1.01433,-0.14844,0.28457,1.85084,1.38785,-0.20781,0.43091,-0.83379,-1.72266,-1.03994,0.71328,-0.26728,-1.49793,0.46206,-1.05586,-1.86867,-0.94394,0.1626,0.9257,-0.10064,0.80096,0.90605,0.07057,0.74134,-0.40604,-0.3782,1.07681,-1.16362,-0.77377,0.24789,2.29542
78,-2.69337,1.24133,1.09089,-1.66006,-0.00591,0.44641,-0.75783,0.1508,-0.75341,2.20203,0.07002,0.40087,-0.87736,0.57385,-0.45746,-0.92389,0.48644,-0.62397,0.49883,-0.33713,0.37509,-0.32539,1.72199,-0.42477,-0.48186,1.39576,0.02867,-0.27279,-0.8237,1.80688,0.32528,-0.79326,-0.22072,-0.66795,0.02774,0.4531,0.60829,0.77489,0.52224,0.36713,-1.9015,-1.77757,-1.43417,1.18556,1.2137,-0.38337,-0.03827,-0.71594,-1.04834,-0.73471,-0.34083,2.0024,-1.34002,-1.28319,1.52641,1.58902,0.30016,-0.95235,-0.74157,2.3851,-1.02616,0.44195,0.58105,2.31771
79,-0.40394,0.61273,-1.2627,-0.01414,1.20251,0.39241,-0.28421,-1.27578,-0.58149,2.27488,-0.37497,-0.02886,-0.11456,-0.25783,-0.6441,-0.35947,-0.34691,0.0927,0.96332,-0.65981,-1.08208,-1.12295,0.63184,0.34084,-0.89033,-0.0538,0.77434,-0.33025,-1.03221,0.91996,0.69198,-0.25018,0.6541,-0.07733,0.49963,0.49778,0.38385,-0.43712,0.05526,-0.30252,-1.53033,-2.23952,0.19132,0.43874,1.19311,0.0926,-0.99454,-0.2608,0.03965,-1.24771,0.46854,2.70083,-1.11513,-1.67302,-0.26976,0.52563,-0.741,0.69718,-1.62017,1.68504,-0.90181,0.79865,0.09803,0.43701
80,-1.27058,0.68913,0.69784,-1.36297,0.95321,-0.34294,-0.07364,0.20515,0.13982,1.27866,-0.07208,-1.01326,-0.40427,-0.56355,0.2048,-1.44038,-1.23822,-0.86062,1.57875,-0.94245,0.74154,0.19266,1.14258,0.42518,-0.59438,-0.22567,0.75732,0.83026,-2.23838,0.03315,0.74773,-1.15893,0.00678,-1.86796,0.28929,-0.14943,0.71891,-0.38541,-0.01736,-0.46341,-1.0875,-2.37356,-0.85674,1.21127,-0.67518,0.47616,-0.78633,-0.15425,-0.46673,-2.14024,0.51353,-0.03285,-2.16313,-0.29935,-0.68801,-1.28941,-0.25599,1.03583,0.72873,0.63674,-1.56026,-0.00853,-0.31513,0.00494
81,-0.62362,0.30192,-0.73918,-1.96658,-0.47378,-1.11735,-0.51289,0.24044,1.15521,1.24878,1.10599,-0.5611,0.04896,-0.95162,-0.22249,-0.11963,-0.29972,-0.81149,1.6182,-1.02974,-0.33367,-0.60267,0.99923,-0.06877,-0.94487,-0.30896,1.48262,0.71467,-1.74726,0.25853,1.0419,-0.80211,-0.91099,-1.88959,1.46984,-1.04442,0.83341,1.25971,1.05338,-0.91732,-1.82639,-1.86178,-0.94332,0.38371,-0.02439,-0.31419,0.74021,0.51562,-0.8927,-1.24547,-0.21988,0.67793,-0.10417,-0.94106,-0.12929,-1.21908,-1.12515,0.04926,0.33032,-0.44636,-1.24315,-1.36191,0.00267,-0.91849
82,-1.37663,0.92326,0.24407,-0.0647,0.29247,-1.14783,-1.68024,-0.76734,0.20019,1.05325,1.52661,0.30019,0.27983,-0.0315,1.19666,1.05162,0.65255,-0.68723,0.69166,-0.97979,-0.16903,0.09158,1.62337,-0.07213,-0.26528,-0.32535,-0.00088,0.04478,-0.99294,0.36371,0.13771,0.04594,0.65158,-1.29111,1.01111,-0.87512,1.3567,0.28573,-0.95643,-0.0902,-1.248,-1.41931,1.48137,-0.24933,-1.01183,1.24935,-0.06092,0.47313,0.70339,0.13624,-0.27985,1.96722,0.36827,0.16358,-0.05083,-3.02595,-1.4371,-0.17104,0.9473,-0.88595,0.65523,-1.18552,0.3893,-1.00061
83,-0.80614,0.41065,1.71485,-0.86181,0.98135,0.32479,0.21228,-1.02875,0.01778,0.46127,1.80992,-0.37428,0.25861,-0.58828,0.74794,-0.02176,1.23849,-1.03613,1.19381,-0.6916,0.76398,0.39129,0.54242,-0.61508,0.83711,-0.62289,0.08394,0.40406,0.47113,-1.04422,-1.96178,-0.43222,-0.43568,-0.16572,1.37879,-0.98213,-0.47345,-0.78521,-0.64945,-0.2764,-0.24495,-0.19969,1.26508,-0.68392,-1.65404,-0.78155,1.67637,1.60253,0.21607,-0.17423,1.13811,0.55912,-0.49721,0.14112,0.91683,-1.65255,-1.05325,-0.40645,-0.07699,0.42839,0.12534,-1.89384,-0.04777,-1.3699
84,-1.94481,0.57386,1.37873,-0.54448,-0.57262,0.17258,-0.59036,-0.4247,0.917,0.65363,0.91368,-0.78924,1.16213,-0.28675,-1.10628,-0.6825,0.34547,0.13726,1.60436,-1.38839,-0.489,0.20334,1.45585,-0.37972,-0.52567,0.32312,-0.30056,-0.41554,0.76263,-1.16817,-0.20438,0.13721,-0.92903,0.02146,-0.40758,-1.15054,-0.81484,-1.39375,0.11293,1.09936,-0.35716,0.28103,-0.30138,0.1666,-1.33301,-0.15243,1.48736,0.84721,0.21902,-0.17409,0.99785,0.47772,0.37802,0.88252,-1.39668,-0.96271,-0.5205,-0.60715,-0.04274,0.98061,0.26569,-1.78281,0.55046,-0.27693
85,-2.31369,1.05198,1.09806,-0.80413,0.37366,0.74895,-0.17735,-0.20135,-0.31206,0.52429,1.07247,-0.55219,2.61954,0.38133,-1.24013,-1.75069,-0.20409,0.17102,0.47847,-0.24869,-1.90254,1.30281,2.04893,-0.24365,0.94111,-0.09892,0.21719,0.38273,-0.01686,0.36693,1.1672,1.29887,0.88165,1.34163,0.01168,-0.18183,0.78833,-0.39193,-0.44379,0.51539,0.14781,0.92031,0.44833,-0.50149,0.71848,0.2176,0.05987,-0.70304,2.45077,-0.41422,-0.03576,0.06781,0.92365,0.7476,-0.24236,-0.83995,-0.3903,-1.39326,0.35244,0.34969,0.19549,0.01356,-0.37062,3.38319
86,-2.09765,1.67296,0.21512,-1.3626,1.46543,0.6187,-0.42736,-1.0595,-0.79203,0.18688,0.16781,0.72333,3.22107,-0.24554,0.26899,-0.34159,0.08755,0.62542,0.02257,-0.00735,-0.73221,1.45261,0.58442,0.69311,1.74634,1.34866,1.00897,-0.39403,0.33918,0.89961,0.4381,0.30957,1.16591,1.98437,1.34749,1.04661,-0.92206,0.27817,-1.14552,0.75566,-0.06272,0.78672,0.25254,-0.47514,-0.26909,0.66346,-0.15863,-0.94869,0.71119,-0.43125,-0.48826,-0.39051,-0.51958,0.27162,0.21146,-0.27376,-0.29962,-0.15326,-0.04455,2.12685,-0.45657,0.59136,-2.16071,2.55209
87,-0.72725,0.59442,0.39707,0.06372,0.06098,1.85537,0.55489,-0.30512,-1.16278,0.7608,1.39764,0.71768,2.64978,-0.144,-0.04161,-0.1265,0.08576,0.52645,-0.72557,1.24236,-1.53097,2.11042,0.73049,-0.22372,-0.13841,0.77272,-0.54455,-0.75403,-0.03505,0.22847,-0.96134,-0.23045,-0.41266,0.87971,0.98743,0.22384,-1.25582,1.14645,-0.61664,-0.31008,-0.4784,0.14028,-0.16379,0.27035,0.66901,0.05418,-0.54862,-0.91251,2.23205,1.34913,0.30135,0.26904,-0.61701,-0.00307,0.63992,0.16204,0.03129,0.19795,0.19011,0.75086,-0.14883,0.7431,-0.91913,2.66727
88,1.05363,0.22908,0.89876,0.32208,0.51842,1.38673,-0.90781,0.11561,-1.89469,0.13267,-0.27424,0.63159,2.50745,0.20317,-0.66621,0.0917,-0.46433,-1.94011,-0.08977,1.31262,-0.40428,2.0041,0.16945,-1.2371,-0.47095,0.30888,0.42276,0.92389,1.2767,0.33294,-0.65042,-1.49989,-1.87171,1.09598,-1.2189,0.14596,-0.39385,0.06346,0.34134,0.57895,0.0676,0.69698,-1.32856,-0.91884,0.82831,-0.60399,-0.52136,-0.7655,1.54856,-0.3157,1.25552,0.77927,0.22344,-0.09096,2.16493,0.13057,-0.50129,-0.75108,-0.42671,0.19849,-0.36356,0.93933,1.21031,3.12715
89,0.65644,-0.90789,0.09138,1.68327,0.29814,0.58339,0.15978,0.52757,-0.92041,0.5044,-0.11627,0.44692,2.27291,-1.40535,0.16694,1.41341,-0.01114,0.73331,0.39205,0.00631,-0.16426,3.15753,0.67726,-1.04689,-0.70833,-1.06144,0.75833,-0.25062,1.07318,-0.87331,0.21734,-0.82008,-1.22212,0.31925,-2.72668,-0.93032,-0.67613,-0.01258,0.40575,0.03804,0.54001,1.20108,0.22478,-1.2014,0.07576,-1.14164,0.95358,-1.78796,0.74307,0.99889,0.02153,-0.06945,0.12143,-0.09601,1.65213,0.51183,-1.15705,0.03345,0.31887,0.26693,-1.31684,0.33746,1.15467,3.28138
90,0.92804,-1.84316,-1.14666,-0.41324,0.10552,-0.18633,-1.26837,0.22552,-0.04246,1.07206,-1.14177,-0.83622,1.57068,-1.61618,1.0025,1.89341,1.64995,-0.85606,-0.17557,2.11706,-0.27059,1.89503,0.88296,-1.09403,-0.21069,-0.35859,0.91541,0.27656,1.93882,-0.58252,-0.11588,-1.49962,0.13598,0.15335,-2.73505,-0.57345,-0.40606,-0.35406,-1.21316,0.45613,2.18764,1.23149,-0.06949,-0.70819,0.25546,-0.07778,0.92012,-0.1431,0.39592,0.58912,-0.22391,2.34703,-1.25774,0.98784,1.17495,1.08619,-1.51167,0.01577,-0.44625,-0.23301,0.12239,-0.5002,0.05248,2.49505
91,0.44643,-2.41159,-0.09992,-0.77082,0.03865,1.02221,-0.23952,0.68795,-1.31731,1.17439,-1.36676,-0.7666,0.11667,-0.41175,-0.4652,0.77441,0.39126,0.70715,-0.38503,1.48748,0.85072,0.47581,0.27723,-0.6734,-0.49882,-0.51379,1.1526,-0.15164,1.6863,-1.28115,-0.10996,-1.81407,0.55408,-0.00708,-2.00999,0.50963,-1.20328,0.60343,-0.06441,-0.03018,1.31053,1.45065,-0.84815,-0.75611,1.77824,-0.69297,2.91648,-0.32659,0.66203,-0.08024,-1.54425,1.42709,-2.17984,1.91701,2.14778,-0.15,-1.22971,0.14235,-0.95283,0.49942,1.11382,0.37285,0.28405,1.13585
92,0.11736,-0.14763,0.29762,-0.51947,-0.32237,0.76733,-0.30399,1.18345,-0.2963,1.40121,-0.94759,0.71196,1.28519,-0.42738,0.94239,2.55226,0.99907,1.41736,1.47137,0.70023,1.88584,1.67554,-0.45244,-1.43381,-0.29947,-0.15951,1.57317,0.44731,1.03815,-0.91894,-1.08024,-0.30298,0.14664,-0.29211,-0.04552,0.86506,-0.82456,1.09177,-0.50171,0.5813,0.17213,0.29399,-0.03476,0.99926,0.73355,-0.81223,2.18219,1.03515,2.25314,-0.59238,-1.42534,1.2806,-0.93917,0.53525,0.83433,0.54071,-1.97218,0.32072,0.27401,0.02069,-0.08562,0.75296,-0.73285,1.1107
93,-1.25541,-0.11304,-0.09503,-0.0894,-0.10314,0.28027,-0.0072,1.64298,1.67194,1.35749,-0.69448,-1.37575,-0.78119,1.07368,0.43577,2.20062,1.53812,1.88983,2.20957,0.15553,1.51931,1.38809,-0.4859,-1.41297,-0.11394,1.73066,0.97342,0.36741,-0.42664,0.00442,-0.91953,-1.11371,0.42765,-0.26303,-0.47405,-0.43007,-1.98511,1.16273,-0.28507,0.33807,-0.19109,-0.26131,1.20478,1.61821,0.69953,-1.86562,0.88762,-0.15361,1.44495,-0.1553,-2.01169,1.27581,-0.05646,0.26283,1.10888,0.05827,-2.26059,-0.39428,0.52783,0.23676,-0.68495,2.0392,-0.01976,2.10415
94,-1.75654,-0.18341,0.01285,-0.18625,-0.06146,-0.61948,1.30001,1.18591,1.20461,-0.80673,-2.36629,-0.96813,-1.00937,0.59881,0.23682,1.03756,-0.31481,0.71182,1.92049,0.81493,2.49311,1.55658,0.09833,0.92349,0.03961,0.01923,1.61334,0.58425,-0.87149,0.56871,1.34244,-0.6398,1.37219,0.0733,0.09553,-0.74925,-1.8862,1.41096,-0.33665,0.12247,1.54602,-0.26019,2.36072,2.37063,1.4963,-1.11094,0.14387,0.06002,-0.50298,0.83839,-0.65752,1.55061,-0.76247,-1.36756,1.72314,0.0852,-2.46544,-0.21747,1.41727,0.16129,0.20264,1.32748,-1.67356,2.22357
95,-2.21103,0.04426,-0.45822,-1.84385,0.40556,0.23145,0.29243,0.48553,1.62703,-2.53711,-1.35001,-0.45755,-1.58817,0.33408,-0.55696,2.7538,-1.00264,0.60125,1.32907,0.21709,1.40612,0.90278,-0.09439,0.10207,1.1227,0.6586,1.97766,0.44174,-1.34864,-0.54299,0.49155,-0.84697,-1.53628,-0.02315,0.77742,-2.18771,-1.16446,0.79321,0.89027,-0.25132,2.70785,-0.43246,0.70375,0.48002,0.7173,-0.42146,-0.26911,1.21422,-0.56129,0.06736,-0.70473,1.53672,-0.49954,-0.33581,0.03233,-0.78124,-1.80175,0.25693,1.12997,0.5537,-2.18419,-0.34354,-0.91167,-0.01195
96,-1.71987,0.00702,-0.02798,-0.26208,-0.2456,0.16127,0.68789,0.25109,1.29924,-1.11773,-2.18784,-0.00846,-2.13137,-0.8531,-0.73394,1.69299,-0.9573,0.26101,0.19278,0.00444,-1.27317,2.13037,-0.62667,-0.14276,-0.23392,-1.10258,1.08211,1.22123,-1.85111,-1.03922,0.22692,-0.68528,-0.82164,-0.38065,0.10563,-1.38931,-0.50353,-1.88302,2.29401,0.3156,1.95255,-0.29311,0.47944,2.01014,1.36317,0.05372,0.20137,-1.24224,-0.5321,-1.80937,-1.07369,-0.15965,0.38653,-0.31687,0.23387,0.71935,-0.48389,0.41087,1.09057,1.30471,-1.68753,0.43368,0.34367,0.5042
97,-1.21787,-0.00711,0.43491,-0.02658,-0.33198,-0.26249,0.22915,-0.63838,0.402,-0.47987,-1.57881,-0.28873,-1.83136,0.25018,-1.03088,2.38869,-0.8195,-1.32314,1.69058,-0.13408,-0.22037,1.9954,0.17825,0.16588,0.17093,-0.1812,0.97495,0.51852,-1.40172,-0.56352,-1.05964,0.48195,0.95813,-1.0399,1.03255,-0.95613,-1.13305,-2.35936,0.69783,0.4721,1.85355,0.28871,1.33536,0.91197,1.45596,0.24915,-1.06294,-0.8899,-0.42145,-0.5673,0.5914,0.38818,-0.31515,-2.30278,0.30054,1.70808,0.34282,-1.1591,2.61558,0.01552,-1.77064,-0.01296,-0.01183,0.86329
98,-0.93755,0.62933,-0.39315,0.67008,-0.48545,-0.68644,0.67281,0.28368,0.10274,0.55949,0.80412,0.33222,-0.70066,-0.90236,0.22471,1.54157,-1.57646,-0.90553,0.32829,1.35823,0.13557,1.02009,0.83386,0.76112,0.36862,-0.74855,1.46715,0.71014,-2.6036,-1.20785,0.89649,0.01283,0.70247,-0.34741,-0.79768,0.13211,0.10686,-2.5047,0.1366,-0.87838,0.731,-0.39906,0.84693,0.3954,0.4769,-0.38541,-1.67351,-0.08365,-0.3924,-0.76483,0.25246,-0.56332,-1.33489,-2.43676,1.61313,1.23069,0.35765,-0.42855,0.59574,-0.02254,-0.52192,0.77136,-0.27799,0.53298
99,-0.4325,-0.67528,-1.23807,-0.51563,1.30124,-0.74647,0.95298,1.81432,0.50355,0.70542,-0.17817,-1.35351,0.6074,-0.05759,-0.37933,0.2986,0.13907,-0.38155,-0.10612,1.00061,-0.75405,-0.08307,-1.31571,1.63249,0.53929,1.67646,1.22992,-0.21083,-2.99059,-0.29467,0.67158,-0.65393,0.79591,0.11728,-1.35929,0.64871,0.6477,-0.61665,0.16418,0.03512,0.62058,-0.17602,-0.04001,1.93231,-1.22837,-1.14119,-1.22328,-0.76494,0.87076,-0.20925,-1.25508,-0.32011,-1.67446,-0.27186,1.51177,0.49385,-0.09254,1.2682,1.4378,1.12571,-0.92088,-0.38519,0.07862,0.55944
100,-1.67139,-1.59837,-2.80922,-1.31524,1.71865,-0.09999,-0.00509,1.17494,1.5209,1.01192,0.49563,-1.3651,1.47129,1.08539,-0.95084,0.74502,0.30336,-0.64039,0.81667,0.22222,-0.75816,3.06378,-1.29754,0.83996,0.84355,1.85011,1.06156,-0.58452,-1.58112,-0.12958,-0.65761,0.36854,2.49005,-0.27131,-0.43311,0.97504,1.3239,0.31381,-0.65006,0.16078,-0.65538,-0.81951,-0.33242,0.79111,0.47172,-0.94907,-1.6715,-1.3126,2.13397,0.18728,-1.12132,0.14827,-1.02662,-0.76199,0.78817,0.01503,-0.6118,0.16088,1.39463,-0.281,-0.51633,-0.76582,-0.61549,1.72658
101,-1.31462,-1.9126,-2.11599,-0.39724,2.11752,0.69583,0.04952,0.71247,-0.09756,1.28963,0.07514,0.49761,2.02643,0.13701,-1.41537,1.86393,0.22688,-0.97332,-2.02893,-0.11,-2.07001,1.91966,-1.95797,0.89007,-0.36984,0.37099,0.5135,0.03377,-1.42757,-0.52988,-2.01632,-1.0063,2.50395,-1.342,-1.01503,0.24161,1.94843,0.5587,0.00929,0.71898,0.79315,-0.14969,0.07359,0.29222,1.45702,-3.31881,-1.68809,-0.43229,2.17602,-0.50436,-0.37803,-0.12632,-0.28588,-0.43552,1.43926,0.08363,0.10984,-1.42266,0.10837,0.61486,-0.44548,-0.5473,-0.71084,1.3221
102,-0.28798,-1.08049,-1.38006,-0.85685,1.32485,1.69055,1.79904,0.39165,0.00672,1.15269,-0.24955,0.99105,1.96836,-0.87966,-0.10563,0.71949,1.45181,-0.38594,-1.38562,-0.99675,-0.69549,1.12872,-2.30175,-1.76458,0.10857,-0.64071,-0.71521,-0.07307,-0.64704,0.27947,-1.17133,0.32077,2.47292,-0.88234,-1.72051,-0.07746,1.01192,0.25957,0.51285,0.54463,0.56036,-1.10291,0.5094,0.36681,1.23792,-1.76712,0.26807,-1.11773,2.9158,-1.6125,0.19195,-0.30132,0.5625,-0.95028,2.66431,-0.57555,-0.77022,-1.70758,0.03393,0.34612,0.48299,0.21155,1.1062,2.26715
103,-0.25651,-1.69937,0.91886,0.91534,-0.43493,1.43535,1.15412,-1.22964,0.1578,0.19997,-0.1306,1.17216,-0.92502,-1.0637,0.53746,1.03824,1.66257,0.29534,0.62441,0.85589,0.07341,1.19421,-1.44531,-0.9755,0.23148,-0.27196,-1.04761,0.65808,-1.90803,0.19262,1.89778,0.57146,1.8465,0.07922,-0.73345,-1.10155,1.86623,1.12247,0.2019,-0.46015,-0.10089,-0.8592,-0.67337,0.38483,1.42057,-0.58475,0.69447,-0.26121,2.3772,-0.20757,0.23252,-1.06544,-0.08241,-0.22779,3.05839,-1.88492,-1.11082,-0.91484,-1.10728,0.36286,1.35897,-0.99113,1.11755,2.22302
104,1.19921,0.05064,0.81018,-0.08295,-0.65035,0.33702,0.20115,0.03355,-0.83407,-0.5414,-1.41026,2.68007,-1.53837,-0.00759,0.30272,1.2444,0.06445,0.16665,0.12887,0.76612,-0.37472,0.97589,0.1709,-0.51097,-1.72498,1.98596,0.26912,1.18615,-0.60002,-0.77773,2.52098,0.87272,2.29945,0.00371,0.70629,-0.81554,0.19101,2.05532,-0.04592,0.63958,-0.81392,-0.22301,0.7142,1.07962,-1.24015,-0.20362,-0.32199,0.60246,1.62965,-1.88878,0.28527,-1.05241,-1.38799,-0.57942,2.22832,-2.15956,-0.79427,0.30576,0.27113,0.03152,1.1098,-0.14659,-0.39496,1.95252
105,0.63871,0.16348,-0.50396,0.98997,-1.16179,1.18823,1.41719,-0.84012,-0.0454,-0.19165,-0.96539,2.1066,0.74185,0.57834,0.32442,1.25528,0.90318,1.18786,0.73721,0.5393,-0.54337,0.84737,0.35066,-0.32652,-0.97627,-0.40106,1.06872,0.06587,-0.18615,-0.8316,1.7405,-0.69083,1.80142,-1.04102,0.83631,0.16275,-0.55797,0.17996,0.10487,0.44418,-0.02953,0.44544,0.98021,1.65336,-0.22712,-0.53177,-1.48553,-0.28084,1.91925,-0.82084,0.51442,-1.24762,-0.26495,-0.48876,2.20479,-2.30554,-1.46516,0.10685,1.83384,-0.33723,0.00096,0.18461,0.39258,0.52683
106,0.31756,0.5532,-0.06585,-0.03102,-0.65661,1.18602,0.26857,-1.44778,-0.94082,-0.84443,-0.08699,0.19914,1.00712,-1.00007,0.57432,1.14882,-0.51381,0.43284,1.16003,1.29194,0.40367,0.97449,-0.56934,-0.62472,0.03344,-0.45197,1.12878,-1.27863,-0.32628,-1.24424,1.1653,-0.36405,0.93299,-0.36385,0.45266,-0.46755,-2.29004,0.17396,-0.83127,0.94079,0.41879,0.59141,0.92354,-0.33242,-0.4741,-1.21041,-0.28031,0.05568,2.85478,-0.42478,-0.03318,-2.48322,-0.23318,-0.96234,1.40638,-2.11101,0.35791,-0.08589,1.29337,1.00123,0.16478,-0.20699,0.13213,1.16609
107,0.01383,2.07853,-1.23858,0.98373,1.57644,0.41328,-1.52469,-2.27607,0.12955,-0.62351,1.76553,0.0757,1.8668,-1.44394,-0.05696,2.07041,-0.63097,-0.83726,0.33021,-0.11045,0.50271,0.6836,-0.46422,-1.27957,0.47805,-0.95822,2.13565,-1.92073,-1.50963,-0.44954,0.46549,-2.81761,-0.60432,0.43596,0.35267,1.03154,-2.17013,0.95599,-0.04093,1.18716,-0.43465,0.79489,0.88571,-0.66271,-0.29391,-0.95661,-0.58826,0.68057,3.50802,-1.17665,-1.25812,-2.90366,-0.86882,-0.26193,1.73614,-1.55214,1.03541,0.15055,0.28328,1.70993,-0.05069,0.68851,-0.38302,0.18421
108,0.00206,1.09111,-0.92661,0.53567,-0.38239,-0.44881,-0.84952,-0.79829,0.63307,-0.28754,2.02019,-0.82425,1.80243,-2.53495,-0.32413,2.56165,-0.17321,-0.4516,0.26285,0.09991,0.26908,1.11779,-0.23799,-0.65946,0.00295,-1.01476,2.25854,-2.69083,0.05301,-0.54032,-0.19105,-1.56688,0.17197,-0.87701,0.50079,-0.10329,-1.75116,0.87728,-0.6105,0.6045,0.69429,2.15785,1.88325,-0.53586,0.13539,-1.06536,-0.21092,-0.25487,2.75593,-1.46986,-0.00157,-0.44598,-2.69519,0.49517,1.36483,-0.16002,1.37974,-0.68746,0.807,2.12046,0.15592,0.48086,0.5906,0.9211
109,0.66779,0.64801,-1.11859,0.78711,0.43959,-0.29359,0.27102,0.23418,0.99495,-0.23528,-0.31274,-0.0126,1.16853,-1.55493,-0.81841,0.77265,-0.03488,1.12111,1.26669,0.79374,0.60122,1.58223,0.25592,0.4438,-1.24884,-0.1817,1.11947,-0.56043,0.48613,-0.46472,0.13394,-1.16333,1.58226,-0.53132,-1.12829,0.09832,-2.05779,0.49205,1.12533,0.59213,0.284,1.94073,1.57325,-0.30527,0.56406,-1.59223,-1.37105,0.17125,3.01669,-1.36322,0.63342,-0.33185,-0.75167,0.45521,1.10923,-0.36251,0.86183,-0.5478,0.16121,1.16673,0.83562,1.26907,1.09796,-0.06773
110,-0.73576,0.29725,-0.79901,0.77745,-1.36765,-1.10265,0.26211,0.30893,0.68594,1.60056,-1.25962,0.42821,-0.29973,-0.30777,0.5394,0.63019,0.55,0.64609,0.88007,0.93992,0.37336,-0.4327,1.12089,-0.38941,-0.43371,-1.34819,0.72286,-0.24729,-0.56177,-0.5403,-0.36999,-0.64574,0.87952,-1.49176,-0.95228,0.69086,-1.96208,-0.52021,0.8719,-0.6387,0.77868,1.25407,1.39063,-0.23063,0.99519,-1.77077,-0.58025,0.01423,3.14453,-0.50579,-1.10784,0.70528,-0.17754,-0.73398,-0.90626,-1.04237,-0.25511,-0.65486,0.19759,0.29277,-0.01681,1.7972,0.5673,-1.62475
111,-2.35143,-0.07273,0.03353,-0.91275,-0.99318,-1.68888,-0.197,0.36462,1.02336,1.22098,-0.8531,1.34094,-0.87465,0.00877,1.83842,0.48593,0.41029,0.93901,-0.00091,0.88906,0.3172,-1.29,0.13543,-0.22161,-0.91412,-1.04059,-0.50344,0.31682,-0.43353,-0.62963,-0.43692,-1.69139,1.26353,-1.05935,-0.88321,0.01896,-0.99344,-0.54998,-0.9694,-1.53915,-0.14529,1.70168,2.40884,-2.31297,0.33154,-0.44014,-1.74289,-0.62043,1.74884,0.29757,-1.35618,0.14021,-1.67315,-0.70318,-0.98285,-2.04723,-0.48082,-0.83509,0.1122,-0.124,-0.05831,0.87409,-1.07267,-1.83319
112,-1.74426,-1.12036,0.96296,-0.31342,-0.46856,-1.92128,0.68945,0.89444,0.28308,0.63713,-0.78189,0.18533,-0.41803,-0.82849,-0.04149,0.98041,2.00715,1.41992,-0.63952,0.63904,0.5969,-2.12383,-0.24313,-1.24182,-1.52106,-1.11915,-1.04713,-0.49498,-0.37211,-1.79823,-2.36368,-0.69592,1.36776,-0.45378,-0.3905,-0.03401,-0.43709,-0.35722,-1.50441,-0.92873,-0.01789,2.49811,0.15185,-1.65302,-0.78418,0.26759,-0.69937,-0.37327,2.45013,0.94107,-1.83397,-0.37424,-1.72052,0.20311,-0.93774,-1.27318,-0.69822,-1.45894,0.28321,0.54166,0.0733,0.367,-0.15413,-1.41015
113,-0.404,-0.77276,0.21787,-0.15482,0.22721,-1.07717,-0.1755,0.18099,0.74294,0.51603,-1.4171,1.34855,-0.76477,-1.113,-1.01054,0.23583,1.01007,0.07399,-0.38372,0.49319,0.68258,-2.31869,0.61606,-0.59387,-0.08949,-0.62094,-0.65927,-1.48437,-1.48532,-0.35745,-1.66717,-0.56261,1.09244,-0.06618,-0.17564,-0.21436,-0.27151,-0.00583,-1.43558,-1.27927,0.92558,2.34563,0.09048,0.65187,-0.06485,-0.36876,-0.65554,0.09537,2.06373,0.10369,-0.79178,-1.64372,-1.6302,0.23723,-0.47317,-1.63634,-2.10364,0.64746,1.32413,0.27924,0.9555,-0.11783,-0.69734,-0.25672
114,0.82802,-0.26724,-1.23136,-0.02112,0.59358,-1.9117,-0.18482,0.1557,-0.32949,0.09838,-0.91918,1.62932,0.51254,-0.45088,-1.03581,-0.18811,0.65241,0.6941,1.35212,-0.2924,0.33624,-1.12749,0.46402,0.3295,-1.00364,-0.9332,-1.47064,-1.92064,-0.55464,-2.42079,-1.12088,1.50506,1.18744,-0.37211,0.54881,-0.292,0.2286,-0.12268,-0.50598,-1.37045,1.37736,2.21151,1.57368,1.49174,0.90501,0.30731,0.17865,-2.34135,0.97993,0.82448,0.93781,-1.87865,-0.81183,-0.07148,0.68937,-2.09526,-2.46609,-0.61628,-0.20395,0.98602,0.92642,0.39343,-0.4797,-0.59384
115,-0.84284,0.13216,-0.34179,-0.51997,-0.36117,-0.24124,-0.97306,0.45285,-1.19636,1.16557,0.47128,0.68119,0.39946,-0.81828,-1.30738,0.38082,0.21609,-0.36433,2.13812,-0.5365,0.12182,0.38106,-0.06387,0.7007,0.01802,-0.66133,-1.44749,-1.32892,-0.48071,-2.17101,0.18622,-0.34659,0.8939,-0.92131,0.4874,0.70433,0.60277,0.9799,-1.40374,0.14926,0.25258,1.57526,1.16631,-0.09636,0.93596,0.23297,1.57801,-0.93904,0.89272,0.73399,0.35979,0.36573,0.06359,1.03864,1.11745,-0.6414,-1.1599,-0.29386,0.13391,-0.34438,0.92243,-1.7451,-1.26965,-0.97289
116,-0.6235,-1.24421,-0.09682,-0.22854,-1.53995,0.62173,-0.07138,0.34441,-1.57629,0.75956,0.72943,-1.03573,0.25721,-1.68598,-0.97192,-0.53325,-0.30289,-0.54748,2.96091,0.05599,0.49672,-0.64208,-0.42351,-0.51767,-1.74643,-0.15541,0.45125,0.14095,1.1464,-2.80568,0.9179,-1.09238,-0.79094,-0.32772,1.06766,-0.05408,0.86609,0.37145,-0.22726,1.27369,1.3106,0.91591,0.24173,-0.71076,0.00748,-0.19309,1.16431,-1.29422,0.27942,1.78716,-0.54627,-0.93128,-0.83099,-0.06681,2.2098,0.10349,-0.37383,2.05951,-1.39771,-0.77482,0.28409,-2.17957,-0.7332,-0.80716
117,-0.1208,-1.16203,-1.17011,0.06514,-0.24574,-0.42959,-0.16341,-0.45172,-0.85655,0.1379,0.11048,-0.21788,0.08015,-1.33871,-0.7821,-1.17164,0.35507,0.26785,2.95894,1.42981,-0.04654,0.3141,-1.79605,-0.3558,0.25277,-1.82088,-0.58129,-0.66171,0.58861,-1.2827,-0.30962,0.62976,-1.04239,-0.82175,-0.00598,-0.8504,0.45153,-0.01781,-0.58653,2.19893,0.87691,0.18902,-1.26054,-1.32892,-0.59376,-0.15331,2.14123,-1.26132,1.89949,0.93577,-1.09266,-0.73616,-0.67802,-0.17237,0.59039,-0.22408,0.88345,1.16289,-0.80812,-0.71731,1.07163,-2.08466,-0.72605,-0.9753
118,0.42281,-1.31485,-0.44605,-0.62005,0.54853,0.44982,-1.04437,0.2681,-0.41182,1.29457,0.9588,-0.42142,0.50403,-1.35137,-0.82179,-0.80757,0.09398,-0.08407,1.40713,1.60539,-0.3682,-0.49108,-1.37806,-0.78072,0.45636,-1.34383,0.04904,-0.75108,-0.0047,-0.86995,1.20792,-0.24858,-0.57447,-0.4059,0.5589,-0.05094,-0.21893,0.63499,-0.27427,0.0461,0.23879,0.36686,-0.37023,-0.4061,-0.33391,-0.3101,0.22735,0.26864,-0.18216,2.10223,0.41182,0.12072,-0.50963,-0.41704,-1.32606,1.57465,-0.92913,-0.06437,-1.47067,-1.17733,1.24139,-2.21819,-1.12509,0.30597
119,-0.33271,-0.00154,-0.89851,-1.3477,0.03561,-0.18133,-0.17191,-0.44886,0.30913,-0.27128,1.75958,-0.45223,1.47245,0.63491,0.24175,1.15242,-0.67605,-0.22901,0.98161,1.0686,0.17672,0.26725,-0.68283,-0.81997,0.55461,-0.58491,0.28944,-2.27875,0.92137,0.2573,0.87133,1.09014,-0.51269,-0.6313,1.73404,-0.45974,-1.60817,0.40813,0.55418,-0.87308,0.8627,0.48989,0.07062,-0.54143,-0.62661,-0.4635,1.83457,0.63174,-0.34397,2.15116,-1.53064,0.62029,-0.34849,1.69216,-0.93449,0.62974,-0.16572,-0.1551,-1.87494,-0.66171,0.71524,-0.66397,-1.4637,0.05119
120,-0.35887,-1.24081,-0.33625,-0.75835,0.33768,1.16908,-1.07803,0.08186,-1.33458,-0.31537,1.57131,1.30473,1.84581,-0.96571,-0.93209,-0.2816,1.55672,-0.84546,1.21867,0.92496,0.21511,-1.54833,-0.52637,1.75444,-0.02577,-0.60091,0.00063,-0.59351,-0.1096,-0.23564,-0.28829,2.6224,-0.10747,-0.92173,1.32546,-0.28728,-1.57244,-0.02475,-0.79473,-1.66921,0.38018,0.28922,0.21253,1.32198,0.09494,-0.4968,2.00626,-0.4517,1.35288,0.8657,-0.7122,0.29499,-0.38292,0.30409,0.4158,0.2453,0.03554,-1.82015,-1.12455,0.27543,0.22663,0.34072,-1.86046,0.10492
121,-0.64612,0.33547,-0.05157,-0.89717,-0.08283,1.66902,0.28561,-0.03119,-1.35758,0.19471,2.59776,-0.22771,0.3979,-1.83198,-0.65534,0.71897,0.13221,-0.85386,-0.29726,0.6106,0.38144,-1.94126,0.4796,-0.28732,0.45693,-0.61331,0.53482,0.13836,-0.93602,-0.44638,-0.0754,2.324,0.34872,0.16742,0.2056,1.75017,-1.1991,-1.06479,-1.10932,-1.87459,0.84547,-0.30021,-0.11069,-0.28124,1.6064,-0.74114,0.09458,-1.21974,0.82626,0.14149,-0.04189,0.88642,-1.12378,-0.01557,0.03578,0.59588,0.58883,-0.72691,-0.55213,-0.0939,-0.53096,0.11463,-1.07174,-0.57568
122,0.25339,-0.20422,-1.15971,-1.93687,0.10133,-0.08481,0.4784,0.43483,0.3492,0.66183,1.39528,-0.61341,-0.2884,-0.66386,-1.48697,0.90313,-1.12091,-0.39637,-0.92725,1.8207,1.52194,-0.70629,0.16867,-0.50112,1.25152,0.5802,0.39997,-0.06586,-0.32235,-1.26357,-0.61144,1.21958,0.1657,-0.34244,-0.48636,1.48052,-0.29646,0.82291,0.58408,-0.54128,1.06988,-0.24963,0.03418,0.65341,-0.25852,-0.73158,0.73036,-0.54624,0.56574,0.55658,1.04605,0.80349,-2.05651,0.51881,-0.85849,1.69156,2.11461,0.86928,-2.39109,-0.42501,-0.64129,0.20529,-2.04449,-1.43618
123,0.77171,-0.97424,-0.81427,-0.52505,1.07708,-1.64723,0.21603,1.68122,0.3429,0.73696,0.24102,-0.08087,-1.89977,-0.41422,0.17917,1.67264,-1.15477,-0.88997,1.10569,0.42127,-0.40589,-0.71757,-1.876,0.62763,1.42844,0.44843,-0.71016,-0.13598,1.35201,-0.49169,-0.32106,2.47249,0.0555,-0.16666,-0.2504,0.53326,-1.02746,1.08167,-0.80491,0.67818,0.43085,-0.39474,-0.50105,1.31573,0.6078,-0.17908,1.61688,-0.1495,0.46082,0.81645,1.1099,0.3272,-0.93232,0.07225,-0.09395,1.76076,0.753,0.69043,-1.719,0.68946,0.84127,-1.06463,-1.16195,-0.39288
124,0.78832,-1.03491,-0.899,-1.39469,0.90925,-1.02034,-0.19098,2.12333,-0.24926,0.36618,-0.70134,-0.26687,-0.21156,-1.06154,-0.32658,1.24009,-2.07338,-1.95021,-0.09614,-0.59341,-0.98163,-0.41082,-1.78891,0.48536,1.16394,0.54354,-0.46992,-0.22041,1.59498,0.0287,-1.68718,1.77179,-0.42246,0.82665,1.03708,-0.93449,-1.49195,0.4816,-1.59086,-0.64082,0.54839,-1.31442,0.92199,0.9704,0.25833,1.0538,3.0688,-0.58491,0.22716,0.47727,0.2144,0.15775,-0.97971,0.35116,-0.14965,2.7305,0.25789,-1.64577,-1.70511,1.01732,-0.9117,1.04364,-0.78948,0.69975
125,0.07341,-0.72495,-0.77985,-0.68248,-0.17482,0.46439,0.42732,3.22045,0.27508,-0.2768,-0.1583,-0.74,2.21881,-0.93431,0.50615,0.82072,-0.70281,-2.04932,-0.08696,0.86834,-0.30646,1.29508,-1.71306,1.43607,1.34084,1.10715,-0.52461,-0.60453,1.42834,-0.37681,-0.76499,0.51501,0.92248,0.80534,-0.29882,-0.56246,0.19177,0.35585,-2.21423,-2.00762,-0.4236,0.56208,0.53974,0.04163,0.15912,0.78608,2.10391,-0.6537,2.06108,0.95705,0.28395,0.30188,-0.10413,-1.03373,2.00926,1.1207,-0.37575,-1.63976,0.12003,0.28954,-0.82703,0.94014,-1.2572,2.87484
126,0.0938,-1.64305,-0.38767,0.5766,1.8937,0.62523,0.95659,2.59183,0.72593,1.02971,-1.02328,0.30729,4.05217,-1.33272,0.98695,1.0363,-0.34234,-0.76002,-1.21583,0.52149,-1.7309,2.16539,-0.76234,0.54605,2.17316,0.16979,-0.44794,0.82948,0.40775,0.38878,-0.51299,0.32794,0.74116,0.7594,0.35165,0.07314,-0.35563,-0.03439,-1.32304,-0.49331,-0.45812,-0.02066,1.06253,0.28405,-0.81301,1.09551,-0.03034,-0.90161,2.01913,0.11554,0.55512,-0.19176,1.35036,-0.29567,3.55287,0.53287,-0.00335,-1.48637,0.48844,0.58846,-0.39012,2.16109,-0.09357,3.30348
127,-0.77674,-0.89103,-1.61089,1.19383,1.43222,-0.46668,2.07786,2.91794,-0.61215,1.57125,0.40592,0.7832,1.4947,-1.15507,-0.03478,1.34746,-0.71249,-0.92742,-1.16369,0.96802,-0.50073,1.61429,-0.81911,0.16515,0.78598,-0.63859,0.77321,-0.09537,0.55358,1.23066,-1.39619,0.17265,1.38679,1.21562,1.93757,1.60225,-0.13679,-0.95361,0.53516,0.42769,-1.13657,-0.1196,0.92252,0.14798,-0.339,1.16751,0.08056,1.55913,3.32078,0.129,1.25978,0.4696,0.76199,0.33646,2.23832,-0.79302,-2.22826,-1.41131,-0.68363,0.47835,-0.5187,2.28286,0.41725,3.07064
128,-1.98133,-1.12583,-0.93567,-0.326,-0.42848,-0.6329,0.80745,2.00598,-0.36393,0.90082,-0.12251,0.60249,0.68167,0.62413,0.48183,0.91281,0.40836,-1.57995,-1.44724,-0.14784,0.85508,2.18262,-0.62965,-0.32641,0.48453,-0.00562,1.402,-0.07519,0.20527,0.12024,0.29127,0.66387,1.6812,0.22855,1.62267,1.43205,0.50309,-0.39914,0.88856,0.39171,-0.53805,-1.0463,0.1795,0.5688,-2.14195,-0.42394,0.16456,2.37674,3.47732,1.94974,1.51957,1.50541,-0.29012,0.27047,1.77275,-1.56556,-1.56443,-1.12397,0.09476,0.02799,0.13629,0.49932,1.33501,2.724
129,-1.32743,-0.90953,0.19437,-1.37342,0.81693,-0.46497,0.29236,1.07675,-1.46532,1.53952,1.2595,1.17731,1.32601,0.09753,0.54633,0.80291,0.46578,0.7598,-0.13715,-0.26086,0.08533,1.02448,-0.37159,-0.17754,2.74115,-1.76581,1.12635,0.96449,0.42376,0.1402,0.4389,-0.66975,1.03298,0.1504,0.85294,0.82821,0.72906,-1.31206,0.01395,0.99794,-2.51771,-1.69236,-0.19469,1.80285,-1.88318,-0.10638,-1.23118,2.03008,2.97724,0.88997,0.12264,-0.30754,0.34009,0.46486,1.30182,0.26165,-0.47842,0.40134,0.33416,0.71798,1.10477,-0.19718,0.55075,2.17415
130,-1.47821,0.62519,0.59668,-1.22178,-1.05066,0.28927,-0.63081,0.19903,-2.2266,1.43617,1.83497,-0.48307,0.10379,1.98605,0.0066,1.32199,-1.00487,0.64842,-0.00644,0.32972,0.03724,-1.21136,0.77523,-0.23812,1.93572,-2.3419,0.80401,-0.29449,-0.18438,-0.39545,-0.46867,-0.67566,0.91555,0.28714,-0.43401,0.10704,1.89161,-1.39167,-0.70097,0.4005,-1.26635,-0.78182,0.44948,1.50542,-2.22603,0.05157,-0.4461,0.24021,1.27515,0.40896,0.1731,-0.36021,0.91315,1.28975,0.5627,-0.88649,0.81403,0.19128,-1.14272,-0.35668,0.59061,-0.68583,0.17766,0.79121
131,-1.0826,0.01658,-0.6652,-1.73767,0.07183,-0.61558,-1.38866,1.25942,-1.59479,0.5271,0.94707,0.75491,0.67965,0.98352,0.48902,1.34136,0.37403,0.30234,0.50925,0.97503,-0.01836,-0.24067,1.60682,0.1421,0.82871,-0.78452,1.7622,0.47763,-1.04482,0.31331,0.31064,-0.07582,0.76597,1.40713,-0.37271,-0.68796,0.22463,0.89357,-0.55488,0.70049,-1.00862,-1.26457,0.69228,2.00326,-1.07173,0.52839,-0.54098,1.09536,-0.07369,-0.12539,0.92432,-0.5459,0.36075,0.08706,-0.11059,-1.15354,1.89732,-0.35543,0.49417,-1.17093,1.47073,-1.64948,0.02082,0.85729
132,-0.533,-0.10088,0.5629,-1.33374,-0.02118,0.47507,-0.72258,1.28083,0.29783,0.60001,0.67359,-0.79499,1.15021,1.74647,-0.14783,2.10285,0.5915,-1.0894,1.10891,0.05283,0.53024,-0.63885,2.40519,0.56082,-0.22767,-1.41812,1.90654,0.40052,-0.98048,0.38607,0.27326,-0.02995,1.31418,0.26152,0.34605,0.26022,0.94342,0.75387,1.1269,1.47227,-0.39599,-1.53517,-0.76666,0.95246,-0.71293,-0.12019,-0.47959,1.00346,-0.39554,0.57428,0.72646,0.56274,-1.09778,1.01308,-0.38229,-2.78241,1.73387,-1.96613,-0.87995,0.2022,0.01331,-1.24508,0.37777,0.04321
133,0.25181,0.15713,0.87378,0.32673,0.18515,0.53514,-1.2541,1.74595,0.86616,0.83085,-0.54977,0.11696,-0.10965,1.59304,-0.00598,1.39104,0.13226,-1.36164,0.65846,-0.69916,-0.35049,-0.18458,0.89442,0.79376,-0.91155,-1.71079,1.8076,0.71135,-2.16778,0.35205,1.07837,-0.70142,0.24801,0.8527,1.09072,1.5725,-0.26566,0.24146,1.2632,1.79949,-0.14794,-1.45653,0.14898,0.74416,0.53459,-0.31023,-0.37114,1.52828,0.40195,-0.51801,1.59051,0.08317,-1.49674,1.44796,0.47743,-2.20873,0.48549,-2.05982,0.68478,-0.02476,-0.96672,0.98385,-0.39114,-0.96352
134,-0.1976,-0.35575,-0.01222,-0.10969,1.58899,0.22309,-2.41459,1.11549,1.65765,0.23732,-0.73161,-0.36848,1.92245,1.20624,-0.3726,2.58128,0.26878,-0.99507,1.74785,-1.32747,1.17635,-0.27097,0.07332,0.61428,-1.73079,-0.75011,-0.29462,-0.60731,-1.19539,0.78174,0.65314,-1.48137,0.45396,1.06901,0.35266,0.82992,-1.21221,1.48379,1.75226,-0.58501,-0.31582,-0.21447,0.96289,-0.31343,-0.81663,1.19828,-0.9344,1.86497,0.72472,-0.84134,0.76797,2.23815,-1.76291,0.5232,1.1148,-1.10295,0.11851,-2.19881,1.76327,-1.05705,0.09787,0.38616,0.47358,-1.3215
135,1.08216,-0.5396,-0.27924,1.2675,2.04488,0.92788,-1.47908,0.88389,0.5804,-0.73774,-0.65275,-0.07289,-0.01088,0.41104,-0.25476,2.05041,0.66069,-0.02697,0.80558,-1.50204,-0.43502,0.09293,-1.2317,1.25558,0.29482,-0.40962,0.76798,-0.52776,-0.85882,0.91261,0.14419,-1.09987,-0.09476,0.48662,-1.00998,0.93186,0.19167,1.44616,1.80869,-0.91473,0.91379,-0.85393,2.42694,-0.74306,-1.46468,0.47583,-1.52404,1.19161,-0.59891,0.62113,1.30624,-0.27696,-0.95349,0.41552,0.6208,-0.36043,-0.15336,-2.02889,1.05176,-0.51532,0.07631,0.69287,1.00049,-1.53755
136,1.29408,0.96188,0.07325,0.70343,0.72457,-0.09155,-0.91855,0.72642,-0.80492,-0.85219,-2.49584,1.21822,0.31335,-0.13791,-0.96852,0.93806,0.08068,0.00853,-0.94202,-0.10068,-0.41764,1.06211,-0.60402,1.92192,-1.21905,-0.94208,-0.32596,0.11666,-0.9026,0.68651,-0.29296,-1.02572,-0.34207,1.04872,-0.14771,0.10609,-0.53701,0.10543,2.53825,0.51977,1.0984,1.24112,-0.44239,-2.36861,-0.10304,2.16702,0.00903,1.27224,-1.36399,1.55838,1.72686,1.03916,0.29211,0.27325,1.07763,-0.54193,0.45304,-2.94979,2.86351,0.52583,-0.95535,2.48532,0.59491,-0.68144
137,1.08778,-0.59979,-0.07287,-0.33572,-0.93398,0.9075,-1.39103,0.88792,-0.4701,0.12822,-0.72378,0.44088,0.10875,1.01316,-0.58283,2.12945,-0.03561,0.64936,0.81406,-1.1793,0.63522,1.3034,-1.49887,1.49081,0.06678,-0.71244,0.72701,0.18978,1.04152,-0.51324,1.40403,-0.65023,-1.21815,-0.15047,-0.19621,1.51539,-1.37385,0.03746,0.57097,0.70524,1.09349,0.64661,-1.19578,-1.55627,-0.82699,1.74052,0.38993,1.08148,-1.81324,1.30669,1.73355,1.37559,1.35535,-0.92345,1.73514,0.36828,0.51863,-1.80603,3.86922,0.4874,-0.71098,1.64395,-0.5018,-0.00876
138,1.3121,-0.09635,0.77945,0.3682,0.2194,1.65724,0.12597,0.6617,-0.77472,0.51548,-0.15207,0.06926,0.07903,0.7639,-1.13981,0.69538,0.08034,0.15309,1.76481,0.01657,-0.5299,-0.27669,-1.77636,0.84985,0.65734,-0.73958,0.37649,-0.64804,2.33076,-0.93158,-0.00976,0.80898,-0.94345,0.60538,0.99678,0.9622,-0.38436,1.03856,-0.80328,-0.0987,0.67451,1.53775,-0.74771,-0.98328,0.08823,0.98724,-0.66152,0.4758,-1.42529,0.03952,1.45213,0.38576,0.39895,-1.39264,-0.08653,1.45883,-0.39934,-1.30151,3.28923,0.86041,-1.30383,0.31202,-0.32623,-0.21236
139,1.72102,-1.2659,0.73956,-1.23133,-0.62672,1.32938,-1.30348,0.27414,-0.50141,0.47169,-0.24966,0.1781,0.93036,-0.18905,0.89053,0.27498,0.6864,-0.37287,1.15654,-0.48477,-0.12982,-1.06422,-1.95289,0.65812,-0.38859,-0.83593,-0.79568,1.11976,0.99404,1.16597,-0.37381,0.66205,0.84494,-0.46611,0.90842,0.99218,-0.77351,0.1776,-0.77968,0.22848,1.51143,2.83403,-0.90929,-1.70563,-0.03107,1.54762,-0.55805,0.91577,0.08108,0.58007,1.53339,1.80215,0.06837,0.18592,0.26797,0.8938,-0.62688,-0.92808,1.71731,2.45391,-0.76209,-0.31948,0.51092,0.90928
140,1.03958,-1.34351,1.14436,-1.49902,-0.51564,0.93303,0.60153,1.46435,2.20152,0.62162,-0.91851,0.70351,2.02726,-1.06654,2.48156,0.49426,0.13061,-0.354,1.34915,0.26934,-0.04341,-0.29027,0.06865,1.17264,-0.59802,-1.04557,-0.95506,0.14238,0.4696,1.68365,-0.70488,0.07475,1.12387,0.17119,0.86304,0.27202,-1.24591,0.92812,-0.61029,0.59441,-0.00165,2.61294,-0.2777,-0.78481,1.44799,1.94127,0.68064,0.46765,0.04326,0.51063,1.80521,1.72901,1.23678,1.48485,-0.55374,0.94392,-0.93272,-0.16691,1.35027,1.57912,1.03357,-2.57121,-0.20221,-0.86119
141,0.39001,-1.6832,-1.58744,-0.68896,0.4272,2.44037,2.10043,-0.9525,1.4479,0.95245,-0.88718,-0.63407,1.49462,-0.37563,0.59208,-0.38771,0.31305,0.30199,0.76499,0.25902,0.40195,-0.29112,-0.24463,0.60105,-0.37449,-1.1031,-1.25887,1.29338,0.43868,1.3301,-0.61799,-1.23341,0.44963,0.82627,0.31704,0.33361,-0.49767,0.04009,0.87894,1.22901,0.04428,2.34076,0.07193,-0.63982,0.92559,0.48116,-0.54372,1.69556,0.05262,0.55091,1.82783,1.19733,0.74094,1.1921,-0.05097,0.16633,-0.74542,-0.52826,0.35384,1.06324,1.00251,-0.93166,-1.87531,-1.68632
142,0.19767,-0.70098,-1.30147,-0.34484,-0.34741,1.75197,-0.55894,-0.82599,0.66346,0.31809,0.00475,-0.00491,0.13451,0.55882,-0.05678,-1.14707,-0.2508,-1.77024,0.0524,-0.22921,-0.03815,-0.4733,0.37154,-0.51648,0.19271,-0.29283,-0.35425,0.68897,1.41439,0.66891,-0.5549,-0.58224,1.11882,0.78641,1.0383,-0.05075,0.12742,1.27361,1.46405,-0.21463,-1.03945,2.27736,-1.08371,0.09509,1.33594,1.886,-1.30596,0.13467,-0.6734,1.61059,1.50012,0.96981,-1.08772,-0.28086,1.01289,0.33213,0.40696,-0.49205,0.99808,-0.09338,-0.92954,-1.06378,-1.31314,-1.55389
143,0.19596,-0.46321,0.06421,-0.22184,0.12278,0.86131,0.91932,-1.1791,0.97973,1.42143,-0.8936,-0.04104,-0.02749,-2.19789,1.28147,0.62677,-0.81055,-1.05305,-0.47869,-0.57889,0.78285,-0.04577,-0.24597,0.29188,0.41497,1.78274,1.94766,0.26461,1.52302,-1.03011,0.48778,-0.78965,0.49074,-0.40303,0.0494,0.29347,-0.90672,1.38261,0.68316,-1.22712,0.06131,1.46403,-0.22728,0.37143,-0.22518,0.87656,-0.94457,0.20008,-0.98556,0.86807,0.52799,0.62531,-1.80692,-1.24403,0.21669,-0.48826,-0.62295,-0.68006,0.52873,-1.06167,-1.42006,-0.61018,-0.25331,-1.78217
144,-0.13043,-0.71537,-0.11492,-0.33319,0.10803,0.57893,-0.54322,0.03409,1.36086,1.14845,-1.32937,-0.7638,0.41268,-1.56863,0.44727,-0.89754,0.05474,-1.02009,0.10404,-0.05744,0.61495,-1.06935,0.35594,0.43589,0.13615,-0.00821,-0.0062,1.47773,1.21572,-1.82104,1.28977,-1.40047,0.15022,-2.26858,-0.66621,0.05555,-1.46695,1.40501,0.74035,-0.3983,-0.07523,0.2656,-1.04959,1.45703,-0.43253,1.78799,-0.2719,0.85527,-1.09401,1.46273,0.31729,1.73857,-1.67149,-0.88881,-0.98852,-0.69706,-1.34306,-0.23502,0.22402,-1.67999,-1.72172,-1.02479,-0.7165,-1.89022
145,0.129,-0.65542,-0.99072,0.39542,1.17382,1.92421,0.02807,-0.53779,0.0164,-0.15218,0.26436,-1.7195,2.35008,-1.0945,0.49477,-0.57985,1.49663,-0.26557,-0.29803,0.93828,0.64434,1.98447,1.50263,0.15395,0.04715,0.18091,0.02536,0.83246,0.94276,-0.28062,0.28434,-2.41531,2.44354,-2.60584,0.74331,0.26087,-0.41197,0.46747,0.46576,-1.1398,-0.87177,0.77514,-1.51109,1.29773,0.83756,1.72642,-1.35546,-0.35637,2.11606,1.69342,0.85823,0.92189,0.67297,0.02018,0.91271,0.89196,-0.66409,-0.22868,0.78979,-1.28418,-1.67128,-1.64014,-1.17422,-0.29821
146,-0.22328,-0.80358,-1.51331,-0.2711,1.89746,0.11042,0.49263,-0.46551,1.13252,-0.67137,0.94238,-1.55198,2.61045,-1.47202,-1.3494,-1.57549,-0.70565,-1.15882,-0.1338,0.54555,-0.65978,2.9182,1.13186,-0.09327,-0.92017,-1.38399,-0.15979,-0.84441,-0.02379,-0.6167,0.66585,-1.54604,1.73499,-1.69178,-1.22211,-0.04446,1.42282,1.49305,0.9481,0.40633,-0.51846,0.46197,-2.32631,1.33738,-1.0337,1.57825,-0.4846,0.4714,1.87992,1.74882,-0.36362,0.40713,-0.20881,-0.14256,1.05004,1.00552,1.29184,0.05329,1.14792,-0.7296,-1.37577,-0.96637,-2.13369,-0.76862
147,0.46668,-1.24789,-2.98185,0.44637,2.66387,0.16289,0.85574,-0.0514,0.3761,-0.00792,0.74891,-0.44736,2.42006,-1.48652,-1.01023,0.17994,-1.86023,-0.69271,1.39339,-0.04617,-0.34705,3.46761,-0.40055,0.08039,-0.68362,-1.41095,0.02826,-1.75983,0.65519,-0.20709,0.73673,-1.865,3.23377,-1.13246,0.24104,0.79667,0.95483,0.38088,1.28627,-0.54147,0.30203,0.42108,-0.76808,-0.52512,-0.30328,0.80984,-0.6605,2.78542,0.38257,-1.20372,0.59793,0.42506,0.37027,-0.21053,0.59494,0.53388,0.45616,-0.29095,1.23678,0.58049,-0.56135,-0.4502,-2.02689,0.12724
148,0.1002,-0.78839,-2.08444,0.6326,1.12226,-0.29438,-0.53539,0.9598,-0.07159,1.09368,1.56605,-0.16098,3.57498,0.67214,-1.39024,-0.94541,-2.06948,0.61403,0.02014,1.00043,-2.1759,3.5846,0.86922,0.73829,-0.33082,-1.81821,-0.03841,-1.29227,-0.0654,-0.23106,0.94683,-0.31317,3.40042,-2.01339,-0.04257,2.13221,-0.11289,1.46316,0.3243,0.10261,-0.04634,-0.04823,-0.98166,-0.11215,-0.35424,0.05202,0.0713,1.56904,0.05104,-2.95381,-0.43863,-0.21834,0.40931,-0.125,1.49206,0.27072,0.87781,-1.69113,0.12044,-0.41019,0.26944,0.78445,-2.21406,-0.08544
149,-0.46922,-0.13482,-0.67944,-0.31445,0.76856,-0.0581,-1.59054,1.07166,-0.49819,0.68185,1.79752,0.48056,2.02769,0.56939,-0.45952,0.02251,-2.32239,0.76018,-2.11783,0.12191,-1.13266,2.74776,-0.24035,-0.57719,-0.04417,-2.21936,1.46912,-0.92881,0.64691,-0.45558,0.51876,-0.44808,3.49589,-1.30368,0.19296,0.73742,-0.26897,1.73187,0.49879,-0.42264,0.42474,-0.43406,-0.40687,-0.8072,0.21391,-0.00766,-0.85536,0.98374,1.37419,-0.30998,-0.26991,-0.01679,-0.9846,-0.7295,0.62943,0.54164,0.84113,-1.36049,-0.28764,0.93544,-0.61888,0.89826,-2.3167,-1.2295
150,-1.71792,-0.64416,-0.95537,0.66753,2.26427,0.59256,-0.42945,0.77274,-1.79373,0.72891,0.37065,-1.0121,3.10865,0.57369,0.38336,-1.00998,-2.06257,1.76029,-0.87348,-0.19594,-1.50833,2.21641,0.10794,-1.07114,-0.81729,-1.9251,0.03405,-0.36222,-1.15233,-1.04862,-0.20812,-0.54111,1.02485,-1.69495,-0.00648,-0.94688,0.25637,0.82427,2.0166,0.15697,-0.43541,-0.33182,1.03856,-0.70013,-1.07309,0.34071,-0.38995,0.96916,1.70424,-2.09388,-1.2134,-1.06671,-0.81505,-1.25697,0.59682,-0.34982,0.15023,-1.75372,0.22242,1.53247,0.55104,-0.13785,-0.40705,-0.81494
151,-2.18526,-0.2846,-1.08235,1.68721,0.0365,0.13542,0.57264,1.04483,-0.07259,0.26859,-0.53385,-0.52165,2.77523,0.07627,0.6357,-0.98831,-0.28029,1.41016,-0.10872,0.37219,-0.6846,2.58054,0.24565,-0.84074,-0.60745,-2.13718,1.14969,-0.35838,-1.38109,-0.77718,-0.21643,-1.00036,0.79982,-0.79643,1.20269,-0.22172,1.15229,0.97413,2.34299,-2.20001,1.16452,-0.84924,0.65335,-1.41972,-1.36196,-0.61232,-0.17433,1.51817,1.61514,-0.88629,-0.69474,-1.78638,-0.14157,-0.27516,1.26636,0.06749,0.51725,-0.68762,0.68214,-0.62243,0.24709,0.99653,-1.64808,-0.13225
152,-2.89282,0.41754,-0.30865,3.23748,-0.68509,1.05182,0.74322,-0.85439,-0.22825,1.10505,-0.19996,0.10682,2.89332,0.59727,0.46275,-1.95125,-0.66378,0.54369,-1.33548,0.56165,-0.37616,2.95187,0.64515,-1.78077,0.21107,-0.75053,3.0985,0.39867,-0.59796,0.08846,-0.46473,0.26154,1.51192,-1.19559,-0.75267,-0.20891,0.63724,-0.29927,1.79729,-0.85076,0.96183,-1.41703,1.1848,-0.09061,-0.10749,-0.23962,0.86173,1.74783,0.79276,-0.82002,-0.36559,-2.50792,0.19424,-1.23381,0.91909,-0.37928,-0.17944,-0.64186,-0.20774,-1.37,-1.67025,0.2409,-0.40273,1.08577
153,-1.24082,0.41532,-0.74693,0.22637,-0.63931,1.24727,-0.12971,-0.59328,-0.02865,-0.28322,0.06394,0.50552,3.43143,0.40068,1.13972,-1.10428,0.20418,1.34372,-0.91227,-0.25725,0.31165,1.72925,2.25833,-0.72983,-0.49609,0.10935,2.52647,-0.00132,1.1503,-0.7489,-1.20378,-0.85981,1.46622,0.30591,0.4651,1.10793,1.22426,-0.99635,1.36559,-0.76072,0.13296,-0.6105,1.18476,-0.36934,0.88739,-0.27677,-0.68759,2.0813,1.02616,-0.02836,0.28028,-1.15701,0.39866,-0.27132,1.1276,0.57884,0.22981,-0.8761,-0.2807,-1.2734,-0.53226,-0.36729,0.15225,0.56881
154,-0.64502,0.64429,-0.27233,0.16182,0.652,1.20592,0.09084,-0.72966,0.88871,1.06444,-0.3359,1.41285,2.62059,0.74649,1.00657,-0.63001,-0.31929,0.83568,0.2436,-0.06595,-0.37549,1.56161,2.09677,-0.65603,-0.69246,-0.796,1.26558,-0.34711,1.18493,-1.09325,0.34666,1.73322,0.95143,0.62789,0.3686,0.21533,0.49446,-0.60951,1.32762,-0.8353,-0.52964,-1.5725,0.43962,0.26758,-0.26755,1.06044,-2.14777,0.77813,2.25431,0.55901,0.45111,-0.57267,-0.56038,-0.37014,1.99161,-0.07135,-1.24697,-1.58457,-1.54662,-0.61407,-0.01405,-0.36745,0.51872,0.32455
155,-0.47664,0.86836,0.08223,0.98564,-0.7203,0.07871,1.02272,-0.43505,0.08901,0.09357,-0.25027,0.0427,1.62801,-0.38652,0.94575,-1.23282,-0.76827,1.47781,0.25536,-0.1942,0.62163,1.65584,0.60782,0.98812,-0.53115,0.40364,0.38146,0.02202,-1.83401,-0.82425,0.69537,-0.38575,1.66083,0.21319,1.47032,0.96696,0.34914,0.47363,-0.03361,-0.8931,0.38803,-1.74226,-0.12329,1.65798,0.48696,1.7854,-1.87321,-0.03739,2.60639,0.83641,1.13892,-0.53316,-0.74467,-1.27371,0.37859,-0.35915,0.32149,-1.42349,0.29154,-0.4727,-0.01797,-0.119,1.20096,-1.00315
156,-0.62157,0.46272,0.68916,0.10947,-0.03179,0.6618,0.17263,-0.09405,-1.88071,0.59809,-1.23039,0.42358,0.88143,-0.59169,-0.83136,-0.00868,-0.50679,2.64761,0.20258,-0.72098,0.19267,1.06044,0.64589,0.24744,-0.60925,1.65156,0.21695,1.4343,-1.16323,-1.39906,0.34311,-0.18427,1.77893,-1.49139,2.13823,1.04632,-0.31967,0.1103,0.27071,-0.141,-0.0669,-2.66182,-0.23815,0.99524,-0.8961,-0.18136,-1.5099,-1.28923,1.91807,0.8319,0.66506,-0.20384,-0.05764,-0.23408,0.25569,-2.51073,-1.04403,-2.32599,-0.68899,-0.43107,0.65589,0.33342,0.86547,0.80421
157,-1.40986,-0.10575,0.14378,-0.91813,1.01652,0.14394,0.90218,0.39214,0.43247,1.70033,-0.44194,-0.4887,1.23845,-0.11733,0.41736,-0.30697,0.19562,1.10834,1.27885,-1.15476,1.73003,1.4158,-0.15883,-0.34659,0.76054,0.18348,-0.48806,0.45317,-0.29096,-0.77136,2.35657,-0.52753,1.68448,-1.95205,0.75256,0.21823,-0.1943,0.55972,-0.28969,0.9044,0.28641,-2.20378,0.55694,1.44675,-1.16875,-0.24903,1.12455,-1.80946,1.83923,-0.11321,1.18638,-0.44183,0.73323,0.64105,0.53794,-2.2827,-0.14517,0.9891,0.27065,-0.33895,1.7697,0.34345,1.10482,-0.92758
158,-1.29782,1.28118,0.80129,-0.92479,0.38048,0.19757,0.88119,0.19115,-0.1259,1.9874,-1.42993,0.10825,1.05495,-1.54651,-0.21912,0.69672,0.6696,0.56572,1.7597,-1.77635,0.09244,2.60238,1.81854,-0.32587,0.89403,-0.52209,-0.96284,0.43366,-0.94292,0.82601,1.18091,-1.2832,2.62581,1.49187,1.67485,1.77868,-0.6409,1.96551,0.22956,0.48337,0.10711,-1.66501,0.23077,0.28131,-1.11503,1.24303,-0.10306,-1.99536,1.88081,-0.31393,-0.41203,0.99114,1.10624,0.97049,1.37723,-1.2492,0.34085,0.59223,-0.11222,-0.21468,0.03309,0.01814,0.81503,0.35921
159,-0.05549,1.56464,0.86181,-0.06299,0.81349,1.66421,0.98512,-0.69477,0.29558,2.20251,0.0639,-1.10729,1.57966,0.44743,0.52104,0.16563,1.3049,-0.33516,0.20994,-0.23829,-0.50579,2.78623,1.54123,0.40305,1.27111,-1.50119,0.48509,-1.15862,-0.66823,0.51236,-0.08674,-0.61503,1.89385,0.79332,0.25473,0.83276,0.92748,2.05076,-0.80699,0.55648,-0.18777,-0.2232,-0.4091,0.01279,0.17679,-0.85459,1.23017,-0.74792,2.30351,0.55174,-1.47017,0.96975,-0.90495,1.1997,-0.28189,-0.30664,1.03316,1.41097,0.97491,-1.2915,0.18873,0.59107,-0.37746,-0.44256
160,-0.33383,1.44886,1.46484,-0.10242,0.00479,1.33666,1.25786,-0.4011,-0.26593,1.03326,-0.37966,-0.79506,0.94433,0.06295,0.32043,-0.17909,-0.33221,-0.35776,-0.31459,-0.29504,-0.29022,2.96936,1.55384,-0.75423,0.40803,-0.28148,0.56936,-1.26671,0.3968,-0.11294,-0.04221,-0.02561,2.99376,0.70602,0.58818,-0.03943,-0.0172,1.34234,-1.50243,0.13866,-0.23083,-0.89866,0.64289,-1.14938,1.36204,-0.77771,0.44892,-0.19358,1.49518,-0.33616,-0.4038,0.68561,-0.32745,0.92647,1.5964,-0.75963,1.6298,-0.512,0.06356,1.7633,-0.27508,1.332,-0.1758,-0.00834
161,-0.86141,0.46245,0.15104,-1.69213,-1.08863,-0.00275,0.66776,-1.80795,0.21873,0.44214,-0.77908,-0.55986,0.9955,1.37557,-0.79437,-0.34494,0.05697,-0.29377,-0.55669,-0.52427,0.07827,3.84439,0.6572,-0.91694,-0.70398,-0.32985,1.01343,-0.37281,0.99656,1.40672,-0.11289,0.87348,2.9853,0.1961,-0.04822,0.59809,-0.06741,0.05045,-1.40065,-0.61545,0.05431,-0.24302,1.58921,-1.0193,1.83992,0.30434,0.34032,-1.29131,2.7906,-0.61722,-0.42379,0.79186,-0.2013,-0.14032,0.2946,-0.90284,1.54375,-1.03121,-0.47318,1.29258,-1.70911,2.24445,-0.0659,0.68478
162,-1.40231,1.25718,1.84373,-2.5783,-0.81635,-1.15693,-0.54086,-1.66101,-0.55275,-0.24713,-0.34094,-0.40314,1.3355,1.16257,0.1902,-0.42725,-0.27885,-0.33217,0.40424,1.57357,-0.3303,3.39816,0.28659,-1.25745,-0.72815,-0.47933,-0.11415,-0.61873,0.91401,0.95078,-0.3094,-0.18679,4.10318,-0.89549,0.71964,2.41047,0.33629,-0.00476,-1.25807,-0.9386,-0.24786,0.21619,0.35622,-0.86859,0.45654,0.15575,-0.50396,0.2427,1.66043,-1.64044,-0.73577,0.96418,0.57721,-0.17604,0.89862,-1.91071,1.83434,-0.86719,-0.39125,0.1381,-0.9753,1.40982,0.50376,1.49751
163,0.18195,0.62574,1.57996,-2.46617,-0.45114,-0.36537,-0.97704,-1.07124,-0.3643,-0.65972,0.41832,-0.5163,1.70978,-0.07233,-1.54058,-1.7222,2.54986,0.3497,0.49883,0.59532,-0.4991,3.11036,0.2502,-0.27545,0.07667,0.69449,-0.50228,0.3408,0.12912,2.01789,-1.06987,-0.14361,3.47601,-1.15665,-0.43947,2.30536,0.96713,-0.28936,-1.47088,-0.84107,-0.66553,0.13255,1.66514,-1.00577,0.84253,-0.53456,-0.72769,1.05145,2.46819,-0.63501,-0.24888,1.66581,-0.0238,-0.18246,2.09505,-1.67015,1.94923,0.13423,0.67548,-0.32324,0.52902,0.97799,0.95946,1.1336
164,1.36003,1.04832,1.01777,-0.78973,-0.9968,0.81896,-0.8637,-1.86095,-0.65176,-0.52916,1.08635,-0.93618,2.68282,-0.98009,-1.80643,-1.50364,2.23988,-1.42521,0.0546,1.645,0.35835,3.57769,-0.70335,-0.15562,-0.15074,-0.13438,-0.90516,-0.38366,0.31333,1.25627,-0.81086,-0.74014,3.06279,-0.97415,0.00507,2.45615,2.10241,-0.61244,-1.7063,0.25967,-1.30225,0.67203,-0.54815,0.0223,0.53958,-0.58813,-0.38914,0.15461,1.2224,0.50081,2.21872,0.30179,0.29495,0.06791,2.00284,-0.05349,1.22213,0.28667,1.4728,0.01494,0.40255,1.906,0.8853,1.50415
165,1.58133,0.13358,1.29936,-1.04007,-0.83181,1.3579,-0.39788,-0.11151,-0.61451,0.0016,1.15332,-1.50594,2.0647,-0.46658,-1.83361,-0.72245,0.13734,-1.01549,0.14396,1.30589,-1.68643,1.72201,0.06505,-1.18364,1.29238,-0.6317,-0.82032,0.26502,0.31624,0.54225,0.01962,-0.02145,1.8815,-2.07855,-0.17476,1.18275,1.13881,-0.37733,-0.84421,0.79717,-1.35177,0.32101,-2.57846,-1.65208,0.56995,-1.21367,-0.24318,0.34737,1.55067,0.28031,2.3593,0.69976,0.176,-0.28765,3.03839,-0.19416,0.92035,-0.42169,2.06831,-0.77375,0.9918,-0.01372,-0.3282,3.01242
166,1.49603,-0.47413,-0.08994,-0.37194,-1.35808,-0.06895,1.16881,-0.85512,-0.10806,0.82533,-0.21251,-0.7101,2.98319,-1.19347,-0.38257,0.20291,0.34823,-0.74313,0.5154,-0.49939,-1.81107,2.92815,0.53404,-0.67527,-0.00405,-0.53494,-0.60541,0.26626,1.91812,0.22442,1.144,-2.00828,1.64882,-0.50671,-1.04393,1.05952,0.69108,-0.68776,0.38587,-0.07801,0.2076,-0.46572,0.14765,-0.6529,0.15455,0.20667,0.94714,0.69162,1.00793,0.40059,1.22188,0.83376,0.03732,-2.07019,2.35826,-0.05548,-0.27634,0.66532,0.22926,-0.67424,0.31172,-0.06896,0.76798,2.44102
167,0.55142,0.1846,-0.66756,-0.03861,0.45745,-1.16526,0.51126,-0.9433,-1.71266,0.10171,0.09467,-1.10055,0.90831,-0.03026,-0.82593,-0.17736,1.0517,-0.16501,1.54098,-0.16153,-1.54608,3.07479,1.56151,-0.86582,0.02265,-0.80346,0.2636,0.23918,2.53047,-0.4204,1.37622,-0.29484,0.15615,-0.09697,0.38798,-0.08126,-1.07246,-0.46912,0.52537,0.27317,0.75438,-0.83926,1.09545,-0.50364,0.07551,-0.30083,-0.2163,0.25715,1.24866,0.22531,1.72758,1.4257,0.16461,-0.89978,1.16354,-0.13092,-0.67223,-0.13132,-0.27992,-0.17271,-1.03932,0.68288,0.5487,1.95098
168,-0.37419,0.18749,-0.62425,0.36778,-0.19318,0.40195,0.3706,-1.54248,0.36355,-0.78195,1.50928,-0.746,1.23896,1.80311,-0.48829,0.12181,0.2054,-0.85621,0.89106,0.2625,-0.6161,2.15394,0.62183,-1.2784,0.21304,-2.14847,1.45898,-0.17366,1.67854,-0.47499,-1.19489,-2.02426,0.85892,0.39093,-0.40295,-0.04422,-0.83914,-0.3548,0.41318,-0.77307,-0.36627,-1.40238,0.34976,0.41484,-0.00454,-0.12942,0.75883,-0.72985,1.72401,-0.72317,1.73752,2.57277,0.72432,0.37396,-0.33747,0.60759,-0.93424,-0.4224,-1.16707,0.97687,-0.74846,0.41611,0.33793,1.97779
169,-0.85175,-0.94357,-1.04927,-1.06643,-0.26306,-0.25264,0.11979,-0.70676,0.22747,-1.73632,-0.04127,0.85848,2.45634,1.39137,-0.60699,0.52692,0.3036,-0.54254,0.00081,-0.70692,-0.28568,3.5943,0.35478,-0.52974,-1.27034,-1.32975,1.78529,-0.92847,0.26754,-0.35567,0.4869,-0.44963,1.53457,0.42285,-0.23844,-0.17719,0.22743,-0.58877,0.51324,0.0895,-0.16204,-1.01308,2.1207,0.44605,0.07465,0.22271,0.99351,-0.23099,0.75252,0.32839,1.48925,1.5286,0.69086,-0.80235,0.25396,0.05539,0.04776,1.303,-0.51577,-0.63352,-1.5596,0.05579,0.25043,2.67941
170,-1.24414,0.18899,-1.26,-1.36948,0.37213,0.7914,-1.01842,0.3115,-0.31289,-1.74002,0.38697,0.47867,-0.41311,1.46044,-0.54848,1.03287,0.46903,1.56609,0.70021,-0.13656,-1.51009,1.565,-0.84979,0.17152,-1.80093,-0.98877,1.56849,-1.11939,0.03457,0.05432,-0.29226,-0.09131,0.41512,0.18907,0.16361,0.32513,-0.0247,-0.00544,0.1613,-0.23544,1.16089,-1.39516,0.09772,0.69511,-1.13196,-0.64621,-1.16319,-0.23819,0.01212,-0.92781,0.42879,-0.43397,-0.41685,-0.11871,-0.70009,-0.56369,-0.81312,0.31266,-0.28557,-0.34708,-0.82736,-0.20057,-0.61885,0.20399
171,-0.09682,0.25024,-0.73519,-0.80815,-0.55733,0.35319,-0.68603,0.66106,-1.21179,-0.90907,-0.25912,-0.08715,-0.48252,1.82914,-0.32149,0.79008,0.87002,1.04735,0.83413,-1.00201,-2.09717,2.16164,0.40256,-0.22955,-1.8477,-0.3763,2.25202,-0.20114,1.45513,0.59545,0.68035,-0.68365,1.09796,-1.38366,-0.31763,0.05371,-1.04005,0.34853,0.78876,-1.04336,-0.27194,-1.86027,-1.44847,-0.47915,-0.85645,-1.14765,0.67619,0.53619,1.16926,-1.49764,-0.15293,-1.05752,-0.68084,-0.38562,-2.03589,0.15416,-0.12226,1.07798,-0.20584,0.63095,-0.38384,-0.78423,0.52875,-0.22229
172,1.28491,-0.48754,-0.35503,-0.22949,0.98894,0.35062,-1.90107,-1.21494,-0.54569,-0.97609,0.01669,1.25446,-0.55077,1.82107,-1.19656,0.12775,0.07667,1.45837,1.41655,-0.6026,-0.28438,1.58771,0.01842,0.01777,-1.15718,-0.15544,2.96958,0.71261,1.31348,-0.38573,1.17092,-0.57889,-0.77122,0.07062,-0.28819,-1.745,-0.36401,0.94316,-0.3596,-1.19523,0.09285,-0.62702,-2.60696,0.3383,1.48967,0.72767,1.01944,1.65454,-0.5727,-0.61643,-0.94518,-0.38643,-1.02049,-1.50478,0.41048,-0.50848,-0.50017,0.62802,0.12193,0.63823,-0.34867,0.81163,0.25319,-0.73282
173,1.4164,-0.42486,-0.71707,-1.16228,-0.17905,-0.62261,-1.058,-1.28241,-0.13784,-0.74115,-0.50664,1.03267,0.04973,1.1495,-0.43306,-1.5483,-1.67318,2.43103,-0.41078,-0.02773,0.16447,1.435,1.47902,0.51643,-0.77369,-0.41616,1.1242,0.44151,0.03217,0.56658,1.20304,-0.68525,-1.0112,-0.73677,0.07767,-0.54087,-0.00495,-0.13148,1.37282,-1.21606,0.69741,-0.17738,-1.69773,0.74994,1.6365,-0.18272,0.57216,0.86805,-0.56104,-1.38926,0.5565,1.41305,0.02158,-1.54685,-0.85864,-0.36859,-0.54305,0.2781,-1.21873,0.71494,-0.22004,1.00088,0.48779,-0.64399
174,1.34467,0.18382,-0.40036,-1.2924,0.66669,0.39898,-0.0562,-1.02085,-0.32303,-0.36884,0.32687,-0.44822,1.13857,1.18434,-0.4034,-0.18213,-0.9554,1.18487,1.25274,0.40898,2.02844,1.2663,1.61108,0.40242,-0.01556,0.15666,-1.09813,0.13605,0.24956,0.2018,2.75001,-0.27142,-0.77269,0.63835,-0.6786,0.97564,-0.11888,1.381,1.02992,0.13589,1.19004,1.14416,0.28478,-1.08382,1.88071,-0.06524,-0.39265,0.47477,-0.37561,-0.7361,0.02541,1.201,0.03094,-0.07292,-1.96147,0.79204,0.57655,0.25605,0.48099,-0.53146,0.09967,-0.96203,1.70595,0.53453
175,-0.96093,-0.68323,0.44971,-0.20528,1.07203,1.05772,0.52129,-0.35519,-0.01061,0.35141,-0.15274,-0.09759,1.86599,0.1158,-0.67497,-0.06298,-0.12134,0.75097,0.98508,-0.41638,2.09982,2.55902,1.23011,0.56877,1.29898,-0.40715,-2.65271,-0.2201,1.17611,2.15605,0.40257,-0.54077,0.62183,0.69463,0.25077,-0.17995,-0.18421,2.79162,1.03146,-0.21226,0.1471,0.83633,-1.20563,-1.53731,0.1924,-0.35908,0.5209,0.06031,1.64428,-1.21177,-0.41136,1.33276,0.94924,0.36041,1.17196,-0.41291,0.09558,-0.75399,-0.21633,-1.12256,-0.8986,-1.71621,-0.05605,2.54667
176,-0.72817,0.51382,0.79116,-0.77765,0.38557,1.02179,1.18768,-0.65718,-0.41232,0.9181,-1.80451,0.15245,0.84302,0.89438,0.04241,2.11252,0.49847,0.75454,-0.56567,0.14501,0.43833,2.26956,0.83704,0.13875,0.34167,-0.82839,-1.82895,-0.08121,1.11396,2.20104,-1.19419,0.48023,2.19615,1.69726,0.25776,-0.53578,-0.39024,1.89628,0.55281,-0.56659,0.85776,0.48212,-0.29023,0.36856,1.42079,0.96921,-0.9588,0.53642,0.90908,-0.94023,0.6181,0.52209,0.86178,-0.95016,1.81491,0.80876,0.31228,-1.8236,0.10959,0.58261,-0.6453,-0.65395,-0.23444,3.44486
177,-1.93505,0.71815,1.27059,-0.59237,-0.87602,0.83617,0.05753,0.67043,-0.66697,0.57426,-0.02216,1.5331,1.22476,0.71287,-0.51239,1.19399,0.13498,0.08138,-0.2801,-0.22309,-0.27209,2.16547,0.09299,1.01491,0.77432,-0.18008,-2.45499,-0.49658,0.07827,-0.49385,-1.75122,0.73161,2.3377,0.51273,1.65524,-0.03607,-1.71241,0.50942,0.74726,0.06905,-1.07256,1.84136,-0.77836,1.26065,1.18908,0.42128,-1.68947,0.87238,1.23095,0.56456,1.24249,-0.81755,0.24818,-0.61679,2.18725,0.93301,-0.25532,-1.07974,0.15205,0.30316,-0.07519,-0.19025,-1.38701,2.44923
178,0.0769,0.14814,0.6831,0.23387,-0.9533,-0.26253,-0.2836,1.5105,0.47961,1.22496,2.00502,0.01222,2.14228,2.01711,-0.02273,-0.72668,0.06399,-0.74578,-1.45273,-0.03429,-0.35498,1.40322,0.78669,0.25601,1.05484,-0.16491,-2.50745,1.14188,0.08479,0.06605,-1.87288,-1.35091,1.35946,0.47438,0.9154,0.54965,-1.76742,-0.91655,-0.1535,-0.14709,-0.35965,1.36739,0.0396,0.7986,1.23215,0.80367,-2.22686,0.39669,1.85914,0.40248,0.00453,0.51788,-0.28512,-0.6459,1.69528,-0.09535,-0.30128,-0.54255,1.46496,0.38902,-0.11981,-0.72344,-0.21594,3.49776
179,-1.29928,0.52812,1.47086,0.75088,-1.24197,0.19789,0.66363,0.33955,-1.46395,0.8873,0.08057,1.23776,2.31401,2.17535,0.04099,0.0197,1.25879,0.45358,-0.40551,0.22774,-0.85257,1.50039,0.31286,0.71892,0.7189,0.12813,-0.92566,-0.68092,1.03092,-0.18134,-1.96513,-0.69313,0.44939,-2.06062,1.22398,0.24331,-0.61743,-0.58909,0.68161,-1.03499,-0.12423,0.1335,0.84151,-0.17943,1.55846,1.82127,0.49453,-0.15242,0.52685,-1.49053,-0.66224,-0.03395,1.75983,-0.30701,1.94944,0.11041,0.0764,0.87814,-0.94253,-0.75825,-0.60807,-0.51673,-1.22372,3.64744
180,-0.66484,-0.58577,0.60873,-0.66033,-0.15384,0.03857,-0.65774,0.2734,-1.40267,0.1109,-0.61676,1.70951,2.99273,1.69607,-1.09789,-0.86869,1.37418,-0.0264,-0.92459,-1.04883,0.3508,-0.09456,0.71964,0.2173,0.6577,1.34824,-0.50546,-1.55981,2.33686,2.0211,-0.91281,0.3405,0.18883,0.10652,2.62206,3.01722,-0.97336,0.45348,-0.71566,-0.59447,0.55923,0.27682,0.3226,0.5013,1.18961,1.487,-0.54722,0.14275,0.46514,-0.83171,-1.20641,-0.3696,0.39968,0.57105,2.73416,-0.36796,-1.00143,0.7693,-0.1876,0.08683,0.00923,-0.79319,-0.15752,3.3751
181,-1.54466,0.55216,0.39066,-0.78905,-1.39717,-0.10002,-1.24999,0.38783,-1.32798,0.73574,-2.10844,1.65092,3.01489,0.22515,-0.59747,1.08115,1.77354,-0.68923,-1.28692,-0.11308,0.53721,0.71729,0.99295,1.05561,1.45612,0.50151,-1.81251,0.29914,0.61474,2.11833,-0.21566,-0.02931,1.4181,-1.54111,2.89108,1.87795,0.68898,0.90046,0.66753,-0.20567,0.70557,0.78114,0.15898,0.54015,0.30669,2.52091,-0.70326,-0.13953,0.65819,0.65471,-0.45871,1.05091,-0.34526,-0.75146,1.45837,-1.60474,-0.19321,1.72005,-0.43007,-0.95092,0.24194,-1.23859,-1.10894,1.93622
182,-0.52205,0.96952,0.99028,-1.73492,0.75607,-0.84262,-0.80557,-0.68263,-0.81221,0.30064,-2.18584,1.55377,2.86991,1.13995,-0.95463,0.49775,2.7327,-0.47111,-1.21238,0.75892,1.22631,0.80241,1.11657,1.79022,0.50787,0.57455,-2.17802,-0.4417,0.86622,2.14223,-0.29621,-1.44995,0.14197,0.61994,0.84466,0.88489,1.62857,-0.50139,1.26941,0.19195,0.54663,0.71999,-0.7165,0.75304,0.59047,0.20455,-0.39829,-1.56508,0.96626,1.16159,0.52044,1.29191,1.32952,-2.42007,1.4441,-0.62754,-0.88624,1.18134,-0.49289,-1.21386,-0.52915,-0.42012,1.01848,1.92279
183,-0.44606,1.80123,1.42,-2.32931,1.86563,1.246,-0.13079,-1.5004,-0.70656,0.829,-2.34917,1.29165,3.90244,-0.55811,-0.30096,-0.49297,-0.20027,-0.97924,-1.97432,1.00828,0.77208,0.58589,-0.34636,2.19065,0.66907,0.62005,-1.32714,2.08246,0.68408,1.05466,0.08139,-0.05258,1.4938,0.12892,0.38659,2.19688,0.98786,-1.30254,0.97078,-0.75784,0.97889,0.56735,-0.85293,1.09451,-0.79956,-0.41662,-1.55017,-0.41991,1.15435,0.65926,1.06971,1.99433,0.09758,-0.35834,0.59545,-0.22801,0.00832,1.75983,-1.61203,-2.11133,-0.77237,-1.06192,-0.0565,1.84786
184,-0.6221,1.4162,1.2576,-0.405,0.50734,1.93969,-0.13126,-1.83316,0.19417,1.19389,0.22141,0.64436,1.41654,-1.0312,1.21032,-0.47108,0.47851,0.85697,-1.51248,0.14982,1.71414,0.65299,-0.13324,1.10932,1.54051,0.13134,-0.50975,1.3616,1.22586,-0.23258,-1.07324,0.21074,1.83013,0.46224,0.02381,0.3083,0.3705,-1.84334,-0.23316,-0.11598,0.20612,0.42362,1.24269,2.14627,-1.18197,0.60428,-0.27817,-0.76386,0.9708,0.92197,0.99012,1.46732,0.06979,1.00437,1.14994,0.52214,0.4538,1.87981,0.08813,-0.79642,0.00113,-1.16366,-0.71888,1.78765
185,0.30011,1.07564,1.30097,-0.34473,0.70702,1.49089,0.859,-1.12629,0.40245,-0.47059,-1.42223,-0.16062,1.09302,0.03129,0.30023,-0.20445,1.36314,0.9242,-1.17014,-0.54693,0.05699,1.45355,-0.86851,-0.82774,1.14568,0.71994,-0.96672,1.56447,0.4121,-0.03285,-0.48417,0.15223,1.87583,-0.44398,-0.28778,1.31953,0.46888,0.22685,1.383,-0.38379,-0.34239,0.80393,-0.41315,0.60886,-1.1151,-0.55737,-1.72247,-0.13229,1.46881,1.04252,1.08229,0.60873,1.15943,1.13875,2.01565,0.72563,1.07833,1.43906,-0.83759,0.28476,2.4481,-0.05892,0.00294,0.84708
186,-0.81388,0.55347,0.595,0.07478,-0.16558,1.04959,0.25053,-0.72138,-0.02607,-0.31555,-0.04113,-1.0799,1.53009,-0.02588,-0.3303,-0.48095,1.25046,-0.85909,-0.60131,-1.36003,0.66461,1.91421,-1.08316,-1.97874,-1.0205,0.39791,-0.85207,2.16678,-0.92116,0.37648,0.58483,-0.35768,2.56074,-2e-05,-1.00327,0.96454,0.4996,-0.14852,-0.0136,-0.02309,-0.8085,0.63443,0.61429,0.63743,0.26338,-0.79066,-1.16511,-0.86275,1.42986,-0.45981,-1.09023,-0.55364,1.02471,1.40568,0.69803,-0.60581,0.61357,1.12111,0.86742,-0.60887,1.29827,-1.08433,0.39089,2.38465
187,-1.15585,0.42062,-0.67542,-2.55792,0.20931,-0.13507,-0.42551,-2.2881,-0.309,0.43001,-0.32105,-1.35635,0.85792,0.33679,0.25983,0.30036,0.66889,1.18498,-0.59541,-1.25906,1.25717,0.89549,-0.99381,-2.19438,-1.43502,1.84628,-0.94497,0.37389,-1.28802,0.66242,0.51631,-2.3628,1.71312,0.27509,-0.06567,-0.84367,0.69412,1.07335,-0.16452,0.89806,-0.05358,1.0447,-0.56951,0.0893,0.24898,0.27875,-1.24331,0.11104,1.57453,-0.15315,-0.73576,-0.49713,0.6679,0.02574,1.85603,-1.42461,0.18706,-1.18097,1.0527,-1.43603,0.78406,-1.41745,-0.53491,3.00076
188,-1.84566,-0.79859,-1.19034,-0.95063,-0.16856,-0.39356,-1.15741,-1.7862,0.58303,-1.08241,-0.62214,-1.1307,-0.25128,-0.80633,-0.17953,1.23598,0.57613,0.77647,-0.9054,-1.07625,-0.83299,1.6413,-0.4512,-2.34507,-0.04375,1.67745,-0.40534,-0.51619,-0.30623,0.11821,1.53521,-1.86251,2.20727,0.70406,0.02499,0.00373,1.04837,0.79249,0.95193,-1.05538,-0.85072,1.42194,-1.50861,0.59512,0.80529,-0.82174,-1.40824,-0.43465,1.87004,-0.39589,-0.33339,-0.07699,0.83369,-0.0922,1.64608,-1.27068,1.38024,-1.55402,1.11258,-0.86047,1.40933,-1.8229,-0.23135,1.03227
189,-1.27586,-2.26678,0.26601,0.21335,0.90985,0.13583,-0.52545,0.13151,-0.42682,-1.55769,-0.52555,-0.33479,-0.4303,0.40675,0.51217,2.21363,-0.01086,2.19596,-1.55843,0.11842,-0.47879,1.42655,0.70873,-1.69296,-0.95007,1.87852,0.38545,0.53513,-0.97646,0.02661,-0.74921,-1.75463,1.32804,0.37459,0.53936,0.18816,0.94448,0.13069,0.59762,-1.6705,-1.88409,1.47522,-0.41123,-0.41233,0.03944,0.31731,-0.658,-1.60208,3.18741,0.22855,0.14431,0.58433,1.17474,-0.21857,4.24689,0.72474,2.4689,-1.32041,-0.60929,-0.51296,1.07321,-1.91477,0.28386,0.50656
190,-2.03444,-2.14077,1.08951,0.0704,1.40486,-0.58934,-0.919,-0.16464,0.2773,-0.6269,1.4681,0.11855,-0.26125,-0.40125,0.73405,1.61298,0.14569,1.26392,0.00577,0.93385,-0.79514,-0.21805,2.28654,-1.20043,-0.13958,2.19999,-0.37085,1.12256,0.60889,-0.05315,-0.25568,-2.44801,-0.60723,-1.60055,1.08447,-1.03954,1.1249,-0.2406,-1.21053,-0.52774,-1.60281,1.36934,-1.28382,0.44038,-0.5543,0.54205,-2.01486,-0.9873,2.82931,-0.09599,1.13317,-0.78068,0.2551,-0.06503,1.40507,0.45131,1.6306,-0.53708,0.60204,0.3333,-0.52599,-0.90066,0.89862,-0.84883
191,-2.10505,-0.30128,1.93134,-0.49628,0.07334,0.8409,-1.51975,-0.28322,-0.16596,-1.08813,1.05603,-0.78475,0.14094,-0.2435,-1.11159,0.24985,0.85215,2.5944,0.83358,0.67824,-0.68825,-0.0932,1.5496,-1.17344,-0.29128,2.13823,-0.81746,0.68821,0.191,-1.22145,-0.3534,-1.36049,1.72161,-1.61584,1.11307,-0.92568,0.85059,-0.56308,-0.38302,-0.55659,0.67662,1.47787,-0.28366,-0.02368,-1.87609,1.00295,-1.90036,-2.33865,1.33388,0.43325,0.75582,0.91171,0.50416,0.22965,-0.02511,-0.42425,0.85543,0.17739,0.44396,0.79409,-2.20677,-1.63298,-0.67625,0.40955
192,-0.8519,-0.21534,1.34535,-0.53791,-0.06761,0.4246,-1.85942,-0.01624,-0.35726,-1.88914,-0.20907,-0.33688,0.18468,1.64959,-0.86968,-0.08776,1.5171,2.44432,1.81451,-0.30554,0.53928,0.01876,0.86863,-1.90718,-0.37807,0.94507,0.24689,0.05331,0.62044,-1.26023,-1.20985,0.78359,1.93585,-1.1652,1.94097,0.13684,-0.7597,0.31522,0.33969,-0.16376,1.86488,0.64338,-1.20864,-0.60027,-1.33938,-0.21668,-1.32715,-1.60303,0.98727,0.63541,0.35129,1.14652,0.07226,2.00249,-1.22079,-1.22464,0.52761,-1.06324,-0.37927,1.46612,-1.66819,0.50942,-0.38815,-0.21066
193,-2.18019,-1.9435,2.90235,0.27067,-0.08561,1.61114,-0.3912,2.58069,-2.24499,-1.32085,-0.18732,-0.04126,1.51944,1.71287,-0.24626,0.11863,2.12405,1.91945,0.23948,0.27158,-0.3323,0.60336,0.83955,-0.84814,0.97536,-0.22828,-1.41011,0.32285,-0.97456,-0.33701,-1.65152,0.77505,0.66273,0.8823,1.94909,0.58703,-0.62947,-0.77031,-0.75155,0.48131,1.47114,-0.00949,-0.73862,0.90385,-0.0902,0.31609,-1.00876,-1.139,0.15715,-1.35166,-0.08994,0.05386,-0.67444,0.50746,0.60309,-0.95472,0.71014,0.63731,-1.2168,1.37082,-1.0677,-0.21901,-0.95002,-0.77404
194,-0.89769,0.0572,2.16292,-0.43165,-1.45474,1.42749,0.73868,1.30494,-0.84872,-1.17036,-1.45332,-0.56464,1.63296,1.39501,-0.17741,-0.81255,1.92298,0.16275,0.47047,0.65497,0.9675,0.30772,0.58051,-0.59095,0.21862,0.03385,-0.29322,-0.21801,-1.45594,-2.02844,-0.83086,0.8625,0.6362,3.01485,0.29438,1.29126,-1.31307,-1.08563,-0.45886,0.7405,1.20595,0.18901,0.39213,0.48651,1.12482,0.70502,1.56831,0.0858,-0.77316,-0.42348,0.84065,-0.36636,-0.21803,-0.378,-0.10477,0.41695,0.42446,0.61954,0.35302,0.50655,0.62201,-0.38715,-0.13831,0.06277
195,-1.99439,0.9159,1.93515,-1.17936,-1.08916,0.58286,-0.24257,2.42661,0.19556,-2.6549,-1.29638,0.38162,0.92122,2.43828,-0.71491,0.56525,1.21008,-0.39797,0.50127,-0.15951,-0.0173,1.11982,0.72857,-0.32344,0.51277,-0.22634,-0.286,-0.68127,0.36195,-2.25848,-0.33132,0.58464,1.03547,1.60071,1.23008,0.69466,-1.11526,0.23084,-1.11074,0.91621,1.15203,0.63463,-0.13759,0.81969,0.47078,0.46454,0.31879,0.96649,-1.0299,0.15261,0.58559,0.32742,-1.13613,-0.315,0.14396,0.40062,-0.05068,-0.76361,0.49797,-1.64921,1.035,-1.06677,-0.37487,0.21434
196,-1.50397,0.19742,2.05872,-1.54049,0.16235,0.70145,-0.42223,2.33562,0.20922,-2.95292,-0.74538,0.98778,0.30095,0.97736,-0.27808,-0.67414,1.40521,-0.3119,0.34705,0.98416,-0.61376,0.57516,0.61267,-1.31649,1.40694,-0.66175,0.16555,-0.17201,0.00037,-3.01804,-0.34104,1.12591,1.15517,0.18268,0.66246,1.48472,0.13937,-0.23468,-1.06449,-0.45971,0.56005,0.006,-0.57259,0.01944,-0.01422,0.13289,1.17887,1.45451,-1.58303,-0.32583,1.32601,0.59457,-2.89909,-1.32066,0.37561,0.81444,0.99629,0.15786,0.59395,-1.00453,-0.21671,-0.37375,-0.17633,-1.52557
197,-0.03376,-0.4308,1.00189,-0.56803,0.90557,1.19997,-0.83935,0.79149,0.48493,-1.22715,0.17258,0.94953,-0.75976,1.57895,0.35631,0.39209,0.0254,-0.48671,-0.05172,0.48682,0.20483,-0.39204,0.83857,0.09508,0.8079,-0.21057,0.163,-0.20336,0.77018,-1.19314,1.37698,1.57649,1.72424,-0.75581,0.61007,0.31768,1.04145,-0.66295,-0.64131,-1.23412,0.58122,0.56549,0.16624,0.95058,0.36457,-0.40698,1.56473,1.43588,-1.09428,-0.30825,0.68343,1.8506,-3.10696,-0.55799,0.39017,0.87369,1.31873,1.24362,0.96703,-1.40482,0.29269,-0.76078,0.30762,-1.82127
198,-0.02782,-0.61544,1.49595,-0.45376,0.44642,1.10671,-1.13277,0.09302,0.61326,-0.26629,0.60797,1.29121,-0.3099,1.41469,0.25868,-0.98697,-0.07223,-1.01333,0.01414,-0.23165,-0.01759,0.15466,1.02524,-0.19866,0.15598,0.22306,1.72925,-0.56188,-0.0494,-2.3331,0.19865,0.36079,1.46698,0.47935,-0.67877,-0.08408,-0.64869,-0.8399,-0.70909,-0.55775,1.04891,-0.06918,-0.11435,0.28858,0.49417,-0.4047,0.33868,0.11429,0.46569,-0.04394,-0.96091,1.49287,-0.55873,0.40448,1.5147,2.22608,0.84538,2.08298,0.02331,0.86163,1.4923,1.18488,1.3579,-0.9762
199,-1.46228,0.86678,1.56047,-1.42899,-0.26316,0.87348,-1.62114,-0.46326,1.34278,-0.7693,0.80233,0.64375,-1.04393,1.91473,0.00273,-0.79396,-0.09023,-0.98293,-0.38536,1.21151,-0.02437,-0.00135,2.3769,0.16381,-0.3903,-0.8625,0.48824,-0.90763,-0.29126,-0.74986,0.21294,-0.42315,0.05137,0.3358,-1.298,-0.62376,-0.79463,-0.01127,-0.54912,0.11473,1.28669,-0.32382,0.12254,-1.35176,0.34787,0.79377,-0.35929,-0.40392,-0.74108,0.30786,-1.4399,1.82303,-0.30007,1.04689,1.35438,0.87148,0.31977,2.58483,1.43111,1.91445,0.57764,0.26726,0.44208,-0.86157
